# OBJ generated by ONSHAPE BY PTC INC, 1.221 Units = meters
mtllib pollen.mtl
g am-5851: Pollen
v -0.0232279 -0.0225982 0.00953993 
v -0.0233435 -0.0227169 0.00895801 
v -0.0247762 -0.0236958 0.00944241 
v -0.0231505 -0.0224268 0.010115 
v -0.0246606 -0.0235771 0.0100243 
v -0.0245833 -0.0234057 0.0105994 
v -0.0245452 -0.0231837 0.011161 
v -0.0231168 -0.0222303 0.0106119 
v -0.0231124 -0.0222048 0.0106766 
v -0.023114 -0.0219346 0.0112179 
v -0.0245467 -0.0229135 0.0117023 
v -0.0245711 -0.0227269 0.0120072 
v -0.0231552 -0.0216195 0.0117328 
v -0.0246683 -0.0222421 0.0126996 
v -0.0232355 -0.0212632 0.0122152 
v -0.0231884 -0.0214721 0.0119324 
v -0.0245879 -0.0225984 0.0122172 
v -0.0246178 -0.0224659 0.0123966 
v -0.0233541 -0.0208698 0.0126594 
v -0.0235096 -0.020444 0.0130601 
v -0.0247869 -0.0218487 0.0131438 
v -0.0237 -0.0199907 0.0134128 
v -0.0249651 -0.0213686 0.0135868 
v -0.0249423 -0.0214229 0.0135445 
v -0.0251328 -0.0209696 0.0138972 
v -0.025356 -0.0204942 0.0141977 
v -0.0238728 -0.0196227 0.0136454 
v -0.0239232 -0.0195153 0.0137133 
v -0.0241766 -0.0190234 0.013958 
v -0.0256094 -0.0200023 0.0144424 
v -0.0258899 -0.0194996 0.0146284 
v -0.0243898 -0.0186414 0.0140994 
v -0.0244572 -0.0185207 0.0141441 
v -0.0247617 -0.018013 0.0142693 
v -0.0259077 -0.01947 0.0146357 
v -0.0250865 -0.0175064 0.0143323 
v -0.0261944 -0.0189919 0.0147537 
v -0.0265192 -0.0184854 0.0148167 
v -0.0268219 -0.0180424 0.0148167 
v -0.0254278 -0.0170069 0.0143323 
v -0.0272144 -0.017499 0.0147537 
v -0.0257817 -0.0165201 0.0142693 
v -0.0255369 -0.0168568 0.0143129 
v -0.0268606 -0.0179858 0.0148167 
v -0.0261439 -0.016052 0.0141441 
v -0.0265103 -0.0156078 0.013958 
v -0.0275767 -0.0170309 0.0146284 
v -0.0268765 -0.015193 0.0137133 
v -0.027943 -0.0165867 0.0144424 
v -0.0286709 -0.0157911 0.0138972 
v -0.0272382 -0.0148122 0.0134128 
v -0.027002 -0.0150609 0.013609 
v -0.0283679 -0.0161101 0.0141489 
v -0.0283092 -0.0161719 0.0141977 
v -0.0275912 -0.01447 0.0130601 
v -0.0279314 -0.0141704 0.0126594 
v -0.029024 -0.0154489 0.0135445 
v -0.0282547 -0.013917 0.0122152 
v -0.0293641 -0.0151493 0.0131438 
v -0.0285575 -0.0137126 0.0117328 
v -0.0296875 -0.0148959 0.0126996 
v -0.028836 -0.0135596 0.0112179 
v -0.0299902 -0.0146915 0.0122172 
v -0.0290872 -0.01346 0.0106766 
v -0.0302688 -0.0145385 0.0117023 
v -0.0293079 -0.0134148 0.010115 
v -0.029233 -0.0134301 0.0103057 
v -0.030693 -0.0144034 0.0107207 
v -0.0305199 -0.0144389 0.011161 
v -0.0294957 -0.0134245 0.00953993 
v -0.0307407 -0.0143937 0.0105994 
v -0.0296483 -0.0134891 0.00895801 
v -0.0309284 -0.0144034 0.0100243 
v -0.0297639 -0.0136078 0.00837609 
v -0.031081 -0.014468 0.00944241 
v -0.0311967 -0.0145867 0.00886049 
v -0.0312611 -0.0147295 0.0083814 
v -0.0298039 -0.0136963 0.00807901 
v -0.0298413 -0.0137792 0.00780099 
v -0.0298794 -0.0140013 0.00723946 
v -0.031274 -0.0147581 0.00828539 
v -0.0298778 -0.0142714 0.00669807 
v -0.0313121 -0.0149802 0.00772386 
v -0.0298366 -0.0145865 0.00618319 
v -0.0313106 -0.0152503 0.00718247 
v -0.0297563 -0.0149429 0.00570083 
v -0.0312694 -0.0155654 0.00666758 
v -0.0310763 -0.0162956 0.00576311 
v -0.0296377 -0.0153362 0.00525666 
v -0.029684 -0.0151825 0.00543029 
v -0.0311525 -0.016043 0.00604835 
v -0.031189 -0.0159218 0.00618523 
v -0.0297352 -0.0150127 0.005622 
v -0.0294822 -0.015762 0.00485589 
v -0.0310704 -0.0163151 0.00574106 
v -0.0292918 -0.0162153 0.0045032 
v -0.030915 -0.0167409 0.00534028 
v -0.0290686 -0.0166907 0.00420275 
v -0.0307245 -0.0171942 0.0049876 
v -0.0288152 -0.0171826 0.00395805 
v -0.0305013 -0.0176696 0.00468715 
v -0.0285346 -0.0176854 0.00377197 
v -0.0302479 -0.0181615 0.00444245 
v -0.0299673 -0.0186643 0.00425637 
v -0.0296637 -0.0191706 0.00413142 
v -0.0282436 -0.0181706 0.00365222 
v -0.0282301 -0.018193 0.00364669 
v -0.0279053 -0.0186996 0.00358368 
v -0.0296629 -0.0191719 0.00413109 
v -0.027564 -0.0191992 0.00358368 
v -0.0293381 -0.0196785 0.00406808 
v -0.0272101 -0.0196859 0.00364669 
v -0.0289967 -0.0201781 0.00406808 
v -0.0268479 -0.0201541 0.00377197 
v -0.0284841 -0.0208701 0.00418602 
v -0.0286429 -0.0206648 0.00413109 
v -0.0279143 -0.0215771 0.00444245 
v -0.0264815 -0.0205982 0.00395805 
v -0.0267641 -0.0202556 0.00381452 
v -0.0282806 -0.021133 0.00425637 
v -0.0261153 -0.0210131 0.00420275 
v -0.0275481 -0.021992 0.00468715 
v -0.0272679 -0.0222869 0.0049199 
v -0.0257536 -0.0213938 0.0045032 
v -0.0271864 -0.0223727 0.0049876 
v -0.0256873 -0.0214581 0.00456942 
v -0.0257186 -0.0214278 0.00453819 
v -0.0268333 -0.0227149 0.00534028 
v -0.0254006 -0.021736 0.00485589 
v -0.0250604 -0.0220356 0.00525666 
v -0.0268019 -0.0227426 0.00537734 
v -0.0261698 -0.023268 0.00618523 
v -0.0247371 -0.0222891 0.00570083 
v -0.0250069 -0.0220775 0.00533019 
v -0.0264792 -0.0230254 0.00576027 
v -0.0264932 -0.0230145 0.00574106 
v -0.0244343 -0.0224935 0.00618319 
v -0.0241558 -0.0226464 0.00669807 
v -0.0258671 -0.0234724 0.00666758 
v -0.0255885 -0.0236253 0.00718247 
v -0.0253374 -0.0237249 0.00772386 
v -0.0239258 -0.0227376 0.00719377 
v -0.0239046 -0.022746 0.00723946 
v -0.0236839 -0.0227913 0.00780099 
v -0.0252804 -0.0237366 0.00786886 
v -0.0253147 -0.0237296 0.00778151 
v -0.0249289 -0.0237604 0.00886049 
v -0.0234961 -0.0227815 0.00837609 
v -0.0236494 -0.0227895 0.00790661 
v -0.0251166 -0.0237702 0.00828539 
v -0.0234708 -0.0227708 0.0084726 
v -0.0248375 -0.0237218 0.00920876 
v 0.02255 0.027487 0 
v 0.0195554 0.0297001 0 
v 0.0194493 0.0297697 0 
v 0.0193539 0.0298319 1.39458e-20 
v 0.0179188 0.0307153 2.20248e-19 
v 0.0191515 0.0299622 4.34303e-20 
v 0.018744 0.0302188 1.02392e-19 
v 0.0162297 0.0316404 4.5539e-19 
v 0.0253897 0.0248878 0 
v 0.022652 0.0274117 0 
v 0.0161139 0.031692 4.70713e-19 
v 0.0127136 0.0332096 9.20981e-19 
v 0.0279317 0.0219968 0 
v 0.0254829 0.0248019 0 
v 0.012593 0.0332484 9.35948e-19 
v 0.00904847 0.0343895 1.37577e-18 
v 0.0301463 0.0188479 0 
v 0.0280151 0.0219014 0 
v 0.00892436 0.0344151 1.39021e-18 
v 0.00527727 0.0351662 1.81444e-18 
v 0.0320074 0.015478 0 
v 0.0302188 0.018744 0 
v 0.00515112 0.0351782 1.82817e-18 
v 0.00144419 0.0355307 2.23183e-18 
v 0.0334932 0.0119267 0 
v 0.0320682 0.0153669 0 
v 0.00131749 0.0355289 2.2447e-18 
v -0.00240581 0.0354785 2.62305e-18 
v 0.0345864 0.00823553 0 
v 0.0335417 0.0118096 0 
v -0.00253159 0.0354631 2.63491e-18 
v -0.00622761 0.0350104 2.98352e-18 
v 0.0352741 0.00444781 0 
v 0.0346219 0.00811391 0 
v -0.00635099 0.0349815 2.99424e-18 
v -0.0099764 0.0341319 3.30902e-18 
v 0.0355482 0.00060794 0 
v 0.0352962 0.00432305 0 
v -0.0100959 0.0340898 3.31845e-18 
v -0.0136082 0.0328532 3.59571e-18 
v 0.03556 1.38778e-17 0 
v 0.0355567 0.000481516 0 
v 0.0353845 -0.00323782 0 
v -0.0137225 0.0327984 3.60376e-18 
v -0.0170805 0.0311893 3.84025e-18 
v 0.034827 -0.00704458 0 
v 0.0353515 -0.00384471 0 
v -0.0171882 0.0311225 3.84682e-18 
v -0.0203525 0.0291597 4.03977e-18 
v 0.0338611 -0.0107687 0 
v 0.0347286 -0.00764435 0 
v -0.0204524 0.0290817 4.04478e-18 
v -0.0233859 0.0267883 4.19193e-18 
v 0.0324983 -0.0143666 0 
v 0.0336985 -0.0113544 0 
v -0.0234767 0.0266999 4.19532e-18 
v -0.0261452 0.0241028 4.29493e-18 
v 0.0307545 -0.0177961 0 
v 0.0322734 -0.0149313 0 
v -0.0262259 0.0240051 4.29667e-18 
v -0.0285979 0.0211347 4.34759e-18 
v 0.0286501 -0.0210169 0 
v 0.0304698 -0.0183331 0 
v -0.0286676 0.0210289 4.34764e-18 
v -0.0307153 0.0179188 4.34927e-18 
v 0.0262099 -0.0239914 0 
v 0.0283091 -0.02152 0 
v -0.0307731 0.0178061 4.34765e-18 
v -0.0324726 0.0144929 4.29996e-18 
v 0.0234623 -0.0266845 0 
v 0.0258164 -0.0244546 0 
v -0.0325179 0.0143745 4.29668e-18 
v -0.0338492 0.010897 4.20024e-18 
v 0.0204397 -0.0290648 0 
v 0.0230211 -0.0271025 0 
v -0.0338814 0.0107745 4.19534e-18 
v -0.034829 0.00717339 4.05127e-18 
v 0.0171774 -0.0311043 0 
v 0.0199558 -0.0294326 0 
v -0.0348478 0.00704808 4.04481e-18 
v -0.0354004 0.00336567 3.85481e-18 
v 0.0137137 -0.0327792 0 
v 0.0166566 -0.0314177 0 
v -0.0354055 0.00323906 3.84686e-18 
v -0.0355567 -0.000481516 3.61315e-18 
v 0.0100893 -0.0340698 0 
v 0.0131621 -0.0330344 0 
v -0.0355482 -0.00060794 3.60381e-18 
v -0.0352962 -0.00432305 3.32914e-18 
v 0.00634654 -0.0349609 0 
v 0.00951331 -0.0342638 0 
v -0.0352741 -0.00444781 3.3185e-18 
v -0.0346219 -0.00811391 3.00609e-18 
v 0.0025294 -0.0354421 0 
v 0.00575297 -0.0350916 0 
v -0.0345864 -0.00823553 2.99429e-18 
v -0.0335417 -0.0118096 2.64779e-18 
v -0.0013174 -0.0355078 0 
v 0.00192518 -0.0355078 0 
v -0.0334932 -0.0119267 2.63498e-18 
v -0.0320682 -0.0153669 2.25846e-18 
v -0.00514875 -0.0351573 0 
v -0.00192518 -0.0355078 0 
v -0.0320074 -0.015478 2.24477e-18 
v -0.0302188 -0.018744 1.84264e-18 
v -0.00891974 -0.0343945 0 
v -0.00575297 -0.0350916 0 
v -0.0301463 -0.0188479 1.82825e-18 
v -0.0280151 -0.0219014 1.40523e-18 
v -0.0125861 -0.0332285 0 
v -0.00951331 -0.0342638 0 
v -0.0279317 -0.0219968 1.39029e-18 
v -0.0254829 -0.0248019 9.51333e-19 
v -0.016105 -0.0316729 0 
v -0.0131621 -0.0330344 0 
v -0.0253897 -0.0248878 9.36028e-19 
v -0.022652 -0.0274117 4.86287e-19 
v -0.0193539 -0.0298319 0 
v -0.0191515 -0.0299622 0 
v -0.0194493 -0.0297697 0 
v -0.0166566 -0.0314177 0 
v -0.0183331 -0.0304698 0 
v -0.02255 -0.027487 4.70795e-19 
v -0.0195554 -0.0297001 1.55394e-20 
v -0.0154149 0.0107926 0.0301731 
v -0.0157246 0.0102733 0.0301945 
v -0.0160758 0.00978104 0.0301731 
v -0.0151502 0.0113329 0.0301089 
v -0.0149337 0.0118879 0.0300029 
v -0.0164643 0.00932163 0.0301089 
v -0.0148922 0.012029 0.0299661 
v -0.0168855 0.00890045 0.0300029 
v -0.0182949 0.0079131 0.0294481 
v -0.0186378 0.00775938 0.0292722 
v -0.0178063 0.00819203 0.0296705 
v -0.0173346 0.00852244 0.0298562 
v -0.0169981 0.00880571 0.0299661 
v -0.0212585 0.00745716 0.0275133 
v -0.0217034 0.00759247 0.0271262 
v -0.0203039 0.00736771 0.0282486 
v -0.0207902 0.00738195 0.0278889 
v -0.0198053 0.00741461 0.0285882 
v -0.0193004 0.00752209 0.0289038 
v -0.0187949 0.00768891 0.0291915 
v -0.0228471 0.00833965 0.0259417 
v -0.0231497 0.00869274 0.0255546 
v -0.0225024 0.00803631 0.0263358 
v -0.0234067 0.00909143 0.025179 
v -0.0221197 0.00778628 0.0267321 
v -0.0236151 0.00953104 0.0248193 
v -0.0237725 0.0100064 0.0244797 
v -0.0237504 0.0127141 0.0232117 
v -0.0239227 0.0115898 0.0236198 
v -0.0238635 0.0121494 0.0233974 
v -0.0239271 0.0110419 0.0238764 
v -0.0238769 0.010512 0.0241641 
v -0.0238426 0.0103463 0.0242676 
v -0.0227938 0.0148918 0.0228734 
v -0.0231035 0.0143724 0.0228948 
v -0.0233682 0.0138321 0.022959 
v -0.0224426 0.015384 0.0228948 
v -0.0220541 0.0158434 0.022959 
v -0.0235847 0.0132772 0.023065 
v -0.0236262 0.013136 0.0231018 
v -0.0216329 0.0162646 0.023065 
v -0.019218 0.017643 0.0241641 
v -0.0190525 0.0176782 0.0242676 
v -0.0211838 0.0166426 0.0232117 
v -0.0207121 0.016973 0.0233974 
v -0.0215203 0.0163594 0.0231018 
v -0.0202235 0.017252 0.0236198 
v -0.0197235 0.0174762 0.0238764 
v -0.016815 0.0175726 0.0259417 
v -0.0163987 0.0173788 0.0263358 
v -0.0177282 0.0177831 0.025179 
v -0.0172599 0.0177079 0.0255546 
v -0.0182145 0.0177974 0.0248193 
v -0.0187131 0.0177505 0.0244797 
v -0.0153687 0.0164723 0.0275133 
v -0.0151117 0.0160736 0.0278889 
v -0.0156713 0.0168254 0.0271262 
v -0.0149033 0.015634 0.0282486 
v -0.016016 0.0171288 0.0267321 
v -0.014746 0.0151586 0.0285882 
v -0.0146415 0.014653 0.0289038 
v -0.0145913 0.0141232 0.0291915 
v -0.014768 0.012451 0.0298562 
v -0.0146549 0.0130157 0.0296705 
v -0.0147369 0.0125825 0.0298164 
v -0.0145957 0.0135752 0.0294481 
v -0.0145927 0.0139509 0.0292722 
v 0.0227938 -0.0148918 0.0228734 
v 0.0231035 -0.0143724 0.0228948 
v 0.0233682 -0.0138321 0.022959 
v 0.0224426 -0.015384 0.0228948 
v 0.0235847 -0.0132772 0.023065 
v 0.0220541 -0.0158434 0.022959 
v 0.0216329 -0.0162646 0.023065 
v 0.0236262 -0.013136 0.0231018 
v 0.019218 -0.017643 0.0241641 
v 0.0190525 -0.0176782 0.0242676 
v 0.0211838 -0.0166426 0.0232117 
v 0.0207121 -0.016973 0.0233974 
v 0.0215203 -0.0163594 0.0231018 
v 0.0202235 -0.017252 0.0236198 
v 0.0197235 -0.0174762 0.0238764 
v 0.016815 -0.0175726 0.0259417 
v 0.0163987 -0.0173788 0.0263358 
v 0.0177282 -0.0177831 0.025179 
v 0.0172599 -0.0177079 0.0255546 
v 0.0182145 -0.0177974 0.0248193 
v 0.0187131 -0.0177505 0.0244797 
v 0.0153687 -0.0164723 0.0275133 
v 0.0151117 -0.0160736 0.0278889 
v 0.0156713 -0.0168254 0.0271262 
v 0.0149033 -0.015634 0.0282486 
v 0.016016 -0.0171288 0.0267321 
v 0.014746 -0.0151586 0.0285882 
v 0.0146415 -0.014653 0.0289038 
v 0.0145913 -0.0141232 0.0291915 
v 0.014768 -0.012451 0.0298562 
v 0.0145927 -0.0139509 0.0292722 
v 0.0145957 -0.0135752 0.0294481 
v 0.0146549 -0.0130157 0.0296705 
v 0.0154149 -0.0107926 0.0301731 
v 0.0157246 -0.0102733 0.0301945 
v 0.0160758 -0.00978104 0.0301731 
v 0.0151502 -0.0113329 0.0301089 
v 0.0149337 -0.0118879 0.0300029 
v 0.0164643 -0.00932163 0.0301089 
v 0.0168855 -0.00890045 0.0300029 
v 0.0148922 -0.012029 0.0299661 
v 0.0182949 -0.0079131 0.0294481 
v 0.0186378 -0.00775938 0.0292722 
v 0.0178063 -0.00819203 0.0296705 
v 0.0173346 -0.00852244 0.0298562 
v 0.0169981 -0.00880571 0.0299661 
v 0.0212585 -0.00745716 0.0275133 
v 0.0217034 -0.00759247 0.0271262 
v 0.0203039 -0.00736771 0.0282486 
v 0.0207902 -0.00738195 0.0278889 
v 0.0198053 -0.00741461 0.0285882 
v 0.0193004 -0.00752209 0.0289038 
v 0.0187949 -0.00768891 0.0291915 
v 0.0228471 -0.00833965 0.0259417 
v 0.0231497 -0.00869274 0.0255546 
v 0.0225024 -0.00803631 0.0263358 
v 0.0234067 -0.00909143 0.025179 
v 0.0221197 -0.00778628 0.0267321 
v 0.0236151 -0.00953104 0.0248193 
v 0.0237725 -0.0100064 0.0244797 
v 0.0237504 -0.0127141 0.0232117 
v 0.0238635 -0.0121494 0.0233974 
v 0.0237815 -0.0125825 0.0232515 
v 0.0239227 -0.0115898 0.0236198 
v 0.0239271 -0.0110419 0.0238764 
v 0.0238769 -0.010512 0.0241641 
v 0.0238426 -0.0103463 0.0242676 
v -0.0107926 -0.0154149 0.0301731 
v -0.0102733 -0.0157246 0.0301945 
v -0.00978104 -0.0160758 0.0301731 
v -0.0113329 -0.0151502 0.0301089 
v -0.0117393 -0.0149917 0.0300313 
v -0.00932163 -0.0164643 0.0301089 
v -0.00768891 -0.0187949 0.0291915 
v -0.00768095 -0.0188191 0.0291778 
v -0.00890045 -0.0168855 0.0300029 
v -0.00852244 -0.0173346 0.0298562 
v -0.00819203 -0.0178063 0.0296705 
v -0.00901326 -0.0167727 0.0300313 
v -0.0079131 -0.0182949 0.0294481 
v -0.00752209 -0.0193004 0.0289038 
v -0.00741461 -0.0198053 0.0285882 
v -0.00759247 -0.0217034 0.0271262 
v -0.00740679 -0.0198884 0.0285316 
v -0.00736771 -0.0203039 0.0282486 
v -0.00738195 -0.0207902 0.0278889 
v -0.00745716 -0.0212585 0.0275133 
v -0.00778628 -0.0221197 0.0267321 
v -0.00869274 -0.0231497 0.0255546 
v -0.00833965 -0.0228471 0.0259417 
v -0.00909143 -0.0234067 0.025179 
v -0.00803631 -0.0225024 0.0263358 
v -0.00953104 -0.0236151 0.0248193 
v -0.0100064 -0.0237725 0.0244797 
v -0.00791955 -0.0223237 0.0265209 
v -0.010512 -0.0238769 0.0241641 
v -0.0109383 -0.0239173 0.0239327 
v -0.010636 -0.0238886 0.0240968 
v -0.0132772 -0.0235847 0.023065 
v -0.0127141 -0.0237504 0.0232117 
v -0.0121494 -0.0238635 0.0233974 
v -0.0115898 -0.0239227 0.0236198 
v -0.0110419 -0.0239271 0.0238764 
v -0.0148918 -0.0227938 0.0228734 
v -0.0143724 -0.0231035 0.0228948 
v -0.015384 -0.0224426 0.0228948 
v -0.0138321 -0.0233682 0.022959 
v -0.0158434 -0.0220541 0.022959 
v -0.0158753 -0.0220223 0.022967 
v -0.0162646 -0.0216329 0.023065 
v -0.0166426 -0.0211838 0.0232117 
v -0.016973 -0.0207121 0.0233974 
v -0.017252 -0.0202235 0.0236198 
v -0.0174762 -0.0197235 0.0238764 
v -0.0175088 -0.0196246 0.0239327 
v -0.0177831 -0.0177282 0.025179 
v -0.0177079 -0.0172599 0.0255546 
v -0.0177974 -0.0182145 0.0248193 
v -0.0175726 -0.016815 0.0259417 
v -0.0177505 -0.0187131 0.0244797 
v -0.017643 -0.019218 0.0241641 
v -0.0173788 -0.0163987 0.0263358 
v -0.0176039 -0.0193363 0.0240968 
v -0.015634 -0.0149033 0.0282486 
v -0.0152379 -0.0147722 0.0285316 
v -0.0160736 -0.0151117 0.0278889 
v -0.0164723 -0.0153687 0.0275133 
v -0.0168254 -0.0156713 0.0271262 
v -0.0171288 -0.016016 0.0267321 
v -0.017262 -0.01622 0.0265209 
v -0.0151586 -0.014746 0.0285882 
v -0.014653 -0.0146415 0.0289038 
v -0.012451 -0.014768 0.0298562 
v -0.0130157 -0.0146549 0.0296705 
v -0.0125825 -0.0147369 0.0298164 
v -0.0135752 -0.0145957 0.0294481 
v -0.0118879 -0.0149337 0.0300029 
v -0.0141232 -0.0145913 0.0291915 
v -0.0141485 -0.0145937 0.0291778 
v -0.0039648 -0.0322523 0.0144424 
v -0.00343777 -0.032421 0.0141977 
v -0.00451868 -0.0320952 0.0146284 
v -0.00509293 -0.0319516 0.0147537 
v -0.00574814 -0.0318103 0.0148169 
v -0.00568081 -0.031823 0.0148167 
v -0.00248861 -0.0327851 0.0135445 
v -0.00207761 -0.0329763 0.0131438 
v -0.00294378 -0.0325993 0.0138972 
v -0.00335766 -0.0324499 0.0141489 
v -0.0014068 -0.0333658 0.0122172 
v -0.00115486 -0.0335594 0.0117023 
v -0.00171559 -0.0331706 0.0126996 
v -0.000962721 -0.0337494 0.011161 
v -0.000832633 -0.0339334 0.0105994 
v -0.000766125 -0.0341092 0.0100243 
v -0.000763976 -0.0342749 0.00944241 
v -0.000860721 -0.0338936 0.0107207 
v -0.000826211 -0.0344285 0.00886049 
v -0.00205191 -0.0349578 0.00618523 
v -0.000931083 -0.0345449 0.0083814 
v -0.0009521 -0.0345682 0.00828539 
v -0.00114017 -0.0346923 0.00772386 
v -0.00138821 -0.0347994 0.00718247 
v -0.00169332 -0.0348882 0.00666758 
v -0.00392877 -0.0350301 0.00468715 
v -0.00448106 -0.0349957 0.00444245 
v -0.00340375 -0.0350436 0.0049876 
v -0.00291217 -0.0350359 0.00534028 
v -0.00245979 -0.0350072 0.00574106 
v -0.00243954 -0.0350047 0.00576311 
v -0.00505416 -0.0349407 0.00425637 
v -0.00741823 -0.0345314 0.00413109 
v -0.00767 -0.0344684 0.00418602 
v -0.00683035 -0.0346599 0.00406808 
v -0.00623573 -0.0347718 0.00406808 
v -0.00564135 -0.0348658 0.00413109 
v -0.00563978 -0.034866 0.00413142 
v -0.0090734 -0.034062 0.00468715 
v -0.00945608 -0.0339238 0.0049199 
v -0.00854637 -0.0342307 0.00444245 
v -0.00799248 -0.0343877 0.00425637 
v -0.00956739 -0.0338837 0.0049876 
v -0.0100226 -0.0336978 0.00534028 
v -0.0104336 -0.0335066 0.00574106 
v -0.0104492 -0.0334982 0.00576027 
v -0.0100606 -0.0336801 0.00537734 
v -0.0107956 -0.0333123 0.00618523 
v -0.0111044 -0.0331172 0.00666758 
v -0.0113563 -0.0329235 0.00718247 
v -0.0115484 -0.0327336 0.00772386 
v -0.0115618 -0.0327147 0.00778151 
v -0.011582 -0.0326861 0.00786886 
v -0.0116785 -0.0325496 0.00828539 
v -0.011745 -0.0323737 0.00886049 
v -0.0117463 -0.0322746 0.00920876 
v -0.0117472 -0.032208 0.00944241 
v -0.011685 -0.0320545 0.0100243 
v -0.0115591 -0.0319148 0.0105994 
v -0.011371 -0.0317907 0.011161 
v -0.011123 -0.0316836 0.0117023 
v -0.0109423 -0.031631 0.0120072 
v -0.0108178 -0.0315947 0.0122172 
v -0.00959899 -0.0314471 0.0135445 
v -0.00954013 -0.0314462 0.0135868 
v -0.0100514 -0.0314758 0.0131438 
v -0.0104593 -0.0315252 0.0126996 
v -0.0106845 -0.0315689 0.0123966 
v -0.0085824 -0.0314529 0.0141977 
v -0.0080301 -0.0314873 0.0144424 
v -0.00910741 -0.0314394 0.0138972 
v -0.007457 -0.0315423 0.0146284 
v -0.00625558 -0.0317146 0.0148178 
v -0.00627543 -0.0317111 0.0148167 
v -0.00686982 -0.0316172 0.0147537 
v -0.00742281 -0.0315466 0.0146357 
v 0.0148959 -0.0296875 0.0126996 
v 0.0144034 -0.0309284 0.0100243 
v 0.0143937 -0.0307407 0.0105994 
v 0.0144389 -0.0305199 0.011161 
v 0.0144303 -0.030992 0.00978199 
v 0.0145385 -0.0302688 0.0117023 
v 0.0146915 -0.0299902 0.0122172 
v 0.0149267 -0.0296482 0.0127535 
v 0.0151493 -0.0293641 0.0131438 
v 0.0165867 -0.027943 0.0144424 
v 0.0161719 -0.0283092 0.0141977 
v 0.0157911 -0.0286709 0.0138972 
v 0.0154489 -0.029024 0.0135445 
v 0.0152744 -0.0292222 0.013311 
v 0.0170309 -0.0275767 0.0146284 
v 0.017499 -0.0272144 0.0147537 
v 0.0200023 -0.0256094 0.0144424 
v 0.0202876 -0.0254624 0.0143005 
v 0.0179858 -0.0268606 0.0148167 
v 0.0184854 -0.0265192 0.0148167 
v 0.0189919 -0.0261944 0.0147537 
v 0.0194996 -0.0258899 0.0146284 
v 0.0175424 -0.0271829 0.0147593 
v 0.0204942 -0.025356 0.0141977 
v 0.0209696 -0.0251328 0.0138972 
v 0.0225984 -0.0245879 0.0122172 
v 0.0229135 -0.0245467 0.0117023 
v 0.0222421 -0.0246683 0.0126996 
v 0.0218487 -0.0247869 0.0131438 
v 0.0214229 -0.0249423 0.0135445 
v 0.021034 -0.0251057 0.0138471 
v 0.0231837 -0.0245452 0.011161 
v 0.0235771 -0.0246606 0.0100243 
v 0.0236958 -0.0247762 0.00944241 
v 0.0234057 -0.0245833 0.0105994 
v 0.0237604 -0.0249289 0.00886049 
v 0.0232182 -0.0245511 0.0110737 
v 0.0237702 -0.0251166 0.00828539 
v 0.0237249 -0.0253374 0.00772386 
v 0.023268 -0.0261698 0.00618523 
v 0.023063 -0.0264313 0.00582608 
v 0.0234724 -0.0258671 0.00666758 
v 0.0236253 -0.0255885 0.00718247 
v 0.0236707 -0.0254742 0.00742893 
v 0.021133 -0.0282806 0.00425637 
v 0.021992 -0.0275481 0.00468715 
v 0.0215771 -0.0279143 0.00444245 
v 0.0223727 -0.0271864 0.0049876 
v 0.0206648 -0.0286429 0.00413109 
v 0.0227149 -0.0268333 0.00534028 
v 0.0230145 -0.0264932 0.00574106 
v 0.0191719 -0.0296629 0.00413109 
v 0.0186643 -0.0299673 0.00425637 
v 0.0196785 -0.0293381 0.00406808 
v 0.0181615 -0.0302479 0.00444245 
v 0.0201781 -0.0289967 0.00406808 
v 0.0176696 -0.0305013 0.00468715 
v 0.0171942 -0.0307245 0.0049876 
v 0.0202447 -0.0289483 0.0040767 
v 0.0159218 -0.031189 0.00618523 
v 0.0155885 -0.0312642 0.00663641 
v 0.0163151 -0.0310704 0.00574106 
v 0.0167409 -0.030915 0.00534028 
v 0.0168168 -0.0308831 0.00528123 
v 0.0147581 -0.031274 0.00828539 
v 0.0149802 -0.0313121 0.00772386 
v 0.0145867 -0.0311967 0.00886049 
v 0.0152503 -0.0313106 0.00718247 
v 0.014468 -0.031081 0.00944241 
v 0.0155654 -0.0312694 0.00666758 
v -0.0327851 0.00248861 0.0135445 
v -0.0328965 0.00224914 0.013311 
v -0.0320952 0.00451868 0.0146284 
v -0.0322523 0.0039648 0.0144424 
v -0.032421 0.00343777 0.0141977 
v -0.0325993 0.00294378 0.0138972 
v -0.0319516 0.00509293 0.0147537 
v -0.0319401 0.00514532 0.0147593 
v -0.0329763 0.00207761 0.0131438 
v -0.0339334 0.000832633 0.0105994 
v -0.0337494 0.000962721 0.011161 
v -0.0335594 0.00115486 0.0117023 
v -0.0341092 0.000766125 0.0100243 
v -0.0333658 0.0014068 0.0122172 
v -0.0331706 0.00171559 0.0126996 
v -0.033147 0.00175957 0.0127535 
v -0.0344285 0.000826211 0.00886049 
v -0.0345682 0.0009521 0.00828539 
v -0.0342749 0.000763976 0.00944241 
v -0.0346923 0.00114017 0.00772386 
v -0.0341782 0.00076523 0.00978199 
v -0.0347994 0.00138821 0.00718247 
v -0.0348882 0.00169332 0.00666758 
v -0.0350359 0.00291217 0.00534028 
v -0.0350372 0.00299448 0.00528123 
v -0.0348927 0.00171649 0.00663641 
v -0.0349578 0.00205191 0.00618523 
v -0.0350072 0.00245979 0.00574106 
v -0.0348658 0.00564135 0.00413109 
v -0.0349957 0.00448106 0.00444245 
v -0.0349407 0.00505416 0.00425637 
v -0.0350301 0.00392877 0.00468715 
v -0.0347718 0.00623573 0.00406808 
v -0.0350436 0.00340375 0.0049876 
v -0.0346599 0.00683035 0.00406808 
v -0.0343877 0.00799248 0.00425637 
v -0.0342307 0.00854637 0.00444245 
v -0.0345314 0.00741823 0.00413109 
v -0.034062 0.0090734 0.00468715 
v -0.0346423 0.00691082 0.0040767 
v -0.0338837 0.00956739 0.0049876 
v -0.0336978 0.0100226 0.00534028 
v -0.0335066 0.0104336 0.00574106 
v -0.0329235 0.0113563 0.00718247 
v -0.0328371 0.0114438 0.00742893 
v -0.0334694 0.0105028 0.00582608 
v -0.0333123 0.0107956 0.00618523 
v -0.0331172 0.0111044 0.00666758 
v -0.032208 0.0117472 0.00944241 
v -0.0323737 0.011745 0.00886049 
v -0.0320545 0.011685 0.0100243 
v -0.0325496 0.0116785 0.00828539 
v -0.0319148 0.0115591 0.0105994 
v -0.0327336 0.0115484 0.00772386 
v -0.0314471 0.00959899 0.0135445 
v -0.0314405 0.00917727 0.0138471 
v -0.0316836 0.011123 0.0117023 
v -0.0315947 0.0108178 0.0122172 
v -0.0317907 0.011371 0.011161 
v -0.0315252 0.0104593 0.0126996 
v -0.0314758 0.0100514 0.0131438 
v -0.03181 0.0114002 0.0110737 
v -0.0314394 0.00910741 0.0138972 
v -0.0314529 0.0085824 0.0141977 
v -0.0317111 0.00627543 0.0148167 
v -0.0317146 0.00625558 0.0148178 
v -0.0316172 0.00686982 0.0147537 
v -0.031823 0.00568081 0.0148167 
v -0.0315423 0.007457 0.0146284 
v -0.0314873 0.0080301 0.0144424 
v -0.0314673 0.00835037 0.0143005 
v 0.00253262 0.00498112 0.0351182 
v 0.00305632 0.0046781 0.0351182 
v 0.00197922 0.00522575 0.0351182 
v 0.0035442 0.00432023 0.0351182 
v 0.00399052 0.00391171 0.0351182 
v 0.00140261 0.00540911 0.0351182 
v 0.00439006 0.00345733 0.0351182 
v 0.00127616 0.00543468 0.0351182 
v 0.00556477 -0.000509037 0.0351182 
v 0.00554409 0.000699124 0.0351182 
v 0.00558718 9.56041e-05 0.0351182 
v 0.005436 0.00129445 0.0351182 
v 0.00526418 0.0018746 0.0351182 
v 0.00503065 0.00243276 0.0351182 
v 0.00473813 0.00296241 0.0351182 
v 0.00446427 0.00335181 0.0351182 
v 0.00547711 -0.00110771 0.0351182 
v 0.00450577 -0.00330511 0.0351182 
v 0.00483671 -0.00279857 0.0351182 
v 0.00511093 -0.00225923 0.0351182 
v 0.00532524 -0.0016934 0.0351182 
v 0.00412202 -0.00377289 0.0351182 
v 0.00368993 -0.00419645 0.0351182 
v 0.00543918 -0.00125397 0.0351182 
v -0.000809561 -0.00552905 0.0351182 
v 0.00270155 -0.00489156 0.0351182 
v 0.00215684 -0.00515498 0.0351182 
v 0.00321458 -0.0045708 0.0351182 
v 0.00158685 -0.00535795 0.0351182 
v 0.00099825 -0.00549811 0.0351182 
v 0.000397948 -0.00557381 0.0351182 
v -0.00020702 -0.00558416 0.0351182 
v 0.00333329 -0.00447731 0.0351182 
v -0.00305632 -0.0046781 0.0351182 
v -0.00253262 -0.00498112 0.0351182 
v -0.00197922 -0.00522575 0.0351182 
v -0.0035442 -0.00432023 0.0351182 
v -0.00399052 -0.00391171 0.0351182 
v -0.00140261 -0.00540911 0.0351182 
v -0.00127616 -0.00543468 0.0351182 
v -0.00439006 -0.00345733 0.0351182 
v -0.00556477 0.000509037 0.0351182 
v -0.00554409 -0.000699124 0.0351182 
v -0.00558718 -9.56041e-05 0.0351182 
v -0.005436 -0.00129445 0.0351182 
v -0.00526418 -0.0018746 0.0351182 
v -0.00503065 -0.00243276 0.0351182 
v -0.00473813 -0.00296241 0.0351182 
v -0.00446427 -0.00335181 0.0351182 
v -0.00547711 0.00110771 0.0351182 
v -0.00450577 0.00330511 0.0351182 
v -0.00483671 0.00279857 0.0351182 
v -0.00511093 0.00225923 0.0351182 
v -0.00532524 0.0016934 0.0351182 
v -0.00412202 0.00377289 0.0351182 
v -0.00368993 0.00419645 0.0351182 
v -0.00543918 0.00125397 0.0351182 
v 0.000809561 0.00552905 0.0351182 
v -0.000397948 0.00557381 0.0351182 
v -1.00409e-17 0.005588 0.0351182 
v 0.00020702 0.00558416 0.0351182 
v -0.00099825 0.00549811 0.0351182 
v -0.00158685 0.00535795 0.0351182 
v -0.00215684 0.00515498 0.0351182 
v -0.00270155 0.00489156 0.0351182 
v -0.00321458 0.0045708 0.0351182 
v -0.00333329 0.00447731 0.0351182 
v -0.0148959 0.0296875 0.0126996 
v -0.0144034 0.0309284 0.0100243 
v -0.0143937 0.0307407 0.0105994 
v -0.0144389 0.0305199 0.011161 
v -0.0144303 0.030992 0.00978199 
v -0.0145385 0.0302688 0.0117023 
v -0.0146915 0.0299902 0.0122172 
v -0.0149267 0.0296482 0.0127535 
v -0.0151493 0.0293641 0.0131438 
v -0.0165867 0.027943 0.0144424 
v -0.0161719 0.0283092 0.0141977 
v -0.0157911 0.0286709 0.0138972 
v -0.0154489 0.029024 0.0135445 
v -0.0152744 0.0292222 0.013311 
v -0.0170309 0.0275767 0.0146284 
v -0.017499 0.0272144 0.0147537 
v -0.0200023 0.0256094 0.0144424 
v -0.0202876 0.0254624 0.0143005 
v -0.0179858 0.0268606 0.0148167 
v -0.0184854 0.0265192 0.0148167 
v -0.0189919 0.0261944 0.0147537 
v -0.0194996 0.0258899 0.0146284 
v -0.0175424 0.0271829 0.0147593 
v -0.0204942 0.025356 0.0141977 
v -0.0209696 0.0251328 0.0138972 
v -0.0225984 0.0245879 0.0122172 
v -0.0229135 0.0245467 0.0117023 
v -0.0222421 0.0246683 0.0126996 
v -0.0218487 0.0247869 0.0131438 
v -0.0214229 0.0249423 0.0135445 
v -0.021034 0.0251057 0.0138471 
v -0.0231837 0.0245452 0.011161 
v -0.0235771 0.0246606 0.0100243 
v -0.0236958 0.0247762 0.00944241 
v -0.0234057 0.0245833 0.0105994 
v -0.0237604 0.0249289 0.00886049 
v -0.0232182 0.0245511 0.0110737 
v -0.0237702 0.0251166 0.00828539 
v -0.0237249 0.0253374 0.00772386 
v -0.023268 0.0261698 0.00618523 
v -0.023063 0.0264313 0.00582608 
v -0.0234724 0.0258671 0.00666758 
v -0.0236253 0.0255885 0.00718247 
v -0.0236707 0.0254742 0.00742893 
v -0.021133 0.0282806 0.00425637 
v -0.021992 0.0275481 0.00468715 
v -0.0215771 0.0279143 0.00444245 
v -0.0223727 0.0271864 0.0049876 
v -0.0206648 0.0286429 0.00413109 
v -0.0227149 0.0268333 0.00534028 
v -0.0230145 0.0264932 0.00574106 
v -0.0191719 0.0296629 0.00413109 
v -0.0186643 0.0299673 0.00425637 
v -0.0196785 0.0293381 0.00406808 
v -0.0181615 0.0302479 0.00444245 
v -0.0201781 0.0289967 0.00406808 
v -0.0176696 0.0305013 0.00468715 
v -0.0171942 0.0307245 0.0049876 
v -0.0202447 0.0289483 0.0040767 
v -0.0159218 0.031189 0.00618523 
v -0.0155885 0.0312642 0.00663641 
v -0.0163151 0.0310704 0.00574106 
v -0.0167409 0.030915 0.00534028 
v -0.0168168 0.0308831 0.00528123 
v -0.0147581 0.031274 0.00828539 
v -0.0149802 0.0313121 0.00772386 
v -0.0145867 0.0311967 0.00886049 
v -0.0152503 0.0313106 0.00718247 
v -0.014468 0.031081 0.00944241 
v -0.0155654 0.0312694 0.00666758 
v 0.0090734 0.034062 0.00468715 
v 0.00945608 0.0339238 0.0049199 
v 0.00854637 0.0342307 0.00444245 
v 0.00799248 0.0343877 0.00425637 
v 0.00767 0.0344684 0.00418602 
v 0.00956739 0.0338837 0.0049876 
v 0.0100226 0.0336978 0.00534028 
v 0.0104336 0.0335066 0.00574106 
v 0.0104492 0.0334982 0.00576027 
v 0.0100606 0.0336801 0.00537734 
v 0.0107956 0.0333123 0.00618523 
v 0.0111044 0.0331172 0.00666758 
v 0.0113563 0.0329235 0.00718247 
v 0.0115484 0.0327336 0.00772386 
v 0.0115618 0.0327147 0.00778151 
v 0.011582 0.0326861 0.00786886 
v 0.0116785 0.0325496 0.00828539 
v 0.011745 0.0323737 0.00886049 
v 0.0117463 0.0322746 0.00920876 
v 0.0117472 0.032208 0.00944241 
v 0.011685 0.0320545 0.0100243 
v 0.0115591 0.0319148 0.0105994 
v 0.011371 0.0317907 0.011161 
v 0.011123 0.0316836 0.0117023 
v 0.0109423 0.031631 0.0120072 
v 0.0108178 0.0315947 0.0122172 
v 0.00959899 0.0314471 0.0135445 
v 0.00954013 0.0314462 0.0135868 
v 0.0100514 0.0314758 0.0131438 
v 0.0104593 0.0315252 0.0126996 
v 0.0106845 0.0315689 0.0123966 
v 0.0085824 0.0314529 0.0141977 
v 0.0080301 0.0314873 0.0144424 
v 0.00910741 0.0314394 0.0138972 
v 0.007457 0.0315423 0.0146284 
v 0.00627543 0.0317111 0.0148167 
v 0.00574824 0.0318104 0.0148167 
v 0.00686982 0.0316172 0.0147537 
v 0.00742281 0.0315466 0.0146357 
v 0.0039648 0.0322523 0.0144424 
v 0.00343777 0.032421 0.0141977 
v 0.00451868 0.0320952 0.0146284 
v 0.00509293 0.0319516 0.0147537 
v 0.00568081 0.031823 0.0148167 
v 0.00248861 0.0327851 0.0135445 
v 0.00207761 0.0329763 0.0131438 
v 0.00294378 0.0325993 0.0138972 
v 0.00335766 0.0324499 0.0141489 
v 0.0014068 0.0333658 0.0122172 
v 0.00115486 0.0335594 0.0117023 
v 0.00171559 0.0331706 0.0126996 
v 0.000962721 0.0337494 0.011161 
v 0.000832633 0.0339334 0.0105994 
v 0.000766125 0.0341092 0.0100243 
v 0.000763976 0.0342749 0.00944241 
v 0.000860721 0.0338936 0.0107207 
v 0.000826211 0.0344285 0.00886049 
v 0.00205191 0.0349578 0.00618523 
v 0.000931083 0.0345449 0.0083814 
v 0.0009521 0.0345682 0.00828539 
v 0.00114017 0.0346923 0.00772386 
v 0.00138821 0.0347994 0.00718247 
v 0.00169332 0.0348882 0.00666758 
v 0.00392877 0.0350301 0.00468715 
v 0.00448106 0.0349957 0.00444245 
v 0.00340375 0.0350436 0.0049876 
v 0.00291217 0.0350359 0.00534028 
v 0.00245979 0.0350072 0.00574106 
v 0.00243954 0.0350047 0.00576311 
v 0.00505416 0.0349407 0.00425637 
v 0.00741823 0.0345314 0.00413109 
v 0.00623573 0.0347718 0.00406808 
v 0.00625558 0.0347684 0.00406706 
v 0.00564135 0.0348658 0.00413109 
v 0.00683035 0.0346599 0.00406808 
v 0.00563978 0.034866 0.00413142 
v 0.0302688 0.0145385 0.0117023 
v 0.0305199 0.0144389 0.011161 
v 0.0299902 0.0146915 0.0122172 
v 0.030693 0.0144034 0.0107207 
v 0.0293641 0.0151493 0.0131438 
v 0.029024 0.0154489 0.0135445 
v 0.0296875 0.0148959 0.0126996 
v 0.0286709 0.0157911 0.0138972 
v 0.0283092 0.0161719 0.0141977 
v 0.027943 0.0165867 0.0144424 
v 0.0275767 0.0170309 0.0146284 
v 0.0283679 0.0161101 0.0141489 
v 0.0272144 0.017499 0.0147537 
v 0.0268606 0.0179858 0.0148167 
v 0.0261944 0.0189919 0.0147537 
v 0.0259077 0.01947 0.0146357 
v 0.0268219 0.0180424 0.0148167 
v 0.0265192 0.0184854 0.0148167 
v 0.0258899 0.0194996 0.0146284 
v 0.0256094 0.0200023 0.0144424 
v 0.025356 0.0204942 0.0141977 
v 0.0251328 0.0209696 0.0138972 
v 0.0249423 0.0214229 0.0135445 
v 0.0247869 0.0218487 0.0131438 
v 0.0249651 0.0213686 0.0135868 
v 0.0246683 0.0222421 0.0126996 
v 0.0245711 0.0227269 0.0120072 
v 0.0245879 0.0225984 0.0122172 
v 0.0246178 0.0224659 0.0123966 
v 0.0247762 0.0236958 0.00944241 
v 0.0248375 0.0237218 0.00920876 
v 0.0246606 0.0235771 0.0100243 
v 0.0245833 0.0234057 0.0105994 
v 0.0245452 0.0231837 0.011161 
v 0.0245467 0.0229135 0.0117023 
v 0.0249289 0.0237604 0.00886049 
v 0.0251166 0.0237702 0.00828539 
v 0.0252804 0.0237366 0.00786886 
v 0.0253147 0.0237296 0.00778151 
v 0.0255885 0.0236253 0.00718247 
v 0.0258671 0.0234724 0.00666758 
v 0.0253374 0.0237249 0.00772386 
v 0.0261698 0.023268 0.00618523 
v 0.0264932 0.0230145 0.00574106 
v 0.0268019 0.0227426 0.00537734 
v 0.0264792 0.0230254 0.00576027 
v 0.0268333 0.0227149 0.00534028 
v 0.0271864 0.0223727 0.0049876 
v 0.0272679 0.0222869 0.0049199 
v 0.0275481 0.021992 0.00468715 
v 0.0279143 0.0215771 0.00444245 
v 0.0282806 0.021133 0.00425637 
v 0.0289967 0.0201781 0.00406808 
v 0.0284841 0.0208701 0.00418602 
v 0.0286429 0.0206648 0.00413109 
v 0.0293381 0.0196785 0.00406808 
v 0.0296629 0.0191719 0.00413109 
v 0.0310704 0.0163151 0.00574106 
v 0.0310763 0.0162956 0.00576311 
v 0.0302479 0.0181615 0.00444245 
v 0.0305013 0.0176696 0.00468715 
v 0.0299673 0.0186643 0.00425637 
v 0.0307245 0.0171942 0.0049876 
v 0.030915 0.0167409 0.00534028 
v 0.0296637 0.0191706 0.00413142 
v 0.031274 0.0147581 0.00828539 
v 0.0312611 0.0147295 0.0083814 
v 0.0313121 0.0149802 0.00772386 
v 0.0313106 0.0152503 0.00718247 
v 0.0312694 0.0155654 0.00666758 
v 0.031189 0.0159218 0.00618523 
v 0.0311525 0.016043 0.00604835 
v 0.0309284 0.0144034 0.0100243 
v 0.031081 0.014468 0.00944241 
v 0.0311967 0.0145867 0.00886049 
v 0.0307407 0.0143937 0.0105994 
v 0.0343877 -0.00799248 0.00425637 
v 0.0342307 -0.00854637 0.00444245 
v 0.0345314 -0.00741823 0.00413109 
v 0.034062 -0.0090734 0.00468715 
v 0.0346423 -0.00691082 0.0040767 
v 0.0338837 -0.00956739 0.0049876 
v 0.0336978 -0.0100226 0.00534028 
v 0.0335066 -0.0104336 0.00574106 
v 0.0329235 -0.0113563 0.00718247 
v 0.0328371 -0.0114438 0.00742893 
v 0.0334694 -0.0105028 0.00582608 
v 0.0333123 -0.0107956 0.00618523 
v 0.0331172 -0.0111044 0.00666758 
v 0.032208 -0.0117472 0.00944241 
v 0.0323737 -0.011745 0.00886049 
v 0.0320545 -0.011685 0.0100243 
v 0.0325496 -0.0116785 0.00828539 
v 0.0319148 -0.0115591 0.0105994 
v 0.0327336 -0.0115484 0.00772386 
v 0.0314471 -0.00959899 0.0135445 
v 0.0314405 -0.00917727 0.0138471 
v 0.0316836 -0.011123 0.0117023 
v 0.0315947 -0.0108178 0.0122172 
v 0.0317907 -0.011371 0.011161 
v 0.0315252 -0.0104593 0.0126996 
v 0.0314758 -0.0100514 0.0131438 
v 0.03181 -0.0114002 0.0110737 
v 0.0314394 -0.00910741 0.0138972 
v 0.0314529 -0.0085824 0.0141977 
v 0.0317111 -0.00627543 0.0148167 
v 0.0316172 -0.00686982 0.0147537 
v 0.0315423 -0.007457 0.0146284 
v 0.0314873 -0.0080301 0.0144424 
v 0.0314673 -0.00835037 0.0143005 
v 0.031823 -0.00568081 0.0148167 
v 0.0327851 -0.00248861 0.0135445 
v 0.0328965 -0.00224914 0.013311 
v 0.0320952 -0.00451868 0.0146284 
v 0.0322523 -0.0039648 0.0144424 
v 0.032421 -0.00343777 0.0141977 
v 0.0325993 -0.00294378 0.0138972 
v 0.0319516 -0.00509293 0.0147537 
v 0.0319401 -0.00514532 0.0147593 
v 0.0329763 -0.00207761 0.0131438 
v 0.0339334 -0.000832633 0.0105994 
v 0.0337494 -0.000962721 0.011161 
v 0.0335594 -0.00115486 0.0117023 
v 0.0341092 -0.000766125 0.0100243 
v 0.0333658 -0.0014068 0.0122172 
v 0.0331706 -0.00171559 0.0126996 
v 0.033147 -0.00175957 0.0127535 
v 0.0344285 -0.000826211 0.00886049 
v 0.0345682 -0.0009521 0.00828539 
v 0.0342749 -0.000763976 0.00944241 
v 0.0346923 -0.00114017 0.00772386 
v 0.0341782 -0.00076523 0.00978199 
v 0.0347994 -0.00138821 0.00718247 
v 0.0348882 -0.00169332 0.00666758 
v 0.0350359 -0.00291217 0.00534028 
v 0.0350372 -0.00299448 0.00528123 
v 0.0348927 -0.00171649 0.00663641 
v 0.0349578 -0.00205191 0.00618523 
v 0.0350072 -0.00245979 0.00574106 
v 0.0347718 -0.00623573 0.00406808 
v 0.0347684 -0.00625558 0.00406706 
v 0.0348658 -0.00564135 0.00413109 
v 0.0346599 -0.00683035 0.00406808 
v 0.0349407 -0.00505416 0.00425637 
v 0.0349957 -0.00448106 0.00444245 
v 0.0350301 -0.00392877 0.00468715 
v 0.0350436 -0.00340375 0.0049876 
v 0.0148918 0.0227938 0.0228734 
v 0.0143724 0.0231035 0.0228948 
v 0.0138321 0.0233682 0.022959 
v 0.015384 0.0224426 0.0228948 
v 0.0137901 0.0233846 0.022967 
v 0.0158434 0.0220541 0.022959 
v 0.0162646 0.0216329 0.023065 
v 0.0166426 0.0211838 0.0232117 
v 0.016973 0.0207121 0.0233974 
v 0.017252 0.0202235 0.0236198 
v 0.0174762 0.0197235 0.0238764 
v 0.0175088 0.0196246 0.0239327 
v 0.0177831 0.0177282 0.025179 
v 0.0177079 0.0172599 0.0255546 
v 0.0177974 0.0182145 0.0248193 
v 0.0175726 0.016815 0.0259417 
v 0.0177505 0.0187131 0.0244797 
v 0.017643 0.019218 0.0241641 
v 0.0173788 0.0163987 0.0263358 
v 0.0176039 0.0193363 0.0240968 
v 0.015634 0.0149033 0.0282486 
v 0.0152379 0.0147722 0.0285316 
v 0.0160736 0.0151117 0.0278889 
v 0.0164723 0.0153687 0.0275133 
v 0.0168254 0.0156713 0.0271262 
v 0.0171288 0.016016 0.0267321 
v 0.017262 0.01622 0.0265209 
v 0.0151586 0.014746 0.0285882 
v 0.014653 0.0146415 0.0289038 
v 0.012451 0.014768 0.0298562 
v 0.0130157 0.0146549 0.0296705 
v 0.0135752 0.0145957 0.0294481 
v 0.0118879 0.0149337 0.0300029 
v 0.0141232 0.0145913 0.0291915 
v 0.0141485 0.0145937 0.0291778 
v 0.0107926 0.0154149 0.0301731 
v 0.0102733 0.0157246 0.0301945 
v 0.00978104 0.0160758 0.0301731 
v 0.0113329 0.0151502 0.0301089 
v 0.0117393 0.0149917 0.0300313 
v 0.00932163 0.0164643 0.0301089 
v 0.00768891 0.0187949 0.0291915 
v 0.00768095 0.0188191 0.0291778 
v 0.00890045 0.0168855 0.0300029 
v 0.00852244 0.0173346 0.0298562 
v 0.00819203 0.0178063 0.0296705 
v 0.00901326 0.0167727 0.0300313 
v 0.0079131 0.0182949 0.0294481 
v 0.00752209 0.0193004 0.0289038 
v 0.00741461 0.0198053 0.0285882 
v 0.00759247 0.0217034 0.0271262 
v 0.00740679 0.0198884 0.0285316 
v 0.00736771 0.0203039 0.0282486 
v 0.00738195 0.0207902 0.0278889 
v 0.00745716 0.0212585 0.0275133 
v 0.00778628 0.0221197 0.0267321 
v 0.00869274 0.0231497 0.0255546 
v 0.00833965 0.0228471 0.0259417 
v 0.00909143 0.0234067 0.025179 
v 0.00803631 0.0225024 0.0263358 
v 0.00953104 0.0236151 0.0248193 
v 0.0100064 0.0237725 0.0244797 
v 0.00791955 0.0223237 0.0265209 
v 0.010512 0.0238769 0.0241641 
v 0.0109383 0.0239173 0.0239327 
v 0.010636 0.0238886 0.0240968 
v 0.0132772 0.0235847 0.023065 
v 0.0121494 0.0238635 0.0233974 
v 0.0125825 0.0237815 0.0232515 
v 0.0127141 0.0237504 0.0232117 
v 0.0115898 0.0239227 0.0236198 
v 0.0110419 0.0239271 0.0238764 
v 0.0021776 0.034973 0.00604835 
v -0.0021776 -0.034973 0.00604835 
v 0.0225351 0.0275047 0.000415687 
v 0.0161355 0.0316857 0.000415687 
v 0.0253567 0.0249172 0.000826499 
v 0.0224787 0.0275415 0.000826499 
v 0.0252446 0.0249905 0.00164331 
v 0.0223855 0.0276025 0.00122762 
v 0.0250592 0.0251116 0.00244085 
v 0.0222565 0.0276867 0.00161435 
v 0.0248028 0.0252791 0.00320978 
v 0.0220933 0.0277934 0.00198216 
v 0.0244782 0.0254912 0.00394107 
v 0.0218977 0.0279212 0.00232672 
v 0.0240893 0.0257452 0.00462616 
v 0.0216721 0.0280686 0.00264401 
v 0.0236407 0.0260383 0.00525701 
v 0.021419 0.0282339 0.00293029 
v 0.0231376 0.026367 0.00582623 
v 0.0211416 0.0284151 0.00318223 
v 0.022586 0.0267274 0.00632714 
v 0.020843 0.0286102 0.00339685 
v 0.0219923 0.0271153 0.00675387 
v 0.0205267 0.0288169 0.00357165 
v 0.0213634 0.0275262 0.00710142 
v 0.0201964 0.0290327 0.00370457 
v 0.0207067 0.0279552 0.00736571 
v 0.019856 0.029255 0.00379406 
v 0.02003 0.0283973 0.00754365 
v 0.0195096 0.0294814 0.00383907 
v 0.0193411 0.0288474 0.00763314 
v 0.0191611 0.0297091 0.00383907 
v 0.0186482 0.0293001 0.00763314 
v 0.0188146 0.0299354 0.00379406 
v 0.0179593 0.0297501 0.00754365 
v 0.0184742 0.0301578 0.00370457 
v 0.0172825 0.0301923 0.00736571 
v 0.018144 0.0303736 0.00357165 
v 0.0166259 0.0306213 0.00710142 
v 0.0178277 0.0305802 0.00339685 
v 0.015997 0.0310322 0.00675387 
v 0.017529 0.0307753 0.00318223 
v 0.0154032 0.0314201 0.00632714 
v 0.0172516 0.0309566 0.00293029 
v 0.0148516 0.0317805 0.00582623 
v 0.0169986 0.0311219 0.00264401 
v 0.0143485 0.0321091 0.00525701 
v 0.016773 0.0312693 0.00232672 
v 0.0138999 0.0324022 0.00462616 
v 0.0165774 0.0313971 0.00198216 
v 0.0135111 0.0326563 0.00394107 
v 0.0164141 0.0315037 0.00161435 
v 0.0131865 0.0328683 0.00320978 
v 0.0162851 0.031588 0.00122762 
v 0.01293 0.0330359 0.00244085 
v 0.0161919 0.0316489 0.000826499 
v 0.0127446 0.033157 0.00164331 
v 0.0126325 0.0332303 0.000826499 
v 0.027881 0.0220376 0.00122762 
v 0.0277145 0.0221464 0.00244085 
v 0.0274392 0.0223263 0.00362547 
v 0.024585 0.024191 0.00865386 
v 0.0237656 0.0247263 0.00939788 
v 0.0228837 0.0253025 0.0100317 
v 0.0219496 0.0259127 0.0105479 
v 0.0209742 0.02655 0.0109405 
v 0.019969 0.0272067 0.0112048 
v 0.0189458 0.0278752 0.0113377 
v 0.0179166 0.0285476 0.0113377 
v 0.0168934 0.0292161 0.0112048 
v 0.0158882 0.0298728 0.0109405 
v 0.0149129 0.03051 0.0105479 
v 0.0139788 0.0311203 0.0100317 
v 0.0130968 0.0316965 0.00939788 
v 0.00980425 0.0338476 0.00476757 
v 0.00942329 0.0340965 0.00362547 
v 0.00914794 0.0342764 0.00244085 
v 0.00898142 0.0343852 0.00122762 
v 0.0300784 0.0188996 0.00161435 
v 0.0235068 0.023193 0.0131919 
v 0.0222785 0.0239955 0.0138708 
v 0.0209958 0.0248335 0.014387 
v 0.019674 0.0256971 0.0147346 
v 0.0183285 0.0265761 0.0149094 
v 0.016975 0.0274604 0.0149094 
v 0.0156295 0.0283395 0.0147346 
v 0.0143076 0.0292031 0.014387 
v 0.013025 0.030041 0.0138708 
v 0.00544399 0.0349939 0.00320978 
v 0.00522503 0.035137 0.00161435 
v 0.0319232 0.01554 0.00198216 
v 0.0298595 0.0190426 0.00320978 
v 0.0238544 0.0208116 0.0161975 
v 0.0223461 0.021797 0.017031 
v 0.0207713 0.0228259 0.0176649 
v 0.0191483 0.0238862 0.0180916 
v 0.0174962 0.0249655 0.0183062 
v 0.0158344 0.0260513 0.0183062 
v 0.0141823 0.0271306 0.0180916 
v 0.0125593 0.028191 0.0176649 
v 0.0109845 0.0292199 0.017031 
v 0.0117966 0.0308436 0.0131919 
v 0.00167623 0.0353012 0.00394107 
v 0.00140737 0.0354768 0.00198216 
v 0.0333937 0.0119982 0.00232672 
v 0.0316544 0.0157157 0.00394107 
v 0.0330782 0.0122044 0.00462616 
v 0.0312098 0.0160061 0.00585379 
v 0.0255938 0.0170942 0.0178119 
v 0.0252783 0.0198813 0.0151741 
v 0.0239223 0.0181862 0.0190132 
v 0.0221518 0.0193429 0.0199916 
v 0.0203032 0.0205506 0.0207356 
v 0.0183981 0.0217953 0.0212365 
v 0.0164588 0.0230623 0.0214884 
v 0.0145081 0.0243367 0.0214884 
v 0.0125688 0.0256037 0.0212365 
v 0.0106637 0.0268483 0.0207356 
v 0.00881512 0.0280561 0.0199916 
v 0.00947621 0.0302052 0.0161975 
v 0.00704469 0.0292128 0.0190132 
v 0.00805226 0.0311355 0.0151741 
v -0.00158932 0.0348536 0.00687137 
v 0.00212081 0.0350107 0.00585379 
v -0.00211119 0.0351945 0.00462616 
v -0.00242679 0.0354007 0.00232672 
v 0.0344727 0.0083158 0.00264401 
v 0.0341141 0.0085501 0.00525701 
v 0.0325563 0.0125454 0.00687137 
v 0.0335211 0.00893755 0.00780839 
v 0.0318342 0.0130171 0.00903601 
v 0.0327006 0.0094736 0.0102682 
v 0.0309205 0.0136141 0.0110947 
v 0.0316622 0.010152 0.0126077 
v 0.0298258 0.0143293 0.0130233 
v 0.0304182 0.0109647 0.0147993 
v 0.0285629 0.0151543 0.0147993 
v 0.0289832 0.0119023 0.0168174 
v 0.0271467 0.0160796 0.0164017 
v 0.0273738 0.0129537 0.0186384 
v 0.0256091 0.0141066 0.0202408 
v 0.0237097 0.0153476 0.0216059 
v 0.0216978 0.016662 0.0227177 
v 0.00864312 0.025191 0.0235632 
v 0.00654243 0.0265634 0.0227177 
v 0.00453058 0.0278778 0.0216059 
v 0.0053732 0.0303048 0.0178119 
v 0.00263115 0.0291187 0.0202408 
v 0.00382025 0.0313194 0.0164017 
v 0.000866429 0.0302717 0.0186384 
v 0.00240404 0.0322446 0.0147993 
v -0.000742908 0.0313231 0.0168174 
v 0.00114117 0.0330697 0.0130233 
v -0.00217799 0.0322607 0.0147993 
v 4.64478e-05 0.0337849 0.0110947 
v -0.00342199 0.0330734 0.0126077 
v -0.000867286 0.0343819 0.00903601 
v -0.00446033 0.0337518 0.0102682 
v -0.00528082 0.0342878 0.00780839 
v -0.00587386 0.0346753 0.00525701 
v -0.00623249 0.0349096 0.00264401 
v 0.0351476 0.00453587 0.00293029 
v 0.0347501 0.00479554 0.00582623 
v 0.0340929 0.00522494 0.00865386 
v 0.0331835 0.00581903 0.01138 
v 0.0320328 0.00657086 0.0139728 
v 0.0306541 0.0074716 0.0164017 
v 0.0290636 0.00851069 0.0186384 
v 0.02728 0.00967596 0.0206565 
v 0.0253242 0.0109537 0.0224324 
v 0.0232191 0.012329 0.0239454 
v 0.0209894 0.0137858 0.0251776 
v 0.0195971 0.0180344 0.0235632 
v 0.00652118 0.0232382 0.0261146 
v 0.00419303 0.0247593 0.0251776 
v 0.00196334 0.026216 0.0239454 
v -0.000141744 0.0275913 0.0224324 
v -0.00209755 0.0288691 0.0206565 
v -0.00388114 0.0300343 0.0186384 
v -0.00547161 0.0310734 0.0164017 
v -0.00685031 0.0319742 0.0139728 
v -0.00800107 0.032726 0.01138 
v -0.00891041 0.0333201 0.00865386 
v -0.00956766 0.0337495 0.00582623 
v -0.00996512 0.0340092 0.00293029 
v 0.0354104 0.000702757 0.00318223 
v 0.0349787 0.000984752 0.00632714 
v 0.034265 0.00145107 0.00939788 
v 0.0332774 0.00209624 0.0123584 
v 0.0320277 0.0029127 0.0151741 
v 0.0305305 0.00389088 0.0178119 
v 0.0288033 0.00501931 0.0202408 
v 0.0268664 0.00628477 0.0224324 
v 0.0247424 0.0076724 0.0243611 
v 0.0224563 0.00916595 0.0260041 
v 0.0200349 0.0107479 0.0273422 
v 0.0186613 0.0153068 0.0261146 
v 0.00432279 0.0210131 0.0283598 
v 0.00179448 0.0226649 0.0273422 
v -0.000626907 0.0242468 0.0260041 
v -0.00291298 0.0257404 0.0243611 
v -0.00503694 0.027128 0.0224324 
v -0.00697387 0.0283935 0.0202408 
v -0.00870108 0.0295219 0.0178119 
v -0.0101983 0.0305001 0.0151741 
v -0.011448 0.0313165 0.0123584 
v -0.0124355 0.0319617 0.00939788 
v -0.0131493 0.032428 0.00632714 
v -0.0135809 0.03271 0.00318223 
v 0.035258 -0.00313859 0.00339685 
v 0.0329812 -0.00165113 0.0131919 
v 0.0316472 -0.0007796 0.0161975 
v 0.030049 0.000264554 0.0190132 
v 0.0282053 0.00146909 0.0216059 
v 0.0261377 0.00281989 0.0239454 
v 0.0238705 0.00430111 0.0260041 
v 0.0214303 0.00589539 0.0277579 
v 0.0188456 0.00758404 0.0291863 
v 0.0175066 0.0123997 0.0283598 
v 0.0161467 0.00934726 0.0302725 
v 0.014901 0.014102 0.0290449 
v 0.00485506 0.0167244 0.0310038 
v 0.00692839 0.0193108 0.0290449 
v 0.00207372 0.0185415 0.0302725 
v -0.000625111 0.0203047 0.0291863 
v -0.00320981 0.0219934 0.0277579 
v -0.00565006 0.0235877 0.0260041 
v -0.00791727 0.0250689 0.0239454 
v -0.00998484 0.0264197 0.0216059 
v -0.0118285 0.0276242 0.0190132 
v -0.0134268 0.0286684 0.0161975 
v -0.0170375 0.0310274 0.00339685 
v 0.0346922 -0.00694315 0.00357165 
v 0.0308957 -0.00446276 0.017031 
v 0.0292152 -0.00336488 0.0199916 
v 0.0272766 -0.00209836 0.0227177 
v 0.0251027 -0.000678047 0.0251776 
v 0.0227188 0.000879399 0.0273422 
v 0.020153 0.00255572 0.0291863 
v 0.0174353 0.00433127 0.0306882 
v 0.0145975 0.00618522 0.0318303 
v 0.0133654 0.0111644 0.0310038 
v 0.0116731 0.00809584 0.0325992 
v 0.0105342 0.0130141 0.0313716 
v 0.00869617 0.0100407 0.032986 
v 0.00768627 0.0148747 0.0313716 
v 0.00570171 0.0119971 0.032986 
v 0.0027248 0.013942 0.0325992 
v -0.00019966 0.0158526 0.0318303 
v -0.00303737 0.0177066 0.0306882 
v -0.00575508 0.0194821 0.0291863 
v -0.00832091 0.0211584 0.0273422 
v -0.0107048 0.0227159 0.0251776 
v -0.0128787 0.0241362 0.0227177 
v -0.0148173 0.0254027 0.0199916 
v -0.0202943 0.028981 0.00357165 
v 0.0337197 -0.0106663 0.00370457 
v 0.0297819 -0.0080936 0.0176649 
v 0.0280389 -0.00695486 0.0207356 
v 0.0260282 -0.0056412 0.0235632 
v 0.0237733 -0.00416803 0.0261146 
v 0.0213007 -0.00255263 0.0283598 
v 0.0186394 -0.000813917 0.0302725 
v 0.0158205 0.00102771 0.0318303 
v 0.0128772 0.00295066 0.0330149 
v 0.0098439 0.00493239 0.0338125 
v 0.0067562 0.00694966 0.0342136 
v 0.00365029 0.00897883 0.0342136 
v 0.000562592 0.0109961 0.0338125 
v -0.0024707 0.0129778 0.0330149 
v -0.00541403 0.0149008 0.0318303 
v -0.00823287 0.0167424 0.0302725 
v -0.0108942 0.0184811 0.0283598 
v -0.0133668 0.0200965 0.0261146 
v -0.0156217 0.0215697 0.0235632 
v -0.0176324 0.0228834 0.0207356 
v -0.0164978 0.0265006 0.017031 
v -0.0233132 0.0265948 0.00370457 
v 0.0323519 -0.0142644 0.00379406 
v 0.0298089 -0.012603 0.0147346 
v 0.0312367 -0.00904408 0.014387 
v 0.0283189 -0.0116296 0.0180916 
v 0.0265338 -0.0104633 0.0212365 
v 0.0244745 -0.00911791 0.0241324 
v 0.0221652 -0.00760915 0.0267454 
v 0.0196329 -0.00595472 0.0290449 
v 0.0169073 -0.00417401 0.0310038 
v 0.0140203 -0.0022879 0.0325992 
v 0.0110059 -0.000318496 0.0338125 
v 0.00789931 0.00171111 0.0346293 
v 0.00473702 0.00377711 0.0350401 
v 0.00155608 0.0058553 0.0350401 
v -0.00160621 0.00792131 0.0346293 
v -0.00471278 0.00995091 0.0338125 
v -0.0077272 0.0119203 0.0325992 
v -0.0106141 0.0138064 0.0310038 
v -0.0133398 0.0155871 0.0290449 
v -0.0158721 0.0172416 0.0267454 
v -0.0181814 0.0187503 0.0241324 
v -0.0202407 0.0200957 0.0212365 
v -0.0193754 0.0240221 0.0176649 
v -0.0220258 0.021262 0.0180916 
v -0.0208302 0.0249726 0.014387 
v -0.0260588 0.0238968 0.00379406 
v 0.0306048 -0.0176953 0.00383907 
v 0.0318373 -0.0139282 0.00754365 
v 0.0300841 -0.0173551 0.00763314 
v 0.0309863 -0.0133722 0.0112048 
v 0.029223 -0.0167925 0.0113377 
v 0.0280316 -0.0160141 0.0149094 
v 0.026524 -0.0150292 0.0183062 
v 0.0149769 -0.00748517 0.0313716 
v 0.0120557 -0.00557668 0.032986 
v 0.00900553 -0.00358392 0.0342136 
v -0.00375618 0.00475364 0.0350401 
v -0.0068996 0.00680732 0.0342136 
v -0.00994979 0.00880008 0.032986 
v -0.0226118 0.0170725 0.0214884 
v -0.024418 0.0182526 0.0183062 
v -0.0235158 0.0222354 0.0147346 
v -0.0259257 0.0192376 0.0149094 
v -0.0246932 0.0230046 0.0112048 
v -0.027117 0.0200159 0.0113377 
v -0.0255442 0.0235606 0.00754365 
v -0.0279781 0.0205785 0.00763314 
v -0.0284989 0.0209187 0.00383907 
v 0.0284989 -0.0209187 0.00383907 
v 0.0279781 -0.0205785 0.00763314 
v 0.027117 -0.0200159 0.0113377 
v 0.0259257 -0.0192376 0.0149094 
v 0.024418 -0.0182526 0.0183062 
v 0.0247177 -0.0138491 0.0214884 
v 0.012871 -0.0107086 0.0313716 
v 0.00994979 -0.00880008 0.032986 
v 0.0068996 -0.00680732 0.0342136 
v 0.00586211 -0.00153024 0.0350401 
v -0.00586211 0.00153024 0.0350401 
v -0.00900553 0.00358392 0.0342136 
v -0.0120557 0.00557668 0.032986 
v -0.012871 0.0107086 0.0313716 
v -0.0247177 0.0138491 0.0214884 
v -0.026524 0.0150292 0.0183062 
v -0.0280316 0.0160141 0.0149094 
v -0.029223 0.0167925 0.0113377 
v -0.0300841 0.0173551 0.00763314 
v -0.0306048 0.0176953 0.00383907 
v 0.0260588 -0.0238968 0.00379406 
v 0.0255442 -0.0235606 0.00754365 
v 0.0246932 -0.0230046 0.0112048 
v 0.0235158 -0.0222354 0.0147346 
v 0.0220258 -0.021262 0.0180916 
v 0.0226118 -0.0170725 0.0214884 
v 0.0106141 -0.0138064 0.0310038 
v 0.0077272 -0.0119203 0.0325992 
v 0.00471278 -0.00995091 0.0338125 
v 0.00375618 -0.00475364 0.0350401 
v -0.00789931 -0.00171111 0.0346293 
v -0.0110059 0.000318496 0.0338125 
v -0.0140203 0.0022879 0.0325992 
v -0.0149769 0.00748517 0.0313716 
v -0.0265338 0.0104633 0.0212365 
v -0.0283189 0.0116296 0.0180916 
v -0.0298089 0.012603 0.0147346 
v -0.0309863 0.0133722 0.0112048 
v -0.0318373 0.0139282 0.00754365 
v -0.0323519 0.0142644 0.00379406 
v 0.0233132 -0.0265948 0.00370457 
v 0.0208302 -0.0249726 0.014387 
v 0.0193754 -0.0240221 0.0176649 
v 0.0202407 -0.0200957 0.0212365 
v 0.0176324 -0.0228834 0.0207356 
v 0.0181814 -0.0187503 0.0241324 
v 0.0156217 -0.0215697 0.0235632 
v 0.0158721 -0.0172416 0.0267454 
v 0.0133668 -0.0200965 0.0261146 
v 0.0133398 -0.0155871 0.0290449 
v 0.0108942 -0.0184811 0.0283598 
v 0.00823287 -0.0167424 0.0302725 
v 0.00541403 -0.0149008 0.0318303 
v 0.0024707 -0.0129778 0.0330149 
v 0.00160621 -0.00792131 0.0346293 
v -0.000562592 -0.0109961 0.0338125 
v -0.00155608 -0.0058553 0.0350401 
v -0.00365029 -0.00897883 0.0342136 
v -0.00473702 -0.00377711 0.0350401 
v -0.0067562 -0.00694966 0.0342136 
v -0.0098439 -0.00493239 0.0338125 
v -0.0128772 -0.00295066 0.0330149 
v -0.0158205 -0.00102771 0.0318303 
v -0.0169073 0.00417401 0.0310038 
v -0.0186394 0.000813917 0.0302725 
v -0.0196329 0.00595472 0.0290449 
v -0.0213007 0.00255263 0.0283598 
v -0.0221652 0.00760915 0.0267454 
v -0.0237733 0.00416803 0.0261146 
v -0.0244745 0.00911791 0.0241324 
v -0.0260282 0.0056412 0.0235632 
v -0.0280389 0.00695486 0.0207356 
v -0.0297819 0.0080936 0.0176649 
v -0.0337197 0.0106663 0.00370457 
v 0.0202943 -0.028981 0.00357165 
v 0.0164978 -0.0265006 0.017031 
v 0.0148173 -0.0254027 0.0199916 
v 0.0128787 -0.0241362 0.0227177 
v 0.0107048 -0.0227159 0.0251776 
v 0.00832091 -0.0211584 0.0273422 
v 0.00575508 -0.0194821 0.0291863 
v 0.00303737 -0.0177066 0.0306882 
v 0.00019966 -0.0158526 0.0318303 
v -0.0027248 -0.013942 0.0325992 
v -0.00570171 -0.0119971 0.032986 
v -0.00869617 -0.0100407 0.032986 
v -0.0116731 -0.00809584 0.0325992 
v -0.0145975 -0.00618522 0.0318303 
v -0.0174353 -0.00433127 0.0306882 
v -0.020153 -0.00255572 0.0291863 
v -0.0227188 -0.000879399 0.0273422 
v -0.0251027 0.000678047 0.0251776 
v -0.0272766 0.00209836 0.0227177 
v -0.0292152 0.00336488 0.0199916 
v -0.0346922 0.00694315 0.00357165 
v 0.0170375 -0.0310274 0.00339685 
v 0.0134268 -0.0286684 0.0161975 
v 0.0118285 -0.0276242 0.0190132 
v 0.00998484 -0.0264197 0.0216059 
v 0.00791727 -0.0250689 0.0239454 
v 0.00565006 -0.0235877 0.0260041 
v 0.00320981 -0.0219934 0.0277579 
v 0.000625111 -0.0203047 0.0291863 
v -0.00207372 -0.0185415 0.0302725 
v -0.00485506 -0.0167244 0.0310038 
v -0.00768627 -0.0148747 0.0313716 
v -0.0105342 -0.0130141 0.0313716 
v -0.0133654 -0.0111644 0.0310038 
v -0.0161467 -0.00934726 0.0302725 
v -0.0188456 -0.00758404 0.0291863 
v -0.0214303 -0.00589539 0.0277579 
v -0.0238705 -0.00430111 0.0260041 
v -0.0261377 -0.00281989 0.0239454 
v -0.0282053 -0.00146909 0.0216059 
v -0.030049 -0.000264554 0.0190132 
v -0.0308957 0.00446276 0.017031 
v -0.035258 0.00313859 0.00339685 
v 0.0135809 -0.03271 0.00318223 
v 0.011448 -0.0313165 0.0123584 
v 0.0147607 -0.0295399 0.0131919 
v 0.0101983 -0.0305001 0.0151741 
v 0.00870108 -0.0295219 0.0178119 
v 0.00697387 -0.0283935 0.0202408 
v 0.00503694 -0.027128 0.0224324 
v 0.00291298 -0.0257404 0.0243611 
v 0.000626907 -0.0242468 0.0260041 
v -0.00179448 -0.0226649 0.0273422 
v -0.00432279 -0.0210131 0.0283598 
v -0.014901 -0.014102 0.0290449 
v -0.0175066 -0.0123997 0.0283598 
v -0.0200349 -0.0107479 0.0273422 
v -0.0224563 -0.00916595 0.0260041 
v -0.0247424 -0.0076724 0.0243611 
v -0.0268664 -0.00628477 0.0224324 
v -0.0288033 -0.00501931 0.0202408 
v -0.0305305 -0.00389088 0.0178119 
v -0.0316472 0.0007796 0.0161975 
v -0.0320277 -0.0029127 0.0151741 
v -0.0329812 0.00165113 0.0131919 
v -0.0354104 -0.000702757 0.00318223 
v 0.00996512 -0.0340092 0.00293029 
v 0.0131493 -0.032428 0.00632714 
v 0.00956766 -0.0337495 0.00582623 
v 0.0124355 -0.0319617 0.00939788 
v 0.00891041 -0.0333201 0.00865386 
v 0.00800107 -0.032726 0.01138 
v 0.00685031 -0.0319742 0.0139728 
v 0.00547161 -0.0310734 0.0164017 
v 0.00388114 -0.0300343 0.0186384 
v 0.00209755 -0.0288691 0.0206565 
v 0.000141744 -0.0275913 0.0224324 
v -0.00196334 -0.026216 0.0239454 
v -0.00419303 -0.0247593 0.0251776 
v -0.0186613 -0.0153068 0.0261146 
v -0.0209894 -0.0137858 0.0251776 
v -0.0232191 -0.012329 0.0239454 
v -0.0253242 -0.0109537 0.0224324 
v -0.02728 -0.00967596 0.0206565 
v -0.0290636 -0.00851069 0.0186384 
v -0.0306541 -0.0074716 0.0164017 
v -0.0320328 -0.00657086 0.0139728 
v -0.0332774 -0.00209624 0.0123584 
v -0.0331835 -0.00581903 0.01138 
v -0.034265 -0.00145107 0.00939788 
v -0.0340929 -0.00522494 0.00865386 
v -0.0349787 -0.000984752 0.00632714 
v -0.0347501 -0.00479554 0.00582623 
v -0.0351476 -0.00453587 0.00293029 
v 0.00623249 -0.0349096 0.00264401 
v 0.00587386 -0.0346753 0.00525701 
v 0.00528082 -0.0342878 0.00780839 
v 0.00446033 -0.0337518 0.0102682 
v 0.00342199 -0.0330734 0.0126077 
v 0.00217799 -0.0322607 0.0147993 
v 0.000742908 -0.0313231 0.0168174 
v -0.000866429 -0.0302717 0.0186384 
v -0.00263115 -0.0291187 0.0202408 
v -0.00453058 -0.0278778 0.0216059 
v -0.00654243 -0.0265634 0.0227177 
v -0.00652118 -0.0232382 0.0261146 
v -0.0195971 -0.0180344 0.0235632 
v -0.0216978 -0.016662 0.0227177 
v -0.0237097 -0.0153476 0.0216059 
v -0.0256091 -0.0141066 0.0202408 
v -0.0273738 -0.0129537 0.0186384 
v -0.0289832 -0.0119023 0.0168174 
v -0.0304182 -0.0109647 0.0147993 
v -0.0316622 -0.010152 0.0126077 
v -0.0327006 -0.0094736 0.0102682 
v -0.0335211 -0.00893755 0.00780839 
v -0.0341141 -0.0085501 0.00525701 
v -0.0344727 -0.0083158 0.00264401 
v 0.00242679 -0.0354007 0.00232672 
v 0.00211119 -0.0351945 0.00462616 
v 0.00158932 -0.0348536 0.00687137 
v 0.000867286 -0.0343819 0.00903601 
v -4.64478e-05 -0.0337849 0.0110947 
v -0.00114117 -0.0330697 0.0130233 
v -0.00240404 -0.0322446 0.0147993 
v -0.00382025 -0.0313194 0.0164017 
v -0.0053732 -0.0303048 0.0178119 
v -0.00704469 -0.0292128 0.0190132 
v -0.00881512 -0.0280561 0.0199916 
v -0.00864312 -0.025191 0.0235632 
v -0.0203032 -0.0205506 0.0207356 
v -0.0221518 -0.0193429 0.0199916 
v -0.0239223 -0.0181862 0.0190132 
v -0.0255938 -0.0170942 0.0178119 
v -0.0271467 -0.0160796 0.0164017 
v -0.0285629 -0.0151543 0.0147993 
v -0.0298258 -0.0143293 0.0130233 
v -0.0309205 -0.0136141 0.0110947 
v -0.0318342 -0.0130171 0.00903601 
v -0.0325563 -0.0125454 0.00687137 
v -0.0330782 -0.0122044 0.00462616 
v -0.0333937 -0.0119982 0.00232672 
v -0.00140737 -0.0354768 0.00198216 
v -0.00167623 -0.0353012 0.00394107 
v -0.00805226 -0.0311355 0.0151741 
v -0.00947621 -0.0302052 0.0161975 
v -0.0109845 -0.0292199 0.017031 
v -0.0106637 -0.0268483 0.0207356 
v -0.0125593 -0.028191 0.0176649 
v -0.0125688 -0.0256037 0.0212365 
v -0.0141823 -0.0271306 0.0180916 
v -0.0145081 -0.0243367 0.0214884 
v -0.0158344 -0.0260513 0.0183062 
v -0.0164588 -0.0230623 0.0214884 
v -0.0174962 -0.0249655 0.0183062 
v -0.0183981 -0.0217953 0.0212365 
v -0.0191483 -0.0238862 0.0180916 
v -0.0207713 -0.0228259 0.0176649 
v -0.0223461 -0.021797 0.017031 
v -0.0238544 -0.0208116 0.0161975 
v -0.0312098 -0.0160061 0.00585379 
v -0.0316544 -0.0157157 0.00394107 
v -0.0319232 -0.01554 0.00198216 
v -0.00522503 -0.035137 0.00161435 
v -0.0117966 -0.0308436 0.0131919 
v -0.013025 -0.030041 0.0138708 
v -0.0143076 -0.0292031 0.014387 
v -0.0156295 -0.0283395 0.0147346 
v -0.016975 -0.0274604 0.0149094 
v -0.0183285 -0.0265761 0.0149094 
v -0.019674 -0.0256971 0.0147346 
v -0.0209958 -0.0248335 0.014387 
v -0.0222785 -0.0239955 0.0138708 
v -0.0298595 -0.0190426 0.00320978 
v -0.0300784 -0.0188996 0.00161435 
v -0.00898142 -0.0343852 0.00122762 
v -0.00544399 -0.0349939 0.00320978 
v -0.0139788 -0.0311203 0.0100317 
v -0.0149129 -0.03051 0.0105479 
v -0.0158882 -0.0298728 0.0109405 
v -0.0168934 -0.0292161 0.0112048 
v -0.0179166 -0.0285476 0.0113377 
v -0.0189458 -0.0278752 0.0113377 
v -0.019969 -0.0272067 0.0112048 
v -0.0209742 -0.02655 0.0109405 
v -0.0219496 -0.0259127 0.0105479 
v -0.0235068 -0.023193 0.0131919 
v -0.0277145 -0.0221464 0.00244085 
v -0.027881 -0.0220376 0.00122762 
v -0.0126325 -0.0332303 0.000826499 
v -0.00914794 -0.0342764 0.00244085 
v -0.0127446 -0.033157 0.00164331 
v -0.00942329 -0.0340965 0.00362547 
v -0.01293 -0.0330359 0.00244085 
v -0.00980425 -0.0338476 0.00476757 
v -0.0148516 -0.0317805 0.00582623 
v -0.0122775 -0.0322318 0.00865386 
v -0.0130968 -0.0316965 0.00939788 
v -0.0154032 -0.0314201 0.00632714 
v -0.015997 -0.0310322 0.00675387 
v -0.0166259 -0.0306213 0.00710142 
v -0.0172825 -0.0301923 0.00736571 
v -0.0179593 -0.0297501 0.00754365 
v -0.0186482 -0.0293001 0.00763314 
v -0.0193411 -0.0288474 0.00763314 
v -0.02003 -0.0283973 0.00754365 
v -0.0207067 -0.0279552 0.00736571 
v -0.0213634 -0.0275262 0.00710142 
v -0.0228837 -0.0253025 0.0100317 
v -0.0219923 -0.0271153 0.00675387 
v -0.0237656 -0.0247263 0.00939788 
v -0.022586 -0.0267274 0.00632714 
v -0.024585 -0.024191 0.00865386 
v -0.0248028 -0.0252791 0.00320978 
v -0.0270582 -0.0225752 0.00476757 
v -0.0274392 -0.0223263 0.00362547 
v -0.0250592 -0.0251116 0.00244085 
v -0.0252446 -0.0249905 0.00164331 
v -0.0253567 -0.0249172 0.000826499 
v -0.0161355 -0.0316857 0.000415687 
v -0.0161919 -0.0316489 0.000826499 
v -0.0162851 -0.031588 0.00122762 
v -0.0131865 -0.0328683 0.00320978 
v -0.0164141 -0.0315037 0.00161435 
v -0.0135111 -0.0326563 0.00394107 
v -0.0165774 -0.0313971 0.00198216 
v -0.0138999 -0.0324022 0.00462616 
v -0.016773 -0.0312693 0.00232672 
v -0.0143485 -0.0321091 0.00525701 
v -0.0169986 -0.0311219 0.00264401 
v -0.0172516 -0.0309566 0.00293029 
v -0.017529 -0.0307753 0.00318223 
v -0.0178277 -0.0305802 0.00339685 
v -0.018144 -0.0303736 0.00357165 
v -0.0184742 -0.0301578 0.00370457 
v -0.0188146 -0.0299354 0.00379406 
v -0.0191611 -0.0297091 0.00383907 
v -0.0195096 -0.0294814 0.00383907 
v -0.019856 -0.029255 0.00379406 
v -0.0201964 -0.0290327 0.00370457 
v -0.0205267 -0.0288169 0.00357165 
v -0.020843 -0.0286102 0.00339685 
v -0.0211416 -0.0284151 0.00318223 
v -0.0231376 -0.026367 0.00582623 
v -0.021419 -0.0282339 0.00293029 
v -0.0236407 -0.0260383 0.00525701 
v -0.0216721 -0.0280686 0.00264401 
v -0.0240893 -0.0257452 0.00462616 
v -0.0218977 -0.0279212 0.00232672 
v -0.0244782 -0.0254912 0.00394107 
v -0.0220933 -0.0277934 0.00198216 
v -0.0222565 -0.0276867 0.00161435 
v -0.0223855 -0.0276025 0.00122762 
v -0.0224787 -0.0275415 0.000826499 
v -0.0225351 -0.0275047 0.000415687 
v -0.00692839 -0.0193108 0.0290449 
v -0.00212081 -0.0350107 0.00585379 
v -0.0312367 0.00904408 0.014387 
v -0.0252783 -0.0198813 0.0151741 
v -0.0147607 0.0295399 0.0131919 
v 0.0122775 0.0322318 0.00865386 
v 0.0270582 0.0225752 0.00476757 
v -0.0324876 0.000444127 0.00924596 
v -0.0324039 0.000445213 0.00953993 
v -0.0322281 0.000511721 0.010115 
v -0.0320441 0.000641808 0.0106766 
v -0.0318541 0.000833949 0.0112179 
v -0.0316605 0.00108589 0.0117328 
v -0.0314653 0.00139468 0.0122152 
v -0.0313176 0.00166986 0.0125528 
v -0.0313616 0.00158805 0.0124524 
v -0.031271 0.0017567 0.0126594 
v -0.0310799 0.0021677 0.0130601 
v -0.030894 0.00262286 0.0134128 
v -0.0307157 0.00311686 0.0137133 
v -0.030547 0.00364388 0.013958 
v -0.0303899 0.00419777 0.0141441 
v -0.0302463 0.00477202 0.0142693 
v -0.0302362 0.00481819 0.0142743 
v -0.0301178 0.0053599 0.0143323 
v -0.0300093 0.00593467 0.0143334 
v -0.0300059 0.00595452 0.0143323 
v -0.0299119 0.00654891 0.0142693 
v -0.029837 0.00713609 0.0141441 
v -0.029782 0.00770919 0.013958 
v -0.0297476 0.00826149 0.0137133 
v -0.029738 0.00863327 0.0135005 
v -0.0297341 0.0087865 0.0134128 
v -0.0297444 0.00838571 0.0136422 
v -0.0297418 0.00927808 0.0130601 
v -0.0297705 0.00973046 0.0126594 
v -0.0298199 0.0101383 0.0122152 
v -0.0298894 0.0104969 0.0117328 
v -0.0299783 0.010802 0.0112179 
v -0.0300854 0.0110501 0.0106766 
v -0.0302095 0.0112382 0.010115 
v -0.0301156 0.0110959 0.0105397 
v -0.0303492 0.011364 0.00953993 
v -0.0305028 0.0114263 0.00895801 
v -0.0306685 0.0114241 0.00837609 
v -0.0308443 0.0113576 0.00780099 
v -0.0310283 0.0112275 0.00723946 
v -0.0310866 0.0111685 0.00707322 
v -0.0312183 0.0110354 0.00669807 
v -0.0314119 0.0107834 0.00618319 
v -0.0316071 0.0104747 0.00570083 
v -0.0318013 0.0101126 0.00525666 
v -0.0319925 0.00970164 0.00485589 
v -0.0318482 0.0100119 0.00515842 
v -0.0321784 0.00924648 0.0045032 
v -0.0323567 0.00875248 0.00420275 
v -0.0325254 0.00822545 0.00395805 
v -0.0326825 0.00767157 0.00377197 
v -0.0328261 0.00709732 0.00364669 
v -0.0329546 0.00650944 0.00358368 
v -0.0329384 0.0065837 0.00359164 
v -0.0330665 0.00591482 0.00358368 
v -0.0331605 0.00532043 0.00364669 
v -0.0332354 0.00473325 0.00377197 
v -0.0332904 0.00416015 0.00395805 
v -0.0333248 0.00360785 0.00420275 
v -0.0333383 0.00308284 0.0045032 
v -0.0333351 0.00287738 0.00465061 
v -0.0333306 0.00259126 0.00485589 
v -0.0333019 0.00213888 0.00525666 
v -0.0332525 0.001731 0.00570083 
v -0.033183 0.0013724 0.00618319 
v -0.0330941 0.0010673 0.00669807 
v -0.0331678 0.0013205 0.00627078 
v -0.032987 0.000819255 0.00723946 
v -0.0328629 0.000631187 0.00780099 
v -0.0327232 0.000505298 0.00837609 
v -0.0325696 0.000443063 0.00895801 
v -0.0225982 0.0232279 0.00953993 
v -0.0227169 0.0233435 0.00895801 
v -0.0224268 0.0231505 0.010115 
v -0.0222589 0.0231217 0.0105397 
v -0.0222048 0.0231124 0.0106766 
v -0.0219346 0.023114 0.0112179 
v -0.0216195 0.0231552 0.0117328 
v -0.0212632 0.0232355 0.0122152 
v -0.0208698 0.0233541 0.0126594 
v -0.020444 0.0235096 0.0130601 
v -0.0199907 0.0237 0.0134128 
v -0.0196278 0.0238704 0.0136422 
v -0.019852 0.0237652 0.0135005 
v -0.0195153 0.0239232 0.0137133 
v -0.0190234 0.0241766 0.013958 
v -0.0185207 0.0244572 0.0141441 
v -0.018013 0.0247617 0.0142693 
v -0.0175064 0.0250865 0.0143323 
v -0.0170069 0.0254278 0.0143323 
v -0.0165201 0.0257817 0.0142693 
v -0.0165584 0.0257539 0.0142743 
v -0.016052 0.0261439 0.0141441 
v -0.0156078 0.0265103 0.013958 
v -0.015193 0.0268765 0.0137133 
v -0.0148122 0.0272382 0.0134128 
v -0.01447 0.0275912 0.0130601 
v -0.0141704 0.0279314 0.0126594 
v -0.0140524 0.028082 0.0124524 
v -0.013917 0.0282547 0.0122152 
v -0.0141096 0.028009 0.0125528 
v -0.0137126 0.0285575 0.0117328 
v -0.0135596 0.028836 0.0112179 
v -0.01346 0.0290872 0.0106766 
v -0.0134148 0.0293079 0.010115 
v -0.0134245 0.0294957 0.00953993 
v -0.0134891 0.0296483 0.00895801 
v -0.0134571 0.0295728 0.00924596 
v -0.0136078 0.0297639 0.00837609 
v -0.0137792 0.0298413 0.00780099 
v -0.0140013 0.0298794 0.00723946 
v -0.0142714 0.0298778 0.00669807 
v -0.0145329 0.0298436 0.00627078 
v -0.0145865 0.0298366 0.00618319 
v -0.0149429 0.0297563 0.00570083 
v -0.0153362 0.0296377 0.00525666 
v -0.015762 0.0294822 0.00485589 
v -0.0162153 0.0292918 0.0045032 
v -0.0160259 0.0293714 0.00465061 
v -0.0166907 0.0290686 0.00420275 
v -0.0171826 0.0288152 0.00395805 
v -0.0176854 0.0285346 0.00377197 
v -0.018193 0.0282301 0.00364669 
v -0.0186996 0.0279053 0.00358368 
v -0.0191992 0.027564 0.00358368 
v -0.0192606 0.0275193 0.00359164 
v -0.0196859 0.0272101 0.00364669 
v -0.0201541 0.0268479 0.00377197 
v -0.0205982 0.0264815 0.00395805 
v -0.0210131 0.0261153 0.00420275 
v -0.0213938 0.0257536 0.0045032 
v -0.021736 0.0254006 0.00485589 
v -0.0219621 0.0251438 0.00515842 
v -0.0220356 0.0250604 0.00525666 
v -0.0222891 0.0247371 0.00570083 
v -0.0224935 0.0244343 0.00618319 
v -0.0226464 0.0241558 0.00669807 
v -0.022746 0.0239046 0.00723946 
v -0.0227154 0.0239817 0.00707322 
v -0.0227913 0.0236839 0.00780099 
v -0.0227815 0.0234961 0.00837609 
v 0.000445213 0.0324039 0.00953993 
v 0.000443063 0.0325696 0.00895801 
v 0.000511721 0.0322281 0.010115 
v 0.000641808 0.0320441 0.0106766 
v 0.000555885 0.0321656 0.0103057 
v 0.000833949 0.0318541 0.0112179 
v 0.00108589 0.0316605 0.0117328 
v 0.00139468 0.0314653 0.0122152 
v 0.0017567 0.031271 0.0126594 
v 0.0021677 0.0310799 0.0130601 
v 0.00262286 0.030894 0.0134128 
v 0.00294548 0.0307776 0.013609 
v 0.00311686 0.0307157 0.0137133 
v 0.00364388 0.030547 0.013958 
v 0.00419777 0.0303899 0.0141441 
v 0.00477202 0.0302463 0.0142693 
v 0.00517861 0.0301574 0.0143129 
v 0.0053599 0.0301178 0.0143323 
v 0.00595452 0.0300059 0.0143323 
v 0.00654891 0.0299119 0.0142693 
v 0.00713609 0.029837 0.0141441 
v 0.00770919 0.029782 0.013958 
v 0.00727375 0.0298238 0.0140994 
v 0.00826149 0.0297476 0.0137133 
v 0.0087865 0.0297341 0.0134128 
v 0.00838009 0.0297445 0.0136454 
v 0.00927808 0.0297418 0.0130601 
v 0.00973046 0.0297705 0.0126594 
v 0.0101383 0.0298199 0.0122152 
v 0.0104969 0.0298894 0.0117328 
v 0.0103486 0.0298607 0.0119324 
v 0.010802 0.0299783 0.0112179 
v 0.0110501 0.0300854 0.0106766 
v 0.0112382 0.0302095 0.010115 
v 0.0110717 0.0300997 0.0106119 
v 0.011364 0.0303492 0.00953993 
v 0.0114263 0.0305028 0.00895801 
v 0.0114245 0.030641 0.0084726 
v 0.0114241 0.0306685 0.00837609 
v 0.0113698 0.030812 0.00790661 
v 0.0113576 0.0308443 0.00780099 
v 0.0112275 0.0310283 0.00723946 
v 0.0110354 0.0312183 0.00669807 
v 0.0112113 0.0310443 0.00719377 
v 0.0107834 0.0314119 0.00618319 
v 0.0104747 0.0316071 0.00570083 
v 0.0101726 0.0317692 0.00533019 
v 0.0101126 0.0318013 0.00525666 
v 0.00970164 0.0319925 0.00485589 
v 0.00933194 0.0321435 0.00456942 
v 0.00924648 0.0321784 0.0045032 
v 0.00929163 0.0321599 0.00453819 
v 0.00875248 0.0323567 0.00420275 
v 0.00822545 0.0325254 0.00395805 
v 0.00779821 0.0326465 0.00381452 
v 0.00767157 0.0326825 0.00377197 
v 0.00709732 0.0328261 0.00364669 
v 0.00650944 0.0329546 0.00358368 
v 0.00593467 0.0330631 0.00358267 
v 0.00591482 0.0330665 0.00358368 
v 0.00532043 0.0331605 0.00364669 
v 0.00473325 0.0332354 0.00377197 
v 0.00529451 0.0331638 0.00365222 
v 0.00416015 0.0332904 0.00395805 
v 0.00360785 0.0333248 0.00420275 
v 0.00308284 0.0333383 0.0045032 
v 0.00259126 0.0333306 0.00485589 
v 0.00213888 0.0333019 0.00525666 
v 0.001731 0.0332525 0.00570083 
v 0.00180339 0.0332613 0.005622 
v 0.00197943 0.0332826 0.00543029 
v 0.0013724 0.033183 0.00618319 
v 0.0010673 0.0330941 0.00669807 
v 0.000819255 0.032987 0.00723946 
v 0.000631187 0.0328629 0.00780099 
v 0.000505298 0.0327232 0.00837609 
v 0.000570329 0.0327954 0.00807901 
v 0.0232279 0.0225982 0.00953993 
v 0.0233435 0.0227169 0.00895801 
v 0.0231505 0.0224268 0.010115 
v 0.0231168 0.0222303 0.0106119 
v 0.0231124 0.0222048 0.0106766 
v 0.023114 0.0219346 0.0112179 
v 0.0231552 0.0216195 0.0117328 
v 0.0232355 0.0212632 0.0122152 
v 0.0231884 0.0214721 0.0119324 
v 0.0233541 0.0208698 0.0126594 
v 0.0235096 0.020444 0.0130601 
v 0.0237 0.0199907 0.0134128 
v 0.0238728 0.0196227 0.0136454 
v 0.0239232 0.0195153 0.0137133 
v 0.0241766 0.0190234 0.013958 
v 0.0243898 0.0186414 0.0140994 
v 0.0244572 0.0185207 0.0141441 
v 0.0247617 0.018013 0.0142693 
v 0.0250865 0.0175064 0.0143323 
v 0.0254278 0.0170069 0.0143323 
v 0.0257817 0.0165201 0.0142693 
v 0.0255369 0.0168568 0.0143129 
v 0.0261439 0.016052 0.0141441 
v 0.0265103 0.0156078 0.013958 
v 0.0268765 0.015193 0.0137133 
v 0.0272382 0.0148122 0.0134128 
v 0.027002 0.0150609 0.013609 
v 0.0275912 0.01447 0.0130601 
v 0.0279314 0.0141704 0.0126594 
v 0.0282547 0.013917 0.0122152 
v 0.0285575 0.0137126 0.0117328 
v 0.028836 0.0135596 0.0112179 
v 0.0290872 0.01346 0.0106766 
v 0.0293079 0.0134148 0.010115 
v 0.029233 0.0134301 0.0103057 
v 0.0294957 0.0134245 0.00953993 
v 0.0296483 0.0134891 0.00895801 
v 0.0297639 0.0136078 0.00837609 
v 0.0298039 0.0136963 0.00807901 
v 0.0298413 0.0137792 0.00780099 
v 0.0298794 0.0140013 0.00723946 
v 0.0298778 0.0142714 0.00669807 
v 0.0298366 0.0145865 0.00618319 
v 0.0297563 0.0149429 0.00570083 
v 0.0296377 0.0153362 0.00525666 
v 0.029684 0.0151825 0.00543029 
v 0.0297352 0.0150127 0.005622 
v 0.0294822 0.015762 0.00485589 
v 0.0292918 0.0162153 0.0045032 
v 0.0290686 0.0166907 0.00420275 
v 0.0288152 0.0171826 0.00395805 
v 0.0285346 0.0176854 0.00377197 
v 0.0282436 0.0181706 0.00365222 
v 0.0282301 0.018193 0.00364669 
v 0.0279053 0.0186996 0.00358368 
v 0.027564 0.0191992 0.00358368 
v 0.0272101 0.0196859 0.00364669 
v 0.0268479 0.0201541 0.00377197 
v 0.0264815 0.0205982 0.00395805 
v 0.0267641 0.0202556 0.00381452 
v 0.0261153 0.0210131 0.00420275 
v 0.0257536 0.0213938 0.0045032 
v 0.0254006 0.021736 0.00485589 
v 0.0256873 0.0214581 0.00456942 
v 0.0257186 0.0214278 0.00453819 
v 0.0250604 0.0220356 0.00525666 
v 0.0247371 0.0222891 0.00570083 
v 0.0250069 0.0220775 0.00533019 
v 0.0244343 0.0224935 0.00618319 
v 0.0241558 0.0226464 0.00669807 
v 0.0239258 0.0227376 0.00719377 
v 0.0239046 0.022746 0.00723946 
v 0.0236839 0.0227913 0.00780099 
v 0.0234961 0.0227815 0.00837609 
v 0.0236494 0.0227895 0.00790661 
v 0.0234708 0.0227708 0.0084726 
v 0.0324039 -0.000445213 0.00953993 
v 0.0324876 -0.000444127 0.00924596 
v 0.0325696 -0.000443063 0.00895801 
v 0.0322281 -0.000511721 0.010115 
v 0.0320441 -0.000641808 0.0106766 
v 0.0318541 -0.000833949 0.0112179 
v 0.0316605 -0.00108589 0.0117328 
v 0.0314653 -0.00139468 0.0122152 
v 0.0313176 -0.00166986 0.0125528 
v 0.0313616 -0.00158805 0.0124524 
v 0.031271 -0.0017567 0.0126594 
v 0.0310799 -0.0021677 0.0130601 
v 0.030894 -0.00262286 0.0134128 
v 0.0307157 -0.00311686 0.0137133 
v 0.030547 -0.00364388 0.013958 
v 0.0303899 -0.00419777 0.0141441 
v 0.0302463 -0.00477202 0.0142693 
v 0.0301178 -0.0053599 0.0143323 
v 0.0302362 -0.00481819 0.0142743 
v 0.0300059 -0.00595452 0.0143323 
v 0.0299119 -0.00654891 0.0142693 
v 0.029837 -0.00713609 0.0141441 
v 0.029782 -0.00770919 0.013958 
v 0.0297476 -0.00826149 0.0137133 
v 0.029738 -0.00863327 0.0135005 
v 0.0297444 -0.00838571 0.0136422 
v 0.0297341 -0.0087865 0.0134128 
v 0.0297418 -0.00927808 0.0130601 
v 0.0297705 -0.00973046 0.0126594 
v 0.0298199 -0.0101383 0.0122152 
v 0.0298894 -0.0104969 0.0117328 
v 0.0299783 -0.010802 0.0112179 
v 0.0300854 -0.0110501 0.0106766 
v 0.0302095 -0.0112382 0.010115 
v 0.0301156 -0.0110959 0.0105397 
v 0.0303492 -0.011364 0.00953993 
v 0.0305028 -0.0114263 0.00895801 
v 0.0306685 -0.0114241 0.00837609 
v 0.0308443 -0.0113576 0.00780099 
v 0.0310283 -0.0112275 0.00723946 
v 0.0312183 -0.0110354 0.00669807 
v 0.0310866 -0.0111685 0.00707322 
v 0.0314119 -0.0107834 0.00618319 
v 0.0316071 -0.0104747 0.00570083 
v 0.0318013 -0.0101126 0.00525666 
v 0.0319925 -0.00970164 0.00485589 
v 0.0318482 -0.0100119 0.00515842 
v 0.0321784 -0.00924648 0.0045032 
v 0.0323567 -0.00875248 0.00420275 
v 0.0325254 -0.00822545 0.00395805 
v 0.0326825 -0.00767157 0.00377197 
v 0.0328261 -0.00709732 0.00364669 
v 0.0329546 -0.00650944 0.00358368 
v 0.0329384 -0.0065837 0.00359164 
v 0.0330665 -0.00591482 0.00358368 
v 0.0330631 -0.00593467 0.00358267 
v 0.0331605 -0.00532043 0.00364669 
v 0.0332354 -0.00473325 0.00377197 
v 0.0332904 -0.00416015 0.00395805 
v 0.0333248 -0.00360785 0.00420275 
v 0.0333383 -0.00308284 0.0045032 
v 0.0333351 -0.00287738 0.00465061 
v 0.0333306 -0.00259126 0.00485589 
v 0.0333019 -0.00213888 0.00525666 
v 0.0332525 -0.001731 0.00570083 
v 0.033183 -0.0013724 0.00618319 
v 0.0330941 -0.0010673 0.00669807 
v 0.0331678 -0.0013205 0.00627078 
v 0.032987 -0.000819255 0.00723946 
v 0.0328629 -0.000631187 0.00780099 
v 0.0327232 -0.000505298 0.00837609 
v 0.0225982 -0.0232279 0.00953993 
v 0.0227169 -0.0233435 0.00895801 
v 0.0224268 -0.0231505 0.010115 
v 0.0222589 -0.0231217 0.0105397 
v 0.0222048 -0.0231124 0.0106766 
v 0.0219346 -0.023114 0.0112179 
v 0.0216195 -0.0231552 0.0117328 
v 0.0212632 -0.0232355 0.0122152 
v 0.0208698 -0.0233541 0.0126594 
v 0.020444 -0.0235096 0.0130601 
v 0.0199907 -0.0237 0.0134128 
v 0.0196278 -0.0238704 0.0136422 
v 0.019852 -0.0237652 0.0135005 
v 0.0195153 -0.0239232 0.0137133 
v 0.0190234 -0.0241766 0.013958 
v 0.0185207 -0.0244572 0.0141441 
v 0.018013 -0.0247617 0.0142693 
v 0.0175064 -0.0250865 0.0143323 
v 0.0170069 -0.0254278 0.0143323 
v 0.0165201 -0.0257817 0.0142693 
v 0.0165584 -0.0257539 0.0142743 
v 0.016052 -0.0261439 0.0141441 
v 0.0156078 -0.0265103 0.013958 
v 0.015193 -0.0268765 0.0137133 
v 0.0148122 -0.0272382 0.0134128 
v 0.01447 -0.0275912 0.0130601 
v 0.0141704 -0.0279314 0.0126594 
v 0.0140524 -0.028082 0.0124524 
v 0.013917 -0.0282547 0.0122152 
v 0.0141096 -0.028009 0.0125528 
v 0.0137126 -0.0285575 0.0117328 
v 0.0135596 -0.028836 0.0112179 
v 0.01346 -0.0290872 0.0106766 
v 0.0134148 -0.0293079 0.010115 
v 0.0134245 -0.0294957 0.00953993 
v 0.0134891 -0.0296483 0.00895801 
v 0.0134571 -0.0295728 0.00924596 
v 0.0136078 -0.0297639 0.00837609 
v 0.0137792 -0.0298413 0.00780099 
v 0.0140013 -0.0298794 0.00723946 
v 0.0142714 -0.0298778 0.00669807 
v 0.0145329 -0.0298436 0.00627078 
v 0.0145865 -0.0298366 0.00618319 
v 0.0149429 -0.0297563 0.00570083 
v 0.0153362 -0.0296377 0.00525666 
v 0.015762 -0.0294822 0.00485589 
v 0.0162153 -0.0292918 0.0045032 
v 0.0160259 -0.0293714 0.00465061 
v 0.0166907 -0.0290686 0.00420275 
v 0.0171826 -0.0288152 0.00395805 
v 0.0176854 -0.0285346 0.00377197 
v 0.018193 -0.0282301 0.00364669 
v 0.0186996 -0.0279053 0.00358368 
v 0.0191992 -0.027564 0.00358368 
v 0.0192606 -0.0275193 0.00359164 
v 0.0196859 -0.0272101 0.00364669 
v 0.0201541 -0.0268479 0.00377197 
v 0.0205982 -0.0264815 0.00395805 
v 0.0210131 -0.0261153 0.00420275 
v 0.0213938 -0.0257536 0.0045032 
v 0.021736 -0.0254006 0.00485589 
v 0.0219621 -0.0251438 0.00515842 
v 0.0220356 -0.0250604 0.00525666 
v 0.0222891 -0.0247371 0.00570083 
v 0.0224935 -0.0244343 0.00618319 
v 0.0226464 -0.0241558 0.00669807 
v 0.022746 -0.0239046 0.00723946 
v 0.0227154 -0.0239817 0.00707322 
v 0.0227913 -0.0236839 0.00780099 
v 0.0227815 -0.0234961 0.00837609 
v -0.000445213 -0.0324039 0.00953993 
v -0.000443063 -0.0325696 0.00895801 
v -0.000511721 -0.0322281 0.010115 
v -0.000641808 -0.0320441 0.0106766 
v -0.000555885 -0.0321656 0.0103057 
v -0.000833949 -0.0318541 0.0112179 
v -0.00108589 -0.0316605 0.0117328 
v -0.00139468 -0.0314653 0.0122152 
v -0.0017567 -0.031271 0.0126594 
v -0.0021677 -0.0310799 0.0130601 
v -0.00262286 -0.030894 0.0134128 
v -0.00294548 -0.0307776 0.013609 
v -0.00311686 -0.0307157 0.0137133 
v -0.00364388 -0.030547 0.013958 
v -0.00419777 -0.0303899 0.0141441 
v -0.00477202 -0.0302463 0.0142693 
v -0.00517861 -0.0301574 0.0143129 
v -0.0053599 -0.0301178 0.0143323 
v -0.00593467 -0.0300093 0.0143334 
v -0.00595452 -0.0300059 0.0143323 
v -0.00654891 -0.0299119 0.0142693 
v -0.00713609 -0.029837 0.0141441 
v -0.00770919 -0.029782 0.013958 
v -0.00727375 -0.0298238 0.0140994 
v -0.00826149 -0.0297476 0.0137133 
v -0.0087865 -0.0297341 0.0134128 
v -0.00838009 -0.0297445 0.0136454 
v -0.00927808 -0.0297418 0.0130601 
v -0.00973046 -0.0297705 0.0126594 
v -0.0101383 -0.0298199 0.0122152 
v -0.0104969 -0.0298894 0.0117328 
v -0.0103486 -0.0298607 0.0119324 
v -0.010802 -0.0299783 0.0112179 
v -0.0110501 -0.0300854 0.0106766 
v -0.0112382 -0.0302095 0.010115 
v -0.0110717 -0.0300997 0.0106119 
v -0.011364 -0.0303492 0.00953993 
v -0.0114263 -0.0305028 0.00895801 
v -0.0114245 -0.030641 0.0084726 
v -0.0114241 -0.0306685 0.00837609 
v -0.0113698 -0.030812 0.00790661 
v -0.0113576 -0.0308443 0.00780099 
v -0.0112275 -0.0310283 0.00723946 
v -0.0110354 -0.0312183 0.00669807 
v -0.0112113 -0.0310443 0.00719377 
v -0.0107834 -0.0314119 0.00618319 
v -0.0104747 -0.0316071 0.00570083 
v -0.0101726 -0.0317692 0.00533019 
v -0.0101126 -0.0318013 0.00525666 
v -0.00970164 -0.0319925 0.00485589 
v -0.00933194 -0.0321435 0.00456942 
v -0.00924648 -0.0321784 0.0045032 
v -0.00929163 -0.0321599 0.00453819 
v -0.00875248 -0.0323567 0.00420275 
v -0.00822545 -0.0325254 0.00395805 
v -0.00779821 -0.0326465 0.00381452 
v -0.00767157 -0.0326825 0.00377197 
v -0.00709732 -0.0328261 0.00364669 
v -0.00650944 -0.0329546 0.00358368 
v -0.00591482 -0.0330665 0.00358368 
v -0.00532043 -0.0331605 0.00364669 
v -0.00473325 -0.0332354 0.00377197 
v -0.00529451 -0.0331638 0.00365222 
v -0.00416015 -0.0332904 0.00395805 
v -0.00360785 -0.0333248 0.00420275 
v -0.00308284 -0.0333383 0.0045032 
v -0.00259126 -0.0333306 0.00485589 
v -0.00213888 -0.0333019 0.00525666 
v -0.001731 -0.0332525 0.00570083 
v -0.00180339 -0.0332613 0.005622 
v -0.00197943 -0.0332826 0.00543029 
v -0.0013724 -0.033183 0.00618319 
v -0.0010673 -0.0330941 0.00669807 
v -0.000819255 -0.032987 0.00723946 
v -0.000631187 -0.0328629 0.00780099 
v -0.000505298 -0.0327232 0.00837609 
v -0.000570329 -0.0327954 0.00807901 
v -0.0101471 -0.0144269 0.0288119 
v -0.00962781 -0.0147366 0.0288333 
v -0.0106875 -0.0141622 0.0287478 
v -0.0110242 -0.0140309 0.0286834 
v -0.0112424 -0.0139457 0.0286417 
v -0.0118055 -0.01378 0.028495 
v -0.0123702 -0.0136669 0.0283093 
v -0.011937 -0.0137489 0.0284552 
v -0.0129297 -0.0136077 0.0280869 
v -0.0134777 -0.0136033 0.0278303 
v -0.013794 -0.0136333 0.0276586 
v -0.0140075 -0.0136535 0.0275426 
v -0.0143169 -0.0137174 0.0273495 
v -0.0145131 -0.013758 0.027227 
v -0.0149885 -0.0139153 0.0268874 
v -0.0154282 -0.0141237 0.0265277 
v -0.0158268 -0.0143807 0.0261521 
v -0.0161799 -0.0146833 0.025765 
v -0.0164833 -0.015028 0.0253709 
v -0.0167333 -0.0154107 0.0249746 
v -0.0166325 -0.0152564 0.0251344 
v -0.0169271 -0.015827 0.0245805 
v -0.0170624 -0.0162719 0.0241934 
v -0.0171376 -0.0167402 0.0238178 
v -0.0171519 -0.0172265 0.0234581 
v -0.017105 -0.0177251 0.0231185 
v -0.0170072 -0.0181844 0.0228315 
v -0.0169975 -0.01823 0.022803 
v -0.0168307 -0.0187355 0.0225152 
v -0.0166065 -0.0192355 0.0222586 
v -0.0167501 -0.0189152 0.022423 
v -0.0163276 -0.0197241 0.0220362 
v -0.0159971 -0.0201958 0.0218505 
v -0.0156191 -0.0206449 0.0217038 
v -0.015198 -0.0210661 0.0215978 
v -0.0147385 -0.0214546 0.0215336 
v -0.0151746 -0.0210859 0.0215945 
v -0.0142463 -0.0218058 0.0215122 
v -0.013727 -0.0221155 0.0215336 
v -0.0131866 -0.0223802 0.0215978 
v -0.0126317 -0.0225967 0.0217038 
v -0.0120686 -0.0227624 0.0218505 
v -0.0115039 -0.0228755 0.0220362 
v -0.0109444 -0.0229347 0.0222586 
v -0.0105933 -0.0229375 0.022423 
v -0.0103964 -0.0229391 0.0225152 
v -0.00986655 -0.0228889 0.022803 
v -0.00936095 -0.0227845 0.0231185 
v -0.00982084 -0.0228794 0.0228315 
v -0.00888556 -0.0226271 0.0234581 
v -0.00844594 -0.0224187 0.0238178 
v -0.00804725 -0.0221617 0.0241934 
v -0.00769417 -0.0218591 0.0245805 
v -0.00739083 -0.0215144 0.0249746 
v -0.00728999 -0.0213601 0.0251344 
v -0.00714079 -0.0211317 0.0253709 
v -0.00694698 -0.0207154 0.025765 
v -0.00681168 -0.0202705 0.0261521 
v -0.00673646 -0.0198022 0.0265277 
v -0.00672222 -0.0193159 0.0268874 
v -0.00676912 -0.0188173 0.027227 
v -0.00687661 -0.0183124 0.0275426 
v -0.00681083 -0.0186214 0.0273495 
v -0.00704342 -0.0178069 0.0278303 
v -0.00694385 -0.0181086 0.0276586 
v -0.00726761 -0.0173069 0.0280869 
v -0.00754655 -0.0168183 0.0283093 
v -0.00787696 -0.0163466 0.028495 
v -0.00825497 -0.0158975 0.0286417 
v -0.00867614 -0.0154763 0.0287478 
v -0.0084206 -0.0157319 0.0286834 
v -0.00913555 -0.0150878 0.0288119 
v -0.0221155 0.013727 0.0215336 
v -0.0218058 0.0142463 0.0215122 
v -0.0223802 0.0131866 0.0215978 
v -0.0225967 0.0126317 0.0217038 
v -0.0227624 0.0120686 0.0218505 
v -0.0226098 0.012587 0.0217155 
v -0.0228755 0.0115039 0.0220362 
v -0.0229347 0.0109444 0.0222586 
v -0.0229391 0.0103964 0.0225152 
v -0.0228889 0.00986655 0.022803 
v -0.0228162 0.00951449 0.0230227 
v -0.0227845 0.00936095 0.0231185 
v -0.0226271 0.00888556 0.0234581 
v -0.0224187 0.00844594 0.0238178 
v -0.0221617 0.00804725 0.0241934 
v -0.0219733 0.00782737 0.0244345 
v -0.0218591 0.00769417 0.0245805 
v -0.0215144 0.00739083 0.0249746 
v -0.0211317 0.00714079 0.0253709 
v -0.0207154 0.00694698 0.025765 
v -0.0211073 0.00712946 0.025394 
v -0.0202705 0.00681168 0.0261521 
v -0.0205476 0.00689594 0.025911 
v -0.0198022 0.00673646 0.0265277 
v -0.0193159 0.00672222 0.0268874 
v -0.0188173 0.00676912 0.027227 
v -0.0183124 0.00687661 0.0275426 
v -0.017912 0.00700875 0.0277705 
v -0.0178069 0.00704342 0.0278303 
v -0.0173069 0.00726761 0.0280869 
v -0.0168183 0.00754655 0.0283093 
v -0.0163466 0.00787696 0.028495 
v -0.0159332 0.00822494 0.0286301 
v -0.0158975 0.00825497 0.0286417 
v -0.0154763 0.00867614 0.0287478 
v -0.0150878 0.00913555 0.0288119 
v -0.0147366 0.00962781 0.0288333 
v -0.0144269 0.0101471 0.0288119 
v -0.0141622 0.0106875 0.0287478 
v -0.0139457 0.0112424 0.0286417 
v -0.01378 0.0118055 0.028495 
v -0.0139326 0.0112871 0.0286301 
v -0.0137489 0.011937 0.0284552 
v -0.0136669 0.0123702 0.0283093 
v -0.0136077 0.0129297 0.0280869 
v -0.0136033 0.0134777 0.0278303 
v -0.0136535 0.0140075 0.0275426 
v -0.0136137 0.0135878 0.0277705 
v -0.013758 0.0145131 0.027227 
v -0.0139153 0.0149885 0.0268874 
v -0.0141237 0.0154282 0.0265277 
v -0.0143807 0.0158268 0.0261521 
v -0.0145691 0.0160467 0.025911 
v -0.0146833 0.0161799 0.025765 
v -0.0150078 0.0164655 0.025394 
v -0.015028 0.0164833 0.0253709 
v -0.0154107 0.0167333 0.0249746 
v -0.015827 0.0169271 0.0245805 
v -0.0162719 0.0170624 0.0241934 
v -0.0159948 0.0169782 0.0244345 
v -0.0167402 0.0171376 0.0238178 
v -0.0172265 0.0171519 0.0234581 
v -0.0177251 0.017105 0.0231185 
v -0.0178784 0.0170723 0.0230227 
v -0.01823 0.0169975 0.022803 
v -0.0187355 0.0168307 0.0225152 
v -0.0192355 0.0166065 0.0222586 
v -0.0197241 0.0163276 0.0220362 
v -0.0201958 0.0159971 0.0218505 
v -0.0206092 0.0156492 0.0217155 
v -0.0206449 0.0156191 0.0217038 
v -0.0210661 0.015198 0.0215978 
v -0.0214546 0.0147385 0.0215336 
v 0.013727 0.0221155 0.0215336 
v 0.0142463 0.0218058 0.0215122 
v 0.0132141 0.0223667 0.0215945 
v 0.0131866 0.0223802 0.0215978 
v 0.0126317 0.0225967 0.0217038 
v 0.0120686 0.0227624 0.0218505 
v 0.0115039 0.0228755 0.0220362 
v 0.011937 0.0227935 0.0218903 
v 0.0109444 0.0229347 0.0222586 
v 0.0105933 0.0229375 0.022423 
v 0.0103964 0.0229391 0.0225152 
v 0.00986655 0.0228889 0.022803 
v 0.00936095 0.0227845 0.0231185 
v 0.00982084 0.0228794 0.0228315 
v 0.00888556 0.0226271 0.0234581 
v 0.00844594 0.0224187 0.0238178 
v 0.00804725 0.0221617 0.0241934 
v 0.00769417 0.0218591 0.0245805 
v 0.00739083 0.0215144 0.0249746 
v 0.00728999 0.0213601 0.0251344 
v 0.00714079 0.0211317 0.0253709 
v 0.00694698 0.0207154 0.025765 
v 0.00681168 0.0202705 0.0261521 
v 0.00673646 0.0198022 0.0265277 
v 0.00672222 0.0193159 0.0268874 
v 0.00676912 0.0188173 0.027227 
v 0.00687661 0.0183124 0.0275426 
v 0.00681083 0.0186214 0.0273495 
v 0.00704342 0.0178069 0.0278303 
v 0.00694385 0.0181086 0.0276586 
v 0.00726761 0.0173069 0.0280869 
v 0.00754655 0.0168183 0.0283093 
v 0.00787696 0.0163466 0.028495 
v 0.00825497 0.0158975 0.0286417 
v 0.00867614 0.0154763 0.0287478 
v 0.0084206 0.0157319 0.0286834 
v 0.00913555 0.0150878 0.0288119 
v 0.00962781 0.0147366 0.0288333 
v 0.0101471 0.0144269 0.0288119 
v 0.0106875 0.0141622 0.0287478 
v 0.0110242 0.0140309 0.0286834 
v 0.0112424 0.0139457 0.0286417 
v 0.0118055 0.01378 0.028495 
v 0.0123702 0.0136669 0.0283093 
v 0.0129297 0.0136077 0.0280869 
v 0.0134777 0.0136033 0.0278303 
v 0.013794 0.0136333 0.0276586 
v 0.0140075 0.0136535 0.0275426 
v 0.0143169 0.0137174 0.0273495 
v 0.0145131 0.013758 0.027227 
v 0.0149885 0.0139153 0.0268874 
v 0.0154282 0.0141237 0.0265277 
v 0.0158268 0.0143807 0.0261521 
v 0.0161799 0.0146833 0.025765 
v 0.0164833 0.015028 0.0253709 
v 0.0167333 0.0154107 0.0249746 
v 0.0166325 0.0152564 0.0251344 
v 0.0169271 0.015827 0.0245805 
v 0.0170624 0.0162719 0.0241934 
v 0.0171376 0.0167402 0.0238178 
v 0.0171519 0.0172265 0.0234581 
v 0.017105 0.0177251 0.0231185 
v 0.0170072 0.0181844 0.0228315 
v 0.0169975 0.01823 0.022803 
v 0.0168307 0.0187355 0.0225152 
v 0.0166065 0.0192355 0.0222586 
v 0.0167501 0.0189152 0.022423 
v 0.0163276 0.0197241 0.0220362 
v 0.0159971 0.0201958 0.0218505 
v 0.0156191 0.0206449 0.0217038 
v 0.015198 0.0210661 0.0215978 
v 0.0147385 0.0214546 0.0215336 
v 0.0144269 -0.0101471 0.0288119 
v 0.0147366 -0.00962781 0.0288333 
v 0.0141622 -0.0106875 0.0287478 
v 0.0139457 -0.0112424 0.0286417 
v 0.01378 -0.0118055 0.028495 
v 0.0139326 -0.0112871 0.0286301 
v 0.0136669 -0.0123702 0.0283093 
v 0.0136077 -0.0129297 0.0280869 
v 0.0136033 -0.0134777 0.0278303 
v 0.0136535 -0.0140075 0.0275426 
v 0.0136137 -0.0135878 0.0277705 
v 0.013758 -0.0145131 0.027227 
v 0.0139153 -0.0149885 0.0268874 
v 0.0141237 -0.0154282 0.0265277 
v 0.0143807 -0.0158268 0.0261521 
v 0.0145691 -0.0160467 0.025911 
v 0.0146833 -0.0161799 0.025765 
v 0.0150078 -0.0164655 0.025394 
v 0.015028 -0.0164833 0.0253709 
v 0.0154107 -0.0167333 0.0249746 
v 0.015827 -0.0169271 0.0245805 
v 0.0162719 -0.0170624 0.0241934 
v 0.0159948 -0.0169782 0.0244345 
v 0.0167402 -0.0171376 0.0238178 
v 0.0172265 -0.0171519 0.0234581 
v 0.0177251 -0.017105 0.0231185 
v 0.0178784 -0.0170723 0.0230227 
v 0.01823 -0.0169975 0.022803 
v 0.0187355 -0.0168307 0.0225152 
v 0.0192355 -0.0166065 0.0222586 
v 0.0197241 -0.0163276 0.0220362 
v 0.0201958 -0.0159971 0.0218505 
v 0.0206092 -0.0156492 0.0217155 
v 0.0206449 -0.0156191 0.0217038 
v 0.0210661 -0.015198 0.0215978 
v 0.0214546 -0.0147385 0.0215336 
v 0.0218058 -0.0142463 0.0215122 
v 0.0221155 -0.013727 0.0215336 
v 0.0223802 -0.0131866 0.0215978 
v 0.0225967 -0.0126317 0.0217038 
v 0.0227624 -0.0120686 0.0218505 
v 0.0226098 -0.012587 0.0217155 
v 0.0227935 -0.011937 0.0218903 
v 0.0228755 -0.0115039 0.0220362 
v 0.0229347 -0.0109444 0.0222586 
v 0.0229391 -0.0103964 0.0225152 
v 0.0228889 -0.00986655 0.022803 
v 0.0228162 -0.00951449 0.0230227 
v 0.0227845 -0.00936095 0.0231185 
v 0.0226271 -0.00888556 0.0234581 
v 0.0224187 -0.00844594 0.0238178 
v 0.0221617 -0.00804725 0.0241934 
v 0.0219733 -0.00782737 0.0244345 
v 0.0218591 -0.00769417 0.0245805 
v 0.0215144 -0.00739083 0.0249746 
v 0.0211317 -0.00714079 0.0253709 
v 0.0207154 -0.00694698 0.025765 
v 0.0211073 -0.00712946 0.025394 
v 0.0202705 -0.00681168 0.0261521 
v 0.0205476 -0.00689594 0.025911 
v 0.0198022 -0.00673646 0.0265277 
v 0.0193159 -0.00672222 0.0268874 
v 0.0188173 -0.00676912 0.027227 
v 0.0183124 -0.00687661 0.0275426 
v 0.017912 -0.00700875 0.0277705 
v 0.0178069 -0.00704342 0.0278303 
v 0.0173069 -0.00726761 0.0280869 
v 0.0168183 -0.00754655 0.0283093 
v 0.0163466 -0.00787696 0.028495 
v 0.0159332 -0.00822494 0.0286301 
v 0.0158975 -0.00825497 0.0286417 
v 0.0154763 -0.00867614 0.0287478 
v 0.0150878 -0.00913555 0.0288119 
v 0.00253262 0.00498112 0.0333166 
v 0.00305632 0.0046781 0.0333166 
v 0.00202424 0.00520585 0.0333166 
v 0.00197922 0.00522575 0.0333166 
v 0.00140261 0.00540911 0.0333166 
v 0.000809561 0.00552905 0.0333166 
v 0.00137926 0.00541383 0.0333166 
v 0.00020702 0.00558416 0.0333166 
v -0.000397948 0.00557381 0.0333166 
v -1.62448e-17 0.005588 0.0333166 
v -0.00099825 0.00549811 0.0333166 
v -0.00158685 0.00535795 0.0333166 
v -0.00215684 0.00515498 0.0333166 
v -0.00270155 0.00489156 0.0333166 
v -0.00321458 0.0045708 0.0333166 
v -0.00368993 0.00419645 0.0333166 
v -0.00341311 0.00441445 0.0333166 
v -0.003948 0.00394347 0.0333166 
v -0.00412202 0.00377289 0.0333166 
v -0.00450577 0.00330511 0.0333166 
v -0.00483671 0.00279857 0.0333166 
v -0.00511093 0.00225923 0.0333166 
v -0.00532524 0.0016934 0.0333166 
v -0.00519724 0.00203135 0.0333166 
v -0.00541368 0.00135232 0.0333166 
v -0.00547711 0.00110771 0.0333166 
v -0.00556477 0.000509037 0.0333166 
v -0.00558718 -9.56041e-05 0.0333166 
v -0.00554409 -0.000699124 0.0333166 
v -0.005436 -0.00129445 0.0333166 
v -0.00526418 -0.0018746 0.0333166 
v -0.00503065 -0.00243276 0.0333166 
v -0.00473813 -0.00296241 0.0333166 
v -0.00440376 -0.00343784 0.0333166 
v -0.00439006 -0.00345733 0.0333166 
v -0.00399052 -0.00391171 0.0333166 
v -0.0035442 -0.00432023 0.0333166 
v -0.00395421 -0.00394495 0.0333166 
v -0.00305632 -0.0046781 0.0333166 
v -0.00253262 -0.00498112 0.0333166 
v -0.00202424 -0.00520585 0.0333166 
v -0.00197922 -0.00522575 0.0333166 
v -0.00140261 -0.00540911 0.0333166 
v -0.000809561 -0.00552905 0.0333166 
v -0.00137926 -0.00541383 0.0333166 
v -0.00020702 -0.00558416 0.0333166 
v 0.000397948 -0.00557381 0.0333166 
v 0.00099825 -0.00549811 0.0333166 
v 0.00158685 -0.00535795 0.0333166 
v 0.00215684 -0.00515498 0.0333166 
v 0.00270155 -0.00489156 0.0333166 
v 0.00321458 -0.0045708 0.0333166 
v 0.00368993 -0.00419645 0.0333166 
v 0.00341311 -0.00441445 0.0333166 
v 0.003948 -0.00394347 0.0333166 
v 0.00412202 -0.00377289 0.0333166 
v 0.00450577 -0.00330511 0.0333166 
v 0.00483671 -0.00279857 0.0333166 
v 0.00511093 -0.00225923 0.0333166 
v 0.00532524 -0.0016934 0.0333166 
v 0.00519724 -0.00203135 0.0333166 
v 0.00541368 -0.00135232 0.0333166 
v 0.00547711 -0.00110771 0.0333166 
v 0.00556477 -0.000509037 0.0333166 
v 0.00558718 9.56041e-05 0.0333166 
v 0.00554409 0.000699124 0.0333166 
v 0.005436 0.00129445 0.0333166 
v 0.00526418 0.0018746 0.0333166 
v 0.00503065 0.00243276 0.0333166 
v 0.00473813 0.00296241 0.0333166 
v 0.00440376 0.00343784 0.0333166 
v 0.00439006 0.00345733 0.0333166 
v 0.00399052 0.00391171 0.0333166 
v 0.0035442 0.00432023 0.0333166 
v 0.00395421 0.00394495 0.0333166 
v 0.0198473 0.00493707 -0.0268874 
v 0.0202 0.005153 -0.0265817 
v 0.0184638 0.00338171 -0.0280869 
v 0.0187598 0.00384286 -0.0278303 
v 0.0190917 0.00425896 -0.0275426 
v 0.0194556 0.00462513 -0.027227 
v 0.0182685 0.00300037 -0.0282563 
v 0.0202622 0.00519112 -0.0265277 
v 0.022508 0.00551439 -0.0245805 
v 0.0220536 0.0055798 -0.0249746 
v 0.0215964 0.0055798 -0.0253709 
v 0.0229545 0.00538432 -0.0241934 
v 0.0211419 0.00551439 -0.025765 
v 0.0206955 0.00538432 -0.0261521 
v 0.0206921 0.00538283 -0.026155 
v 0.0238026 0.00493707 -0.0234581 
v 0.0233877 0.00519112 -0.0238178 
v 0.0241944 0.00462513 -0.0231185 
v 0.0245583 0.00425896 -0.022803 
v 0.0230334 0.00534916 -0.0241251 
v 0.0248902 0.00384286 -0.0225152 
v 0.0256568 0.00234634 -0.0218505 
v 0.0257345 0.00208832 -0.0217832 
v 0.0254427 0.00288091 -0.0220362 
v 0.0251862 0.00338171 -0.0222586 
v 0.0250508 0.00359264 -0.022376 
v 0.0259484 -0.00120125 -0.0215978 
v 0.0259484 0.00120125 -0.0215978 
v 0.0260223 0.000604169 -0.0215336 
v 0.0260471 -6.84333e-19 -0.0215122 
v 0.0260223 -0.000604169 -0.0215336 
v 0.0258261 0.00178426 -0.0217038 
v 0.0258261 -0.00178426 -0.0217038 
v 0.0251862 -0.00338171 -0.0222586 
v 0.0248902 -0.00384286 -0.0225152 
v 0.0254427 -0.00288091 -0.0220362 
v 0.0256568 -0.00234634 -0.0218505 
v 0.0245583 -0.00425896 -0.022803 
v 0.0257876 -0.00191205 -0.0217372 
v 0.0241944 -0.00462513 -0.0231185 
v 0.0220536 -0.0055798 -0.0249746 
v 0.0229545 -0.00538432 -0.0241934 
v 0.022508 -0.00551439 -0.0245805 
v 0.0233877 -0.00519112 -0.0238178 
v 0.0238026 -0.00493707 -0.0234581 
v 0.0239278 -0.00483737 -0.0233496 
v 0.0206955 -0.00538432 -0.0261521 
v 0.0202622 -0.00519112 -0.0265277 
v 0.0211419 -0.00551439 -0.025765 
v 0.0198473 -0.00493707 -0.0268874 
v 0.0215964 -0.0055798 -0.0253709 
v 0.0194556 -0.00462513 -0.027227 
v 0.0218623 -0.0055798 -0.0251404 
v 0.0190917 -0.00425896 -0.0275426 
v 0.0187598 -0.00384286 -0.0278303 
v 0.0184638 -0.00338171 -0.0280869 
v 0.0182073 -0.00288091 -0.0283093 
v 0.0192749 -0.00444335 -0.0273837 
v 0.0179931 -0.00234634 -0.028495 
v 0.0178239 -0.00178426 -0.0286417 
v 0.0177016 -0.00120125 -0.0287478 
v 0.0176605 -0.000869346 -0.0287834 
v 0.0178239 0.00178426 -0.0286417 
v 0.0177016 0.00120125 -0.0287478 
v 0.0179931 0.00234634 -0.028495 
v 0.0176277 0.000604169 -0.0288119 
v 0.0176029 1.36867e-18 -0.0288333 
v 0.0182073 0.00288091 -0.0283093 
v 0.0176277 -0.000604169 -0.0288119 
v 0.0176434 -0.000731541 -0.0287982 
v -0.00137595 -0.00540885 -0.0333166 
v -0.00178426 -0.00529549 -0.0333166 
v -0.00384286 -0.00405686 -0.0333166 
v -0.00394022 -0.00395409 -0.0333166 
v -0.00288091 -0.00478812 -0.0333166 
v -0.00234634 -0.00507153 -0.0333166 
v -0.00204769 -0.00519052 -0.0333166 
v -0.00338171 -0.00444857 -0.0333166 
v -0.00425896 -0.00361759 -0.0333166 
v -0.00551439 0.000904038 -0.0333166 
v -0.00538432 -0.00149495 -0.0333166 
v -0.00551439 -0.000904038 -0.0333166 
v -0.0055798 -0.000302528 -0.0333166 
v -0.0055798 0.000302528 -0.0333166 
v -0.00519112 -0.00206833 -0.0333166 
v -0.00493707 -0.00261747 -0.0333166 
v -0.00462513 -0.00313591 -0.0333166 
v -0.00440003 -0.00343202 -0.0333166 
v -0.00541546 0.00135346 -0.0333166 
v -0.00538432 0.00149495 -0.0333166 
v -0.00425896 0.00361759 -0.0333166 
v -0.00394291 0.00395124 -0.0333166 
v -0.00462513 0.00313591 -0.0333166 
v -0.00493707 0.00261747 -0.0333166 
v -0.00519112 0.00206833 -0.0333166 
v -0.00521035 0.00201127 -0.0333166 
v -0.00384286 0.00405686 -0.0333166 
v 0.000604169 0.00555524 -0.0333166 
v 0.00120125 0.00545736 -0.0333166 
v -0.00120125 0.00545736 -0.0333166 
v -0.000604169 0.00555524 -0.0333166 
v 6.84333e-19 0.005588 -0.0333166 
v -0.00178426 0.00529549 -0.0333166 
v -0.00234634 0.00507153 -0.0333166 
v -0.00288091 0.00478812 -0.0333166 
v -0.00338171 0.00444857 -0.0333166 
v -0.00341803 0.00441772 -0.0333166 
v 0.00137595 0.00540885 -0.0333166 
v 0.00178426 0.00529549 -0.0333166 
v 0.00384286 0.00405686 -0.0333166 
v 0.00394022 0.00395409 -0.0333166 
v 0.00288091 0.00478812 -0.0333166 
v 0.00234634 0.00507153 -0.0333166 
v 0.00204769 0.00519052 -0.0333166 
v 0.00338171 0.00444857 -0.0333166 
v 0.00425896 0.00361759 -0.0333166 
v 0.00551439 -0.000904038 -0.0333166 
v 0.00538432 0.00149495 -0.0333166 
v 0.00551439 0.000904038 -0.0333166 
v 0.0055798 0.000302528 -0.0333166 
v 0.0055798 -0.000302528 -0.0333166 
v 0.00519112 0.00206833 -0.0333166 
v 0.00493707 0.00261747 -0.0333166 
v 0.00462513 0.00313591 -0.0333166 
v 0.00440003 0.00343202 -0.0333166 
v 0.00541546 -0.00135346 -0.0333166 
v 0.00538432 -0.00149495 -0.0333166 
v 0.00425896 -0.00361759 -0.0333166 
v 0.00394291 -0.00395124 -0.0333166 
v 0.00462513 -0.00313591 -0.0333166 
v 0.00493707 -0.00261747 -0.0333166 
v 0.00519112 -0.00206833 -0.0333166 
v 0.00521035 -0.00201127 -0.0333166 
v 0.00384286 -0.00405686 -0.0333166 
v -0.000604169 -0.00555524 -0.0333166 
v -0.00120125 -0.00545736 -0.0333166 
v 0.00120125 -0.00545736 -0.0333166 
v 0.000604169 -0.00555524 -0.0333166 
v -1.36867e-18 -0.005588 -0.0333166 
v 0.00178426 -0.00529549 -0.0333166 
v 0.00234634 -0.00507153 -0.0333166 
v 0.00288091 -0.00478812 -0.0333166 
v 0.00338171 -0.00444857 -0.0333166 
v 0.00341803 -0.00441772 -0.0333166 
v -0.00234634 -0.0256568 -0.0218505 
v -0.00178426 -0.0258261 -0.0217038 
v -0.00120125 -0.0259484 -0.0215978 
v -0.000604169 -0.0260223 -0.0215336 
v -0.000125009 -0.0260419 -0.0215166 
v -0.00338171 -0.0251862 -0.0222586 
v -0.00384286 -0.0248902 -0.0225152 
v -0.00288091 -0.0254427 -0.0220362 
v -0.00425896 -0.0245583 -0.022803 
v -0.00273645 -0.0255006 -0.021986 
v -0.00462513 -0.0241944 -0.0231185 
v -0.00538432 -0.0229545 -0.0241934 
v -0.00550971 -0.0225241 -0.0245666 
v -0.00470177 -0.0240981 -0.0232019 
v -0.00493707 -0.0238026 -0.0234581 
v -0.00519112 -0.0233877 -0.0238178 
v -0.00551439 -0.022508 -0.0245805 
v -0.0055798 -0.0220536 -0.0249746 
v -0.0055798 -0.0215964 -0.0253709 
v -0.00538432 -0.0206955 -0.0261521 
v -0.00519112 -0.0202622 -0.0265277 
v -0.00551439 -0.0211419 -0.025765 
v -0.00555881 -0.0214506 -0.0254974 
v -0.00493707 -0.0198473 -0.0268874 
v -0.00234634 -0.0179931 -0.028495 
v -0.00228824 -0.0179756 -0.0285102 
v -0.00425896 -0.0190917 -0.0275426 
v -0.00384286 -0.0187598 -0.0278303 
v -0.00462513 -0.0194556 -0.027227 
v -0.00338171 -0.0184638 -0.0280869 
v -0.00288091 -0.0182073 -0.0283093 
v -0.00471278 -0.0195657 -0.0271316 
v -0.00178426 -0.0178239 -0.0286417 
v 0.00120125 -0.0177016 -0.0287478 
v 0.000604169 -0.0176277 -0.0288119 
v -7.55172e-17 -0.0176029 -0.0288333 
v -0.000604169 -0.0176277 -0.0288119 
v -0.00120125 -0.0177016 -0.0287478 
v -0.001682 -0.0178025 -0.0286603 
v 0.00178426 -0.0178239 -0.0286417 
v 0.00338171 -0.0184638 -0.0280869 
v 0.00288091 -0.0182073 -0.0283093 
v 0.00384286 -0.0187598 -0.0278303 
v 0.00234634 -0.0179931 -0.028495 
v 0.00425896 -0.0190917 -0.0275426 
v 0.00193767 -0.0178701 -0.0286017 
v 0.00493707 -0.0198473 -0.0268874 
v 0.00519112 -0.0202622 -0.0265277 
v 0.00462513 -0.0194556 -0.027227 
v 0.00538432 -0.0206955 -0.0261521 
v 0.0045825 -0.0194132 -0.0272638 
v 0.00551439 -0.0211419 -0.025765 
v 0.0055798 -0.0215964 -0.0253709 
v 0.0055798 -0.0220536 -0.0249746 
v 0.00555153 -0.02225 -0.0248043 
v 0.00551489 -0.0225045 -0.0245836 
v 0.00425896 -0.0245583 -0.022803 
v 0.00384286 -0.0248902 -0.0225152 
v 0.00462513 -0.0241944 -0.0231185 
v 0.00493707 -0.0238026 -0.0234581 
v 0.00519112 -0.0233877 -0.0238178 
v 0.00538432 -0.0229545 -0.0241934 
v 0.00551439 -0.022508 -0.0245805 
v 0.000604169 -0.0260223 -0.0215336 
v 0.000430268 -0.0260294 -0.0215275 
v 0.00288091 -0.0254427 -0.0220362 
v 0.00234634 -0.0256568 -0.0218505 
v 0.00338171 -0.0251862 -0.0222586 
v 0.00178426 -0.0258261 -0.0217038 
v 0.00120125 -0.0259484 -0.0215978 
v 0.00363829 -0.0250215 -0.0224014 
v -7.75702e-17 -0.0260471 -0.0215122 
v 0.02714 -0.0156329 -0.0126594 
v 0.0271513 -0.015554 -0.0127298 
v 0.0271666 -0.0169364 -0.0107842 
v 0.0271234 -0.0167243 -0.0112179 
v 0.0270991 -0.0164074 -0.0117328 
v 0.0271046 -0.0160422 -0.0122152 
v 0.0272047 -0.0151842 -0.0130601 
v 0.0272981 -0.0147015 -0.0134128 
v 0.027419 -0.0141904 -0.0137133 
v 0.027566 -0.013657 -0.013958 
v 0.0277375 -0.0131074 -0.0141441 
v 0.0279313 -0.012548 -0.0142693 
v 0.0276816 -0.0132863 -0.0140834 
v 0.0281452 -0.0119856 -0.0143323 
v 0.0291491 -0.00983519 -0.013958 
v 0.0293631 -0.00945826 -0.0137663 
v 0.0286232 -0.0108776 -0.0142693 
v 0.0288816 -0.010345 -0.0141441 
v 0.0283768 -0.0114266 -0.0143323 
v 0.0281862 -0.0118866 -0.0143323 
v 0.0294223 -0.009354 -0.0137133 
v 0.0296982 -0.00890711 -0.0134128 
v 0.0312303 -0.00720423 -0.0106766 
v 0.0307638 -0.00756014 -0.0117328 
v 0.031005 -0.00735331 -0.0112179 
v 0.0305094 -0.00782232 -0.0122152 
v 0.030245 -0.00813675 -0.0126594 
v 0.0299735 -0.00849977 -0.0130601 
v 0.0298387 -0.00869916 -0.0132328 
v 0.0317855 -0.00711758 -0.00895801 
v 0.031923 -0.00721 -0.00837609 
v 0.0316229 -0.00708567 -0.00953993 
v 0.0320339 -0.00736188 -0.00780099 
v 0.0314371 -0.00711467 -0.010115 
v 0.0321168 -0.00757141 -0.00723946 
v 0.0314152 -0.00712414 -0.0101744 
v 0.031996 -0.00985891 -0.0045032 
v 0.0321707 -0.00783615 -0.00669807 
v 0.032195 -0.008153 -0.00618319 
v 0.0321895 -0.00851823 -0.00570083 
v 0.0321547 -0.00775742 -0.00685908 
v 0.0321542 -0.00892757 -0.00525666 
v 0.0320894 -0.00937621 -0.00485589 
v 0.0319449 -0.0100752 -0.00437608 
v 0.0318751 -0.01037 -0.00420275 
v 0.0317281 -0.0109035 -0.00395805 
v 0.0315567 -0.0114531 -0.00377197 
v 0.0313628 -0.0120124 -0.00364669 
v 0.0309174 -0.0131338 -0.00358368 
v 0.0308588 -0.0132643 -0.00359866 
v 0.0311499 -0.0125723 -0.00358397 
v 0.0311489 -0.0125748 -0.00358368 
v 0.0295959 -0.0156533 -0.0045032 
v 0.0293206 -0.0160607 -0.00485589 
v 0.0298718 -0.0152064 -0.00420275 
v 0.0301451 -0.0147252 -0.00395805 
v 0.0304125 -0.0142154 -0.00377197 
v 0.0306709 -0.0136828 -0.00364669 
v 0.0307309 -0.0135492 -0.00363135 
v 0.0290492 -0.0164237 -0.00525666 
v 0.0282891 -0.0172071 -0.00669807 
v 0.0280638 -0.0173562 -0.00723946 
v 0.0285304 -0.0170003 -0.00618319 
v 0.0287847 -0.0167381 -0.00570083 
v 0.0288482 -0.0166626 -0.00559421 
v 0.0275086 -0.0174429 -0.00895801 
v 0.0276712 -0.0174748 -0.00837609 
v 0.0273711 -0.0173504 -0.00953993 
v 0.027857 -0.0174458 -0.00780099 
v 0.0272602 -0.0171986 -0.010115 
v 0.0280562 -0.0173595 -0.00725999 
v 0.0271773 -0.016989 -0.0106766 
v 0.00735331 -0.031005 -0.0112179 
v 0.00739578 -0.0309555 -0.0113237 
v 0.00720878 -0.0312235 -0.0106931 
v 0.00890711 -0.0296982 -0.0134128 
v 0.009354 -0.0294223 -0.0137133 
v 0.00849977 -0.0299735 -0.0130601 
v 0.00813675 -0.030245 -0.0126594 
v 0.00782232 -0.0305094 -0.0122152 
v 0.00756014 -0.0307638 -0.0117328 
v 0.00983519 -0.0291491 -0.013958 
v 0.0108776 -0.0286232 -0.0142693 
v 0.0114266 -0.0283768 -0.0143323 
v 0.010345 -0.0288816 -0.0141441 
v 0.0119856 -0.0281452 -0.0143323 
v 0.00990183 -0.0291141 -0.0139823 
v 0.012548 -0.0279313 -0.0142693 
v 0.0131074 -0.0277375 -0.0141441 
v 0.0151842 -0.0272047 -0.0130601 
v 0.0154217 -0.0271704 -0.012848 
v 0.0147015 -0.0272981 -0.0134128 
v 0.0141904 -0.027419 -0.0137133 
v 0.013657 -0.027566 -0.013958 
v 0.0133901 -0.0276493 -0.0140483 
v 0.0167243 -0.0271234 -0.0112179 
v 0.0164074 -0.0270991 -0.0117328 
v 0.016989 -0.0271773 -0.0106766 
v 0.0160422 -0.0271046 -0.0122152 
v 0.0156329 -0.02714 -0.0126594 
v 0.0171986 -0.0272602 -0.010115 
v 0.0174429 -0.0275086 -0.00895801 
v 0.0174748 -0.0276712 -0.00837609 
v 0.0173504 -0.0273711 -0.00953993 
v 0.0174458 -0.027857 -0.00780099 
v 0.0172557 -0.0273019 -0.00989879 
v 0.0173562 -0.0280638 -0.00723946 
v 0.0172071 -0.0282891 -0.00669807 
v 0.0160607 -0.0293206 -0.00485589 
v 0.0171576 -0.0283469 -0.00657474 
v 0.0170003 -0.0285304 -0.00618319 
v 0.0167381 -0.0287847 -0.00570083 
v 0.0164237 -0.0290492 -0.00525666 
v 0.0142154 -0.0304125 -0.00377197 
v 0.0136828 -0.0306709 -0.00364669 
v 0.0147252 -0.0301451 -0.00395805 
v 0.0152064 -0.0298718 -0.00420275 
v 0.0156533 -0.0295959 -0.0045032 
v 0.0131338 -0.0309174 -0.00358368 
v 0.0160053 -0.029358 -0.00480797 
v 0.0114531 -0.0315567 -0.00377197 
v 0.0109035 -0.0317281 -0.00395805 
v 0.0120124 -0.0313628 -0.00364669 
v 0.0125748 -0.0311489 -0.00358368 
v 0.01037 -0.0318751 -0.00420275 
v 0.0128455 -0.0310368 -0.00358368 
v 0.00985891 -0.031996 -0.0045032 
v 0.00937621 -0.0320894 -0.00485589 
v 0.00892757 -0.0321542 -0.00525666 
v 0.00872198 -0.0321719 -0.00547974 
v 0.00917577 -0.0321183 -0.00503494 
v 0.00783615 -0.0321707 -0.00669807 
v 0.00757141 -0.0321168 -0.00723946 
v 0.008153 -0.032195 -0.00618319 
v 0.00736188 -0.0320339 -0.00780099 
v 0.00851823 -0.0321895 -0.00570083 
v 0.00721 -0.031923 -0.00837609 
v 0.00711758 -0.0317855 -0.00895801 
v 0.00731928 -0.0320028 -0.0079623 
v 0.00708567 -0.0316229 -0.00953993 
v 0.00711467 -0.0314371 -0.010115 
v 0.00720423 -0.0312303 -0.0106766 
v -0.0171187 -0.0272286 -0.0103289 
v -0.016989 -0.0271773 -0.0106766 
v -0.0156329 -0.02714 -0.0126594 
v -0.0152178 -0.0271999 -0.0130301 
v -0.0160422 -0.0271046 -0.0122152 
v -0.0164074 -0.0270991 -0.0117328 
v -0.0167243 -0.0271234 -0.0112179 
v -0.0169457 -0.0271685 -0.0107651 
v -0.0151842 -0.0272047 -0.0130601 
v -0.0147015 -0.0272981 -0.0134128 
v -0.0141904 -0.027419 -0.0137133 
v -0.013657 -0.027566 -0.013958 
v -0.0134015 -0.0276457 -0.0140445 
v -0.0140127 -0.027468 -0.0137948 
v -0.0119856 -0.0281452 -0.0143323 
v -0.0116548 -0.0282822 -0.0143323 
v -0.012548 -0.0279313 -0.0142693 
v -0.0131074 -0.0277375 -0.0141441 
v -0.0108776 -0.0286232 -0.0142693 
v -0.010345 -0.0288816 -0.0141441 
v -0.0114266 -0.0283768 -0.0143323 
v -0.009354 -0.0294223 -0.0137133 
v -0.00983519 -0.0291491 -0.013958 
v -0.00890711 -0.0296982 -0.0134128 
v -0.0100694 -0.0290262 -0.0140434 
v -0.00849977 -0.0299735 -0.0130601 
v -0.00813675 -0.030245 -0.0126594 
v -0.00873568 -0.0298141 -0.0132644 
v -0.00782232 -0.0305094 -0.0122152 
v -0.00774158 -0.0305877 -0.0120667 
v -0.00756014 -0.0307638 -0.0117328 
v -0.00735331 -0.031005 -0.0112179 
v -0.00720423 -0.0312303 -0.0106766 
v -0.00717906 -0.0312884 -0.0105187 
v -0.00711467 -0.0314371 -0.010115 
v -0.00708567 -0.0316229 -0.00953993 
v -0.00711758 -0.0317855 -0.00895801 
v -0.0071605 -0.0318494 -0.00868779 
v -0.00720511 -0.0319158 -0.00840693 
v -0.00721 -0.031923 -0.00837609 
v -0.00736188 -0.0320339 -0.00780099 
v -0.00757141 -0.0321168 -0.00723946 
v -0.00783615 -0.0321707 -0.00669807 
v -0.00892757 -0.0321542 -0.00525666 
v -0.00788561 -0.0321745 -0.0066177 
v -0.008153 -0.032195 -0.00618319 
v -0.00851823 -0.0321895 -0.00570083 
v -0.00937621 -0.0320894 -0.00485589 
v -0.01037 -0.0318751 -0.00420275 
v -0.0109035 -0.0317281 -0.00395805 
v -0.0114531 -0.0315567 -0.00377197 
v -0.00985891 -0.031996 -0.0045032 
v -0.0120124 -0.0313628 -0.00364669 
v -0.00942976 -0.0320791 -0.00481676 
v -0.0125748 -0.0311489 -0.00358368 
v -0.0130927 -0.0309344 -0.00358368 
v -0.0127591 -0.0310726 -0.00358368 
v -0.0136828 -0.0306709 -0.00364669 
v -0.0140483 -0.0304936 -0.00373266 
v -0.0131338 -0.0309174 -0.00358368 
v -0.0142154 -0.0304125 -0.00377197 
v -0.0147252 -0.0301451 -0.00395805 
v -0.0152064 -0.0298718 -0.00420275 
v -0.015228 -0.0298585 -0.00421724 
v -0.0156533 -0.0295959 -0.0045032 
v -0.0160607 -0.0293206 -0.00485589 
v -0.01607 -0.0293137 -0.00486617 
v -0.0164237 -0.0290492 -0.00525666 
v -0.0167381 -0.0287847 -0.00570083 
v -0.0168193 -0.0287059 -0.00585024 
v -0.0170003 -0.0285304 -0.00618319 
v -0.0172071 -0.0282891 -0.00669807 
v -0.0171916 -0.0283072 -0.00665938 
v -0.0173562 -0.0280638 -0.00723946 
v -0.0174458 -0.027857 -0.00780099 
v -0.0173491 -0.0280744 -0.00721386 
v -0.0174748 -0.0276712 -0.00837609 
v -0.0171986 -0.0272602 -0.010115 
v -0.0174429 -0.0275086 -0.00895801 
v -0.0174568 -0.0275799 -0.00870298 
v -0.0173504 -0.0273711 -0.00953993 
v -0.031005 -0.00735331 -0.0112179 
v -0.0312303 -0.00720423 -0.0106766 
v -0.0307638 -0.00756014 -0.0117328 
v -0.0313559 -0.00714984 -0.0103355 
v -0.0305094 -0.00782232 -0.0122152 
v -0.030245 -0.00813675 -0.0126594 
v -0.0299735 -0.00849977 -0.0130601 
v -0.0296982 -0.00890711 -0.0134128 
v -0.0302848 -0.00808936 -0.0125924 
v -0.0294223 -0.009354 -0.0137133 
v -0.0291491 -0.00983519 -0.013958 
v -0.0288816 -0.010345 -0.0141441 
v -0.0288238 -0.0104643 -0.0141721 
v -0.0289125 -0.0102863 -0.0141226 
v -0.0277375 -0.0131074 -0.0141441 
v -0.027566 -0.013657 -0.013958 
v -0.0279313 -0.012548 -0.0142693 
v -0.0281452 -0.0119856 -0.0143323 
v -0.0283768 -0.0114266 -0.0143323 
v -0.0286232 -0.0108776 -0.0142693 
v -0.0272047 -0.0151842 -0.0130601 
v -0.02714 -0.0156329 -0.0126594 
v -0.0272981 -0.0147015 -0.0134128 
v -0.0271046 -0.0160422 -0.0122152 
v -0.027419 -0.0141904 -0.0137133 
v -0.0270991 -0.0164074 -0.0117328 
v -0.0271234 -0.0167243 -0.0112179 
v -0.0271773 -0.016989 -0.0106766 
v -0.027247 -0.0171652 -0.0102043 
v -0.027147 -0.0168401 -0.0109812 
v -0.0276712 -0.0174748 -0.00837609 
v -0.0275086 -0.0174429 -0.00895801 
v -0.0273711 -0.0173504 -0.00953993 
v -0.0272602 -0.0171986 -0.010115 
v -0.027857 -0.0174458 -0.00780099 
v -0.0280638 -0.0173562 -0.00723946 
v -0.0277227 -0.0174667 -0.00821679 
v -0.0282891 -0.0172071 -0.00669807 
v -0.028324 -0.0171772 -0.00662358 
v -0.0285304 -0.0170003 -0.00618319 
v -0.0287847 -0.0167381 -0.00570083 
v -0.0290492 -0.0164237 -0.00525666 
v -0.0298718 -0.0152064 -0.00420275 
v -0.0290941 -0.0163636 -0.00519032 
v -0.0293206 -0.0160607 -0.00485589 
v -0.0295959 -0.0156533 -0.0045032 
v -0.0300041 -0.0149734 -0.00408424 
v -0.0301451 -0.0147252 -0.00395805 
v -0.0309174 -0.0131338 -0.00358368 
v -0.0306709 -0.0136828 -0.00364669 
v -0.0304125 -0.0142154 -0.00377197 
v -0.030305 -0.0144203 -0.00384677 
v -0.0311489 -0.0125748 -0.00358368 
v -0.0313628 -0.0120124 -0.00364669 
v -0.031996 -0.00985891 -0.0045032 
v -0.0320657 -0.00949899 -0.00476618 
v -0.0318751 -0.01037 -0.00420275 
v -0.0317281 -0.0109035 -0.00395805 
v -0.0315567 -0.0114531 -0.00377197 
v -0.0315324 -0.011523 -0.00375632 
v -0.0320894 -0.00937621 -0.00485589 
v -0.0321542 -0.00892757 -0.00525666 
v -0.0321895 -0.00851823 -0.00570083 
v -0.0321168 -0.00757141 -0.00723946 
v -0.0320523 -0.00740835 -0.00767644 
v -0.0321707 -0.00783615 -0.00669807 
v -0.032195 -0.008153 -0.00618319 
v -0.0321934 -0.00826281 -0.00603816 
v -0.0316229 -0.00708567 -0.00953993 
v -0.0317855 -0.00711758 -0.00895801 
v -0.031923 -0.00721 -0.00837609 
v -0.0314371 -0.00711467 -0.010115 
v -0.0320339 -0.00736188 -0.00780099 
v -0.0251862 0.00338171 -0.0222586 
v -0.0248902 0.00384286 -0.0225152 
v -0.0254427 0.00288091 -0.0220362 
v -0.0256568 0.00234634 -0.0218505 
v -0.0245583 0.00425896 -0.022803 
v -0.0257876 0.00191205 -0.0217372 
v -0.0241944 0.00462513 -0.0231185 
v -0.0220536 0.0055798 -0.0249746 
v -0.0229545 0.00538432 -0.0241934 
v -0.022508 0.00551439 -0.0245805 
v -0.0233877 0.00519112 -0.0238178 
v -0.0238026 0.00493707 -0.0234581 
v -0.0239278 0.00483737 -0.0233496 
v -0.0206955 0.00538432 -0.0261521 
v -0.0202622 0.00519112 -0.0265277 
v -0.0211419 0.00551439 -0.025765 
v -0.0198473 0.00493707 -0.0268874 
v -0.0215964 0.0055798 -0.0253709 
v -0.0194556 0.00462513 -0.027227 
v -0.0218623 0.0055798 -0.0251404 
v -0.0190917 0.00425896 -0.0275426 
v -0.0187598 0.00384286 -0.0278303 
v -0.0184638 0.00338171 -0.0280869 
v -0.0182073 0.00288091 -0.0283093 
v -0.0192749 0.00444335 -0.0273837 
v -0.0179931 0.00234634 -0.028495 
v -0.0178239 0.00178426 -0.0286417 
v -0.0177016 0.00120125 -0.0287478 
v -0.0176605 0.000869346 -0.0287834 
v -0.0178239 -0.00178426 -0.0286417 
v -0.0177016 -0.00120125 -0.0287478 
v -0.0179931 -0.00234634 -0.028495 
v -0.0176277 -0.000604169 -0.0288119 
v -0.0176029 -6.84333e-19 -0.0288333 
v -0.0182073 -0.00288091 -0.0283093 
v -0.0176277 0.000604169 -0.0288119 
v -0.0176434 0.000731541 -0.0287982 
v -0.0198473 -0.00493707 -0.0268874 
v -0.0202 -0.005153 -0.0265817 
v -0.0184638 -0.00338171 -0.0280869 
v -0.0187598 -0.00384286 -0.0278303 
v -0.0190917 -0.00425896 -0.0275426 
v -0.0194556 -0.00462513 -0.027227 
v -0.0182685 -0.00300037 -0.0282563 
v -0.0202622 -0.00519112 -0.0265277 
v -0.022508 -0.00551439 -0.0245805 
v -0.0220536 -0.0055798 -0.0249746 
v -0.0215964 -0.0055798 -0.0253709 
v -0.0229545 -0.00538432 -0.0241934 
v -0.0211419 -0.00551439 -0.025765 
v -0.0206955 -0.00538432 -0.0261521 
v -0.0206921 -0.00538283 -0.026155 
v -0.0238026 -0.00493707 -0.0234581 
v -0.0233877 -0.00519112 -0.0238178 
v -0.0241944 -0.00462513 -0.0231185 
v -0.0245583 -0.00425896 -0.022803 
v -0.0230334 -0.00534916 -0.0241251 
v -0.0248902 -0.00384286 -0.0225152 
v -0.0256568 -0.00234634 -0.0218505 
v -0.0257345 -0.00208832 -0.0217832 
v -0.0254427 -0.00288091 -0.0220362 
v -0.0251862 -0.00338171 -0.0222586 
v -0.0250508 -0.00359264 -0.022376 
v -0.0259484 0.00120125 -0.0215978 
v -0.0259484 -0.00120125 -0.0215978 
v -0.0260223 -0.000604169 -0.0215336 
v -0.0260471 1.36867e-18 -0.0215122 
v -0.0260223 0.000604169 -0.0215336 
v -0.0258261 -0.00178426 -0.0217038 
v -0.0258261 0.00178426 -0.0217038 
v -0.00735331 0.031005 -0.0112179 
v -0.00739578 0.0309555 -0.0113237 
v -0.00720878 0.0312235 -0.0106931 
v -0.00890711 0.0296982 -0.0134128 
v -0.009354 0.0294223 -0.0137133 
v -0.00849977 0.0299735 -0.0130601 
v -0.00813675 0.030245 -0.0126594 
v -0.00782232 0.0305094 -0.0122152 
v -0.00756014 0.0307638 -0.0117328 
v -0.00983519 0.0291491 -0.013958 
v -0.0108776 0.0286232 -0.0142693 
v -0.0114266 0.0283768 -0.0143323 
v -0.010345 0.0288816 -0.0141441 
v -0.0119856 0.0281452 -0.0143323 
v -0.00990183 0.0291141 -0.0139823 
v -0.012548 0.0279313 -0.0142693 
v -0.0131074 0.0277375 -0.0141441 
v -0.0151842 0.0272047 -0.0130601 
v -0.0154217 0.0271704 -0.012848 
v -0.0147015 0.0272981 -0.0134128 
v -0.0141904 0.027419 -0.0137133 
v -0.013657 0.027566 -0.013958 
v -0.0133901 0.0276493 -0.0140483 
v -0.0167243 0.0271234 -0.0112179 
v -0.0164074 0.0270991 -0.0117328 
v -0.016989 0.0271773 -0.0106766 
v -0.0160422 0.0271046 -0.0122152 
v -0.0156329 0.02714 -0.0126594 
v -0.0171986 0.0272602 -0.010115 
v -0.0174429 0.0275086 -0.00895801 
v -0.0174748 0.0276712 -0.00837609 
v -0.0173504 0.0273711 -0.00953993 
v -0.0174458 0.027857 -0.00780099 
v -0.0172557 0.0273019 -0.00989879 
v -0.0173562 0.0280638 -0.00723946 
v -0.0172071 0.0282891 -0.00669807 
v -0.0160607 0.0293206 -0.00485589 
v -0.0171576 0.0283469 -0.00657474 
v -0.0170003 0.0285304 -0.00618319 
v -0.0167381 0.0287847 -0.00570083 
v -0.0164237 0.0290492 -0.00525666 
v -0.0142154 0.0304125 -0.00377197 
v -0.0136828 0.0306709 -0.00364669 
v -0.0147252 0.0301451 -0.00395805 
v -0.0152064 0.0298718 -0.00420275 
v -0.0156533 0.0295959 -0.0045032 
v -0.0131338 0.0309174 -0.00358368 
v -0.0160053 0.029358 -0.00480797 
v -0.0114531 0.0315567 -0.00377197 
v -0.0109035 0.0317281 -0.00395805 
v -0.0120124 0.0313628 -0.00364669 
v -0.0125748 0.0311489 -0.00358368 
v -0.01037 0.0318751 -0.00420275 
v -0.0128455 0.0310368 -0.00358368 
v -0.00985891 0.031996 -0.0045032 
v -0.00937621 0.0320894 -0.00485589 
v -0.00892757 0.0321542 -0.00525666 
v -0.00872198 0.0321719 -0.00547974 
v -0.00917577 0.0321183 -0.00503494 
v -0.00783615 0.0321707 -0.00669807 
v -0.00757141 0.0321168 -0.00723946 
v -0.008153 0.032195 -0.00618319 
v -0.00736188 0.0320339 -0.00780099 
v -0.00851823 0.0321895 -0.00570083 
v -0.00721 0.031923 -0.00837609 
v -0.00711758 0.0317855 -0.00895801 
v -0.00731928 0.0320028 -0.0079623 
v -0.00708567 0.0316229 -0.00953993 
v -0.00711467 0.0314371 -0.010115 
v -0.00720423 0.0312303 -0.0106766 
v -0.02714 0.0156329 -0.0126594 
v -0.0271513 0.015554 -0.0127298 
v -0.0271666 0.0169364 -0.0107842 
v -0.0271234 0.0167243 -0.0112179 
v -0.0270991 0.0164074 -0.0117328 
v -0.0271046 0.0160422 -0.0122152 
v -0.0272047 0.0151842 -0.0130601 
v -0.0272981 0.0147015 -0.0134128 
v -0.027419 0.0141904 -0.0137133 
v -0.027566 0.013657 -0.013958 
v -0.0277375 0.0131074 -0.0141441 
v -0.0279313 0.012548 -0.0142693 
v -0.0276816 0.0132863 -0.0140834 
v -0.0281452 0.0119856 -0.0143323 
v -0.0291491 0.00983519 -0.013958 
v -0.0293631 0.00945826 -0.0137663 
v -0.0286232 0.0108776 -0.0142693 
v -0.0288816 0.010345 -0.0141441 
v -0.0283768 0.0114266 -0.0143323 
v -0.0281862 0.0118866 -0.0143323 
v -0.0294223 0.009354 -0.0137133 
v -0.0296982 0.00890711 -0.0134128 
v -0.0312303 0.00720423 -0.0106766 
v -0.0307638 0.00756014 -0.0117328 
v -0.031005 0.00735331 -0.0112179 
v -0.0305094 0.00782232 -0.0122152 
v -0.030245 0.00813675 -0.0126594 
v -0.0299735 0.00849977 -0.0130601 
v -0.0298387 0.00869916 -0.0132328 
v -0.0317855 0.00711758 -0.00895801 
v -0.031923 0.00721 -0.00837609 
v -0.0316229 0.00708567 -0.00953993 
v -0.0320339 0.00736188 -0.00780099 
v -0.0314371 0.00711467 -0.010115 
v -0.0321168 0.00757141 -0.00723946 
v -0.0314152 0.00712414 -0.0101744 
v -0.031996 0.00985891 -0.0045032 
v -0.0321707 0.00783615 -0.00669807 
v -0.032195 0.008153 -0.00618319 
v -0.0321895 0.00851823 -0.00570083 
v -0.0321547 0.00775742 -0.00685908 
v -0.0321542 0.00892757 -0.00525666 
v -0.0320894 0.00937621 -0.00485589 
v -0.0319449 0.0100752 -0.00437608 
v -0.0318751 0.01037 -0.00420275 
v -0.0317281 0.0109035 -0.00395805 
v -0.0315567 0.0114531 -0.00377197 
v -0.0313628 0.0120124 -0.00364669 
v -0.0309174 0.0131338 -0.00358368 
v -0.0308588 0.0132643 -0.00359866 
v -0.0311499 0.0125723 -0.00358397 
v -0.0311489 0.0125748 -0.00358368 
v -0.0295959 0.0156533 -0.0045032 
v -0.0293206 0.0160607 -0.00485589 
v -0.0298718 0.0152064 -0.00420275 
v -0.0301451 0.0147252 -0.00395805 
v -0.0304125 0.0142154 -0.00377197 
v -0.0306709 0.0136828 -0.00364669 
v -0.0307309 0.0135492 -0.00363135 
v -0.0290492 0.0164237 -0.00525666 
v -0.0282891 0.0172071 -0.00669807 
v -0.0280638 0.0173562 -0.00723946 
v -0.0285304 0.0170003 -0.00618319 
v -0.0287847 0.0167381 -0.00570083 
v -0.0288482 0.0166626 -0.00559421 
v -0.0275086 0.0174429 -0.00895801 
v -0.0276712 0.0174748 -0.00837609 
v -0.0273711 0.0173504 -0.00953993 
v -0.027857 0.0174458 -0.00780099 
v -0.0272602 0.0171986 -0.010115 
v -0.0280562 0.0173595 -0.00725999 
v -0.0271773 0.016989 -0.0106766 
v 0.031005 0.00735331 -0.0112179 
v 0.0312303 0.00720423 -0.0106766 
v 0.0307638 0.00756014 -0.0117328 
v 0.0313559 0.00714984 -0.0103355 
v 0.0305094 0.00782232 -0.0122152 
v 0.030245 0.00813675 -0.0126594 
v 0.0299735 0.00849977 -0.0130601 
v 0.0296982 0.00890711 -0.0134128 
v 0.0302848 0.00808936 -0.0125924 
v 0.0294223 0.009354 -0.0137133 
v 0.0291491 0.00983519 -0.013958 
v 0.0288816 0.010345 -0.0141441 
v 0.0288238 0.0104643 -0.0141721 
v 0.0289125 0.0102863 -0.0141226 
v 0.0277375 0.0131074 -0.0141441 
v 0.027566 0.013657 -0.013958 
v 0.0279313 0.012548 -0.0142693 
v 0.0281452 0.0119856 -0.0143323 
v 0.0283768 0.0114266 -0.0143323 
v 0.0286232 0.0108776 -0.0142693 
v 0.0272047 0.0151842 -0.0130601 
v 0.02714 0.0156329 -0.0126594 
v 0.0272981 0.0147015 -0.0134128 
v 0.0271046 0.0160422 -0.0122152 
v 0.027419 0.0141904 -0.0137133 
v 0.0270991 0.0164074 -0.0117328 
v 0.0271234 0.0167243 -0.0112179 
v 0.0271773 0.016989 -0.0106766 
v 0.027247 0.0171652 -0.0102043 
v 0.027147 0.0168401 -0.0109812 
v 0.0276712 0.0174748 -0.00837609 
v 0.0275086 0.0174429 -0.00895801 
v 0.0273711 0.0173504 -0.00953993 
v 0.0272602 0.0171986 -0.010115 
v 0.027857 0.0174458 -0.00780099 
v 0.0280638 0.0173562 -0.00723946 
v 0.0277227 0.0174667 -0.00821679 
v 0.0282891 0.0172071 -0.00669807 
v 0.028324 0.0171772 -0.00662358 
v 0.0285304 0.0170003 -0.00618319 
v 0.0287847 0.0167381 -0.00570083 
v 0.0290492 0.0164237 -0.00525666 
v 0.0298718 0.0152064 -0.00420275 
v 0.0290941 0.0163636 -0.00519032 
v 0.0293206 0.0160607 -0.00485589 
v 0.0295959 0.0156533 -0.0045032 
v 0.0300041 0.0149734 -0.00408424 
v 0.0301451 0.0147252 -0.00395805 
v 0.0309174 0.0131338 -0.00358368 
v 0.0306709 0.0136828 -0.00364669 
v 0.0304125 0.0142154 -0.00377197 
v 0.030305 0.0144203 -0.00384677 
v 0.0311489 0.0125748 -0.00358368 
v 0.0313628 0.0120124 -0.00364669 
v 0.031996 0.00985891 -0.0045032 
v 0.0320657 0.00949899 -0.00476618 
v 0.0318751 0.01037 -0.00420275 
v 0.0317281 0.0109035 -0.00395805 
v 0.0315567 0.0114531 -0.00377197 
v 0.0315324 0.011523 -0.00375632 
v 0.0320894 0.00937621 -0.00485589 
v 0.0321542 0.00892757 -0.00525666 
v 0.0321895 0.00851823 -0.00570083 
v 0.0321168 0.00757141 -0.00723946 
v 0.0320523 0.00740835 -0.00767644 
v 0.0321707 0.00783615 -0.00669807 
v 0.032195 0.008153 -0.00618319 
v 0.0321934 0.00826281 -0.00603816 
v 0.0316229 0.00708567 -0.00953993 
v 0.0317855 0.00711758 -0.00895801 
v 0.031923 0.00721 -0.00837609 
v 0.0314371 0.00711467 -0.010115 
v 0.0320339 0.00736188 -0.00780099 
v 0.0171187 0.0272286 -0.0103289 
v 0.016989 0.0271773 -0.0106766 
v 0.0156329 0.02714 -0.0126594 
v 0.0152178 0.0271999 -0.0130301 
v 0.0160422 0.0271046 -0.0122152 
v 0.0164074 0.0270991 -0.0117328 
v 0.0167243 0.0271234 -0.0112179 
v 0.0169457 0.0271685 -0.0107651 
v 0.0151842 0.0272047 -0.0130601 
v 0.0147015 0.0272981 -0.0134128 
v 0.0141904 0.027419 -0.0137133 
v 0.013657 0.027566 -0.013958 
v 0.0134015 0.0276457 -0.0140445 
v 0.0140127 0.027468 -0.0137948 
v 0.0119856 0.0281452 -0.0143323 
v 0.0116548 0.0282822 -0.0143323 
v 0.012548 0.0279313 -0.0142693 
v 0.0131074 0.0277375 -0.0141441 
v 0.0108776 0.0286232 -0.0142693 
v 0.010345 0.0288816 -0.0141441 
v 0.0114266 0.0283768 -0.0143323 
v 0.009354 0.0294223 -0.0137133 
v 0.00983519 0.0291491 -0.013958 
v 0.00890711 0.0296982 -0.0134128 
v 0.0100694 0.0290262 -0.0140434 
v 0.00849977 0.0299735 -0.0130601 
v 0.00813675 0.030245 -0.0126594 
v 0.00873568 0.0298141 -0.0132644 
v 0.00782232 0.0305094 -0.0122152 
v 0.00774158 0.0305877 -0.0120667 
v 0.00756014 0.0307638 -0.0117328 
v 0.00735331 0.031005 -0.0112179 
v 0.00720423 0.0312303 -0.0106766 
v 0.00717906 0.0312884 -0.0105187 
v 0.00711467 0.0314371 -0.010115 
v 0.00708567 0.0316229 -0.00953993 
v 0.00711758 0.0317855 -0.00895801 
v 0.0071605 0.0318494 -0.00868779 
v 0.00720511 0.0319158 -0.00840693 
v 0.00721 0.031923 -0.00837609 
v 0.00736188 0.0320339 -0.00780099 
v 0.00757141 0.0321168 -0.00723946 
v 0.00783615 0.0321707 -0.00669807 
v 0.00892757 0.0321542 -0.00525666 
v 0.00788561 0.0321745 -0.0066177 
v 0.008153 0.032195 -0.00618319 
v 0.00851823 0.0321895 -0.00570083 
v 0.00937621 0.0320894 -0.00485589 
v 0.01037 0.0318751 -0.00420275 
v 0.0109035 0.0317281 -0.00395805 
v 0.0114531 0.0315567 -0.00377197 
v 0.00985891 0.031996 -0.0045032 
v 0.0120124 0.0313628 -0.00364669 
v 0.00942976 0.0320791 -0.00481676 
v 0.0125748 0.0311489 -0.00358368 
v 0.0130927 0.0309344 -0.00358368 
v 0.0127591 0.0310726 -0.00358368 
v 0.0136828 0.0306709 -0.00364669 
v 0.0140483 0.0304936 -0.00373266 
v 0.0131338 0.0309174 -0.00358368 
v 0.0142154 0.0304125 -0.00377197 
v 0.0147252 0.0301451 -0.00395805 
v 0.0152064 0.0298718 -0.00420275 
v 0.015228 0.0298585 -0.00421724 
v 0.0156533 0.0295959 -0.0045032 
v 0.0160607 0.0293206 -0.00485589 
v 0.01607 0.0293137 -0.00486617 
v 0.0164237 0.0290492 -0.00525666 
v 0.0167381 0.0287847 -0.00570083 
v 0.0168193 0.0287059 -0.00585024 
v 0.0170003 0.0285304 -0.00618319 
v 0.0172071 0.0282891 -0.00669807 
v 0.0171916 0.0283072 -0.00665938 
v 0.0173562 0.0280638 -0.00723946 
v 0.0174458 0.027857 -0.00780099 
v 0.0173491 0.0280744 -0.00721386 
v 0.0174748 0.0276712 -0.00837609 
v 0.0171986 0.0272602 -0.010115 
v 0.0174429 0.0275086 -0.00895801 
v 0.0174568 0.0275799 -0.00870298 
v 0.0173504 0.0273711 -0.00953993 
v -0.00338171 0.0184638 -0.0280869 
v -0.00288091 0.0182073 -0.0283093 
v -0.00384286 0.0187598 -0.0278303 
v -0.00234634 0.0179931 -0.028495 
v -0.00425896 0.0190917 -0.0275426 
v -0.00193767 0.0178701 -0.0286017 
v -0.00493707 0.0198473 -0.0268874 
v -0.00519112 0.0202622 -0.0265277 
v -0.00462513 0.0194556 -0.027227 
v -0.00538432 0.0206955 -0.0261521 
v -0.0045825 0.0194132 -0.0272638 
v -0.00551439 0.0211419 -0.025765 
v -0.0055798 0.0215964 -0.0253709 
v -0.0055798 0.0220536 -0.0249746 
v -0.00555153 0.02225 -0.0248043 
v -0.00551489 0.0225045 -0.0245836 
v -0.00425896 0.0245583 -0.022803 
v -0.00384286 0.0248902 -0.0225152 
v -0.00462513 0.0241944 -0.0231185 
v -0.00493707 0.0238026 -0.0234581 
v -0.00519112 0.0233877 -0.0238178 
v -0.00538432 0.0229545 -0.0241934 
v -0.00551439 0.022508 -0.0245805 
v -0.000604169 0.0260223 -0.0215336 
v -0.000430268 0.0260294 -0.0215275 
v -0.00288091 0.0254427 -0.0220362 
v -0.00234634 0.0256568 -0.0218505 
v -0.00338171 0.0251862 -0.0222586 
v -0.00178426 0.0258261 -0.0217038 
v -0.00120125 0.0259484 -0.0215978 
v -0.00363829 0.0250215 -0.0224014 
v 2.29289e-16 0.0260471 -0.0215122 
v 0.00234634 0.0256568 -0.0218505 
v 0.00178426 0.0258261 -0.0217038 
v 0.00120125 0.0259484 -0.0215978 
v 0.000604169 0.0260223 -0.0215336 
v 0.000125009 0.0260419 -0.0215166 
v 0.00338171 0.0251862 -0.0222586 
v 0.00384286 0.0248902 -0.0225152 
v 0.00288091 0.0254427 -0.0220362 
v 0.00425896 0.0245583 -0.022803 
v 0.00273645 0.0255006 -0.021986 
v 0.00462513 0.0241944 -0.0231185 
v 0.00538432 0.0229545 -0.0241934 
v 0.00550971 0.0225241 -0.0245666 
v 0.00470177 0.0240981 -0.0232019 
v 0.00493707 0.0238026 -0.0234581 
v 0.00519112 0.0233877 -0.0238178 
v 0.00551439 0.022508 -0.0245805 
v 0.0055798 0.0220536 -0.0249746 
v 0.0055798 0.0215964 -0.0253709 
v 0.00538432 0.0206955 -0.0261521 
v 0.00519112 0.0202622 -0.0265277 
v 0.00551439 0.0211419 -0.025765 
v 0.00555881 0.0214506 -0.0254974 
v 0.00493707 0.0198473 -0.0268874 
v 0.00234634 0.0179931 -0.028495 
v 0.00228824 0.0179756 -0.0285102 
v 0.00425896 0.0190917 -0.0275426 
v 0.00384286 0.0187598 -0.0278303 
v 0.00462513 0.0194556 -0.027227 
v 0.00338171 0.0184638 -0.0280869 
v 0.00288091 0.0182073 -0.0283093 
v 0.00471278 0.0195657 -0.0271316 
v 0.00178426 0.0178239 -0.0286417 
v -0.00120125 0.0177016 -0.0287478 
v -0.000604169 0.0176277 -0.0288119 
v 2.27236e-16 0.0176029 -0.0288333 
v 0.000604169 0.0176277 -0.0288119 
v 0.00120125 0.0177016 -0.0287478 
v 0.001682 0.0178025 -0.0286603 
v -0.00178426 0.0178239 -0.0286417 
v -0.0153108 -0.0301132 0 
v -0.0153287 -0.0301015 0.000394902 
v -0.0120009 -0.0315687 0.000785175 
v -0.0153823 -0.0300665 0.000785175 
v -0.0121074 -0.0314992 0.00156114 
v -0.0154709 -0.0300086 0.00116624 
v -0.0122835 -0.0313841 0.00231881 
v -0.0155934 -0.0299285 0.00153364 
v -0.0125272 -0.0312249 0.00304929 
v -0.0157485 -0.0298272 0.00188305 
v -0.0128355 -0.0310235 0.00374402 
v -0.0159343 -0.0297058 0.00221038 
v -0.0132049 -0.0307821 0.00439485 
v -0.0161486 -0.0295658 0.00251181 
v -0.0136311 -0.0305037 0.00499416 
v -0.016389 -0.0294087 0.00278378 
v -0.014109 -0.0301915 0.00553492 
v -0.0166526 -0.0292365 0.00302311 
v -0.0146331 -0.0298491 0.00601079 
v -0.0169363 -0.0290512 0.00322701 
v -0.0151971 -0.0294806 0.00641618 
v -0.0172368 -0.0288549 0.00339307 
v -0.0157946 -0.0290902 0.00674635 
v -0.0175505 -0.0286499 0.00351934 
v -0.0164184 -0.0286827 0.00699743 
v -0.0178739 -0.0284387 0.00360436 
v -0.0170613 -0.0282626 0.00716646 
v -0.018203 -0.0282236 0.00364712 
v -0.0177157 -0.0278351 0.00725148 
v -0.0185341 -0.0280073 0.00364712 
v -0.018374 -0.027405 0.00725148 
v -0.0188632 -0.0277923 0.00360436 
v -0.0190285 -0.0269775 0.00716646 
v -0.0191866 -0.027581 0.00351934 
v -0.0196714 -0.0265574 0.00699743 
v -0.0195003 -0.027376 0.00339307 
v -0.0202952 -0.0261499 0.00674635 
v -0.0198008 -0.0271797 0.00322701 
v -0.0208926 -0.0257595 0.00641618 
v -0.0200845 -0.0269944 0.00302311 
v -0.0214567 -0.025391 0.00601079 
v -0.0203481 -0.0268222 0.00278378 
v -0.0219808 -0.0250486 0.00553492 
v -0.0205885 -0.0266651 0.00251181 
v -0.0224587 -0.0247364 0.00499416 
v -0.0208028 -0.0265251 0.00221038 
v -0.0228848 -0.024458 0.00439485 
v -0.0209886 -0.0264037 0.00188305 
v -0.0232543 -0.0242166 0.00374402 
v -0.0211437 -0.0263024 0.00153364 
v -0.0235626 -0.0240152 0.00304929 
v -0.0212662 -0.0262223 0.00116624 
v -0.0238063 -0.023856 0.00231881 
v -0.0213548 -0.0261645 0.000785175 
v -0.0239824 -0.0237409 0.00156114 
v -0.0214084 -0.0261295 0.000394902 
v -0.0240889 -0.0236714 0.000785175 
v -0.0214263 -0.0261178 -7.60324e-19 
v -0.0241245 -0.0236481 -1.51173e-18 
v -0.0214084 -0.0261295 -0.000394902 
v -0.0240889 -0.0236714 -0.000785175 
v -0.0213548 -0.0261645 -0.000785175 
v -0.0239824 -0.0237409 -0.00156114 
v -0.0212662 -0.0262223 -0.00116624 
v -0.0238063 -0.023856 -0.00231881 
v -0.0211437 -0.0263024 -0.00153364 
v -0.0235626 -0.0240152 -0.00304929 
v -0.0209886 -0.0264037 -0.00188305 
v -0.0232543 -0.0242166 -0.00374402 
v -0.0208028 -0.0265251 -0.00221038 
v -0.0228848 -0.024458 -0.00439485 
v -0.0205885 -0.0266651 -0.00251181 
v -0.0224587 -0.0247364 -0.00499416 
v -0.0203481 -0.0268222 -0.00278378 
v -0.0219808 -0.0250486 -0.00553492 
v -0.0200845 -0.0269944 -0.00302311 
v -0.0214567 -0.025391 -0.00601079 
v -0.0198008 -0.0271797 -0.00322701 
v -0.0208926 -0.0257595 -0.00641618 
v -0.0195003 -0.027376 -0.00339307 
v -0.0202952 -0.0261499 -0.00674635 
v -0.0191866 -0.027581 -0.00351934 
v -0.0196714 -0.0265574 -0.00699743 
v -0.0188632 -0.0277923 -0.00360436 
v -0.0190285 -0.0269775 -0.00716646 
v -0.0185341 -0.0280073 -0.00364712 
v -0.018374 -0.027405 -0.00725148 
v -0.018203 -0.0282236 -0.00364712 
v -0.0177157 -0.0278351 -0.00725148 
v -0.0155934 -0.0299285 -0.00153364 
v -0.0154709 -0.0300086 -0.00116624 
v -0.0122835 -0.0313841 -0.00231881 
v -0.0153823 -0.0300665 -0.000785175 
v -0.0121074 -0.0314992 -0.00156114 
v -0.0153287 -0.0301015 -0.000394902 
v -0.0120009 -0.0315687 -0.000785175 
v -0.0119653 -0.031592 0 
v -0.00853235 -0.0326659 0.00116624 
v -0.00869054 -0.0325626 0.00231881 
v -0.00895212 -0.0323917 0.00344419 
v -0.00931403 -0.0321552 0.00452919 
v -0.012442 -0.0301116 0.00892799 
v -0.0132798 -0.0295643 0.00953013 
v -0.0141672 -0.0289845 0.0100205 
v -0.0150938 -0.0283791 0.0103935 
v -0.0160487 -0.0277553 0.0106445 
v -0.0170208 -0.0271202 0.0107708 
v -0.0179985 -0.0264814 0.0107708 
v -0.0189706 -0.0258463 0.0106445 
v -0.0199255 -0.0252225 0.0103935 
v -0.0208521 -0.0246171 0.0100205 
v -0.0217395 -0.0240373 0.00953013 
v -0.0225773 -0.02349 0.00892799 
v -0.0233557 -0.0229814 0.00822117 
v -0.0260672 -0.02121 0.00344419 
v -0.0263288 -0.0210391 0.00231881 
v -0.026487 -0.0209357 0.00116624 
v -0.0265399 -0.0209011 -2.24542e-18 
v -0.026487 -0.0209357 -0.00116624 
v -0.0263288 -0.0210391 -0.00231881 
v -0.0260672 -0.02121 -0.00344419 
v -0.0257053 -0.0214464 -0.00452919 
v -0.0252473 -0.0217456 -0.0055611 
v -0.0246986 -0.0221041 -0.0065278 
v -0.0240656 -0.0225177 -0.00741797 
v -0.0233557 -0.0229814 -0.00822117 
v -0.0225773 -0.02349 -0.00892799 
v -0.0217395 -0.0240373 -0.00953013 
v -0.0208521 -0.0246171 -0.0100205 
v -0.0199255 -0.0252225 -0.0103935 
v -0.0189706 -0.0258463 -0.0106445 
v -0.0179985 -0.0264814 -0.0107708 
v -0.0125272 -0.0312249 -0.00304929 
v -0.00895212 -0.0323917 -0.00344419 
v -0.00869054 -0.0325626 -0.00231881 
v -0.00853235 -0.0326659 -0.00116624 
v -0.00847942 -0.0327005 0 
v -0.00496377 -0.0333801 0.00153364 
v -0.00517179 -0.0332442 0.00304929 
v -0.0123738 -0.028539 0.0131773 
v -0.0135923 -0.0277429 0.0136677 
v -0.014848 -0.0269225 0.0139978 
v -0.0161263 -0.0260874 0.0141639 
v -0.017412 -0.0252473 0.0141639 
v -0.0186903 -0.0244122 0.0139978 
v -0.019946 -0.0235918 0.0136677 
v -0.0211645 -0.0227957 0.0131773 
v -0.0223315 -0.0220333 0.0125323 
v -0.0285745 -0.0179546 0.00153364 
v -0.0286441 -0.0179091 -2.95278e-18 
v -0.0285745 -0.0179546 -0.00153364 
v -0.0283665 -0.0180905 -0.00304929 
v -0.0280225 -0.0183152 -0.00452919 
v -0.0275466 -0.0186262 -0.005956 
v -0.0269443 -0.0190197 -0.00731297 
v -0.0262227 -0.0194911 -0.00858421 
v -0.0253903 -0.0200349 -0.00975481 
v -0.0244569 -0.0206448 -0.010811 
v -0.0234332 -0.0213135 -0.0117405 
v -0.0223315 -0.0220333 -0.0125323 
v -0.0211645 -0.0227957 -0.0131773 
v -0.019946 -0.0235918 -0.0136677 
v -0.0186903 -0.0244122 -0.0139978 
v -0.017412 -0.0252473 -0.0141639 
v -0.0170208 -0.0271202 -0.0107708 
v -0.0161263 -0.0260874 -0.0141639 
v -0.00931403 -0.0321552 -0.00452919 
v -0.00551578 -0.0330195 -0.00452919 
v -0.00517179 -0.0332442 -0.00304929 
v -0.00496377 -0.0333801 -0.00153364 
v -0.00489416 -0.0334256 0 
v -0.001337 -0.033703 0.00188305 
v -0.00159241 -0.0335361 0.00374402 
v -0.0112068 -0.0293014 0.0125323 
v -0.0104352 -0.0277589 0.0161795 
v -0.0119313 -0.0267814 0.0167816 
v -0.0134732 -0.0257741 0.017187 
v -0.0150427 -0.0247487 0.0173909 
v -0.0166214 -0.0237173 0.0173909 
v -0.0181909 -0.0226919 0.017187 
v -0.0197327 -0.0216846 0.0167816 
v -0.0212288 -0.0207071 0.0161795 
v -0.0226617 -0.019771 0.0153876 
v -0.0283665 -0.0180905 0.00304929 
v -0.0303271 -0.014763 0.00188305 
v -0.0304125 -0.0147072 -3.62552e-18 
v -0.0303271 -0.014763 -0.00188305 
v -0.0300717 -0.0149299 -0.00374402 
v -0.0252713 -0.0180661 -0.0132742 
v -0.0240144 -0.0188872 -0.0144154 
v -0.0226617 -0.019771 -0.0153876 
v -0.0212288 -0.0207071 -0.0161795 
v -0.0197327 -0.0216846 -0.0167816 
v -0.0181909 -0.0226919 -0.017187 
v -0.0166214 -0.0237173 -0.0173909 
v -0.0150427 -0.0247487 -0.0173909 
v -0.014848 -0.0269225 -0.0139978 
v -0.0134732 -0.0257741 -0.017187 
v -0.00659398 -0.0323151 -0.00731297 
v -0.0059917 -0.0327085 -0.005956 
v -0.00259913 -0.0328784 -0.00731297 
v -0.00201477 -0.0332602 -0.0055611 
v -0.00159241 -0.0335361 -0.00374402 
v -0.001337 -0.033703 -0.00188305 
v -0.00125153 -0.0337588 0 
v 0.00230545 -0.0336307 0.00221038 
v 0.00200563 -0.0334348 0.00439485 
v -0.00764964 -0.0295788 0.0144154 
v -0.0090024 -0.028695 0.0153876 
v -0.00669246 -0.0277521 0.0180625 
v -0.00837436 -0.0266533 0.018992 
v -0.0101305 -0.0255059 0.0196988 
v -0.0119404 -0.0243235 0.0201747 
v -0.0137827 -0.0231199 0.020414 
v -0.0156359 -0.0219091 0.020414 
v -0.0174782 -0.0207055 0.0201747 
v -0.0192881 -0.0195231 0.0196988 
v -0.0210443 -0.0183757 0.018992 
v -0.0227262 -0.0172769 0.0180625 
v -0.0240144 -0.0188872 0.0144154 
v -0.0243141 -0.0162395 0.0169213 
v -0.0300717 -0.0149299 0.00374402 
v -0.0317241 -0.0113983 0.00221038 
v -0.0318244 -0.0113328 -4.25576e-18 
v -0.0317241 -0.0113983 -0.00221038 
v -0.0264174 -0.0173173 -0.0119773 
v -0.0257894 -0.0152756 -0.0155816 
v -0.0243141 -0.0162395 -0.0169213 
v -0.0227262 -0.0172769 -0.0180625 
v -0.0210443 -0.0183757 -0.018992 
v -0.0192881 -0.0195231 -0.0196988 
v -0.0174782 -0.0207055 -0.0201747 
v -0.0156359 -0.0219091 -0.020414 
v -0.0137827 -0.0231199 -0.020414 
v -0.0119404 -0.0243235 -0.0201747 
v -0.0119313 -0.0267814 -0.0167816 
v -0.0101305 -0.0255059 -0.0196988 
v -0.0104352 -0.0277589 -0.0161795 
v -0.00837436 -0.0266533 -0.018992 
v -0.0090024 -0.028695 -0.0153876 
v -0.00669246 -0.0277521 -0.0180625 
v -0.00764964 -0.0295788 -0.0144154 
v -0.00510454 -0.0287895 -0.0169213 
v -0.00639282 -0.0303999 -0.0132742 
v -0.00362924 -0.0297534 -0.0155816 
v -0.00524665 -0.0311487 -0.0119773 
v -0.00228383 -0.0306324 -0.0140593 
v -0.0042246 -0.0318164 -0.01054 
v -0.00108411 -0.0314162 -0.0123722 
v -0.00333862 -0.0323953 -0.00897911 
v -4.41254e-05 -0.0320956 -0.01054 
v 0.000823921 -0.0326628 -0.00858421 
v 0.00150986 -0.0331109 -0.0065278 
v 0.00200563 -0.0334348 -0.00439485 
v 0.00230545 -0.0336307 -0.00221038 
v 0.00240578 -0.0336962 0 
v 0.00592087 -0.0331641 0.00251181 
v 0.00558017 -0.0329415 0.00499416 
v 0.00150986 -0.0331109 0.0065278 
v 0.00501678 -0.0325734 0.00741797 
v 0.000823921 -0.0326628 0.00858421 
v 0.00423731 -0.0320642 0.00975481 
v -4.41254e-05 -0.0320956 0.01054 
v 0.00325089 -0.0314197 0.0119773 
v -0.00108411 -0.0314162 0.0123722 
v 0.00206909 -0.0306476 0.0140593 
v -0.00228383 -0.0306324 0.0140593 
v 0.000705763 -0.0297569 0.0159765 
v -0.00362924 -0.0297534 0.0155816 
v -0.000823107 -0.0287581 0.0177064 
v -0.00510454 -0.0287895 0.0169213 
v -0.0024996 -0.0276628 0.0192288 
v -0.00430405 -0.0264839 0.0205256 
v -0.00621531 -0.0252352 0.0215819 
v -0.00821096 -0.0239314 0.0223851 
v -0.0206129 -0.0158289 0.0215819 
v -0.0225242 -0.0145802 0.0205256 
v -0.0243286 -0.0134013 0.0192288 
v -0.0257894 -0.0152756 0.0155816 
v -0.0260051 -0.012306 0.0177064 
v -0.0271348 -0.0143966 0.0140593 
v -0.027534 -0.0113072 0.0159765 
v -0.0283345 -0.0136128 0.0123722 
v -0.0288973 -0.0104165 0.0140593 
v -0.0293745 -0.0129334 0.01054 
v -0.0300791 -0.00964438 0.0119773 
v -0.0302425 -0.0123662 0.00858421 
v -0.0310656 -0.00899992 0.00975481 
v -0.0309285 -0.0119181 0.0065278 
v -0.031845 -0.00849067 0.00741797 
v -0.0314242 -0.0115942 0.00439485 
v -0.0324084 -0.0081226 0.00499416 
v -0.0327491 -0.00790001 0.00251181 
v -0.0328631 -0.00782553 -4.8361e-18 
v -0.0327491 -0.00790001 -0.00251181 
v -0.0271348 -0.0143966 -0.0140593 
v -0.0260051 -0.012306 -0.0177064 
v -0.0243286 -0.0134013 -0.0192288 
v -0.0225242 -0.0145802 -0.0205256 
v -0.0206129 -0.0158289 -0.0215819 
v -0.0186173 -0.0171327 -0.0223851 
v -0.0165606 -0.0184764 -0.0229258 
v -0.0144671 -0.0198441 -0.0231978 
v -0.0123612 -0.02122 -0.0231978 
v -0.0102676 -0.0225877 -0.0229258 
v -0.00821096 -0.0239314 -0.0223851 
v -0.00621531 -0.0252352 -0.0215819 
v -0.00430405 -0.0264839 -0.0205256 
v -0.0024996 -0.0276628 -0.0192288 
v -0.000823107 -0.0287581 -0.0177064 
v 0.000705763 -0.0297569 -0.0159765 
v 0.00206909 -0.0306476 -0.0140593 
v 0.00325089 -0.0314197 -0.0119773 
v 0.00423731 -0.0320642 -0.00975481 
v 0.00501678 -0.0325734 -0.00741797 
v 0.00558017 -0.0329415 -0.00499416 
v 0.00592087 -0.0331641 -0.00251181 
v 0.00603488 -0.0332386 0 
v 0.00946687 -0.0323087 0.00278378 
v 0.00908928 -0.032062 0.00553492 
v 0.00846489 -0.0316541 0.00822117 
v 0.00760102 -0.0310897 0.010811 
v 0.00650779 -0.0303755 0.0132742 
v 0.00519803 -0.0295198 0.0155816 
v 0.00368709 -0.0285326 0.0177064 
v 0.00199267 -0.0274256 0.0196237 
v 0.000134657 -0.0262117 0.0213108 
v -0.00186518 -0.0249052 0.0227481 
v -0.00398338 -0.0235213 0.0239187 
v -0.00619513 -0.0220763 0.0248089 
v -0.0186173 -0.0171327 0.0223851 
v -0.01994 -0.0130965 0.0239187 
v -0.0220582 -0.0117126 0.0227481 
v -0.024058 -0.010406 0.0213108 
v -0.025916 -0.00919216 0.0196237 
v -0.0276104 -0.00808516 0.0177064 
v -0.0291214 -0.00709802 0.0155816 
v -0.0304311 -0.00624231 0.0132742 
v -0.0315244 -0.00552808 0.010811 
v -0.0323882 -0.00496369 0.00822117 
v -0.0330126 -0.00455576 0.00553492 
v -0.0333902 -0.00430908 0.00278378 
v -0.0335166 -0.00422652 -5.35975e-18 
v -0.0333902 -0.00430908 -0.00278378 
v -0.0324084 -0.0081226 -0.00499416 
v -0.0330126 -0.00455576 -0.00553492 
v -0.027534 -0.0113072 -0.0159765 
v -0.025916 -0.00919216 -0.0196237 
v -0.024058 -0.010406 -0.0213108 
v -0.0220582 -0.0117126 -0.0227481 
v -0.01994 -0.0130965 -0.0239187 
v -0.0177282 -0.0145415 -0.0248089 
v -0.0154489 -0.0160306 -0.0254082 
v -0.0131286 -0.0175465 -0.0257096 
v -0.0107947 -0.0190713 -0.0257096 
v -0.00847448 -0.0205872 -0.0254082 
v -0.00619513 -0.0220763 -0.0248089 
v 0.00199267 -0.0274256 -0.0196237 
v 0.00368709 -0.0285326 -0.0177064 
v 0.00519803 -0.0295198 -0.0155816 
v 0.00650779 -0.0303755 -0.0132742 
v 0.00959322 -0.0323913 0 
v 0.0129019 -0.0310745 0.00302311 
v 0.0124918 -0.0308066 0.00601079 
v 0.0118138 -0.0303636 0.00892799 
v 0.0108756 -0.0297507 0.0117405 
v 0.0096884 -0.0289751 0.0144154 
v 0.00826603 -0.0280458 0.0169213 
v 0.00662518 -0.0269738 0.0192288 
v 0.00478509 -0.0257716 0.0213108 
v 0.00276733 -0.0244534 0.023143 
v 0.000595562 -0.0230345 0.0247039 
v -0.00170476 -0.0215316 0.0259751 
v -0.00410665 -0.0199624 0.0269418 
v -0.0177282 -0.0145415 0.0248089 
v -0.0190332 -0.0102105 0.0259751 
v -0.0213335 -0.00870765 0.0247039 
v -0.0235053 -0.00728878 0.023143 
v -0.025523 -0.00597053 0.0213108 
v -0.0273631 -0.00476835 0.0192288 
v -0.029004 -0.00369634 0.0169213 
v -0.0304264 -0.00276707 0.0144154 
v -0.0316136 -0.00199143 0.0117405 
v -0.0325517 -0.00137852 0.00892799 
v -0.0332298 -0.000935515 0.00601079 
v -0.0336398 -0.000667619 0.00302311 
v -0.0337771 -0.00057797 -5.82055e-18 
v -0.0336398 -0.000667619 -0.00302311 
v -0.0332298 -0.000935515 -0.00601079 
v -0.0323882 -0.00496369 -0.00822117 
v -0.0325517 -0.00137852 -0.00892799 
v -0.0315244 -0.00552808 -0.010811 
v -0.0316136 -0.00199143 -0.0117405 
v -0.0304311 -0.00624231 -0.0132742 
v -0.0304264 -0.00276707 -0.0144154 
v -0.0291214 -0.00709802 -0.0155816 
v -0.029004 -0.00369634 -0.0169213 
v -0.0276104 -0.00808516 -0.0177064 
v -0.0273631 -0.00476835 -0.0192288 
v -0.025523 -0.00597053 -0.0213108 
v -0.0235053 -0.00728878 -0.023143 
v -0.0213335 -0.00870765 -0.0247039 
v -0.0190332 -0.0102105 -0.0259751 
v -0.0166313 -0.0117797 -0.0269418 
v -0.014156 -0.0133969 -0.0275926 
v -0.0116363 -0.0150431 -0.02792 
v -0.00910169 -0.016699 -0.02792 
v -0.00658197 -0.0183452 -0.0275926 
v 0.00662518 -0.0269738 -0.0192288 
v 0.00826603 -0.0280458 -0.0169213 
v 0.0096884 -0.0289751 -0.0144154 
v 0.00946687 -0.0323087 -0.00278378 
v 0.0130391 -0.0311642 0 
v 0.0161856 -0.029476 0.00322701 
v 0.0127554 -0.027235 0.0153876 
v 0.0112371 -0.026243 0.0180625 
v 0.0094856 -0.0250987 0.0205256 
v 0.00752141 -0.0238155 0.0227481 
v 0.00536756 -0.0224083 0.0247039 
v 0.00304932 -0.0208937 0.02637 
v 0.000593856 -0.0192895 0.027727 
v -0.00197004 -0.0176145 0.0287589 
v -0.00658197 -0.0183452 0.0275926 
v -0.0046123 -0.0158882 0.0294536 
v -0.014156 -0.0133969 0.0275926 
v -0.0166313 -0.0117797 0.0269418 
v -0.0153394 -0.0088799 0.0287589 
v -0.0179033 -0.00720484 0.027727 
v -0.0203588 -0.00560062 0.02637 
v -0.022677 -0.00408606 0.0247039 
v -0.0248308 -0.00267889 0.0227481 
v -0.026795 -0.00139564 0.0205256 
v -0.0285466 -0.000251326 0.0180625 
v -0.0300649 0.00074062 0.0153876 
v -0.0313321 0.00156857 0.0125323 
v -0.0336415 0.00307736 -6.21311e-18 
v -0.0334951 0.00298166 -0.00322701 
v -0.0330574 0.0026957 -0.00641618 
v -0.0323336 0.00222282 -0.00953013 
v -0.0313321 0.00156857 -0.0125323 
v -0.0300649 0.00074062 -0.0153876 
v -0.0285466 -0.000251326 -0.0180625 
v -0.026795 -0.00139564 -0.0205256 
v -0.0179033 -0.00720484 -0.027727 
v -0.0153394 -0.0088799 -0.0287589 
v -0.0126971 -0.0106062 -0.0294536 
v -0.0100075 -0.0123634 -0.029803 
v -0.00730196 -0.014131 -0.029803 
v -0.0046123 -0.0158882 -0.0294536 
v 0.00478509 -0.0257716 -0.0213108 
v 0.0094856 -0.0250987 -0.0205256 
v 0.0112371 -0.026243 -0.0180625 
v 0.0127554 -0.027235 -0.0153876 
v 0.0129019 -0.0310745 -0.00302311 
v 0.0163321 -0.0295717 0 
v 0.0192796 -0.0275319 0.00339307 
v 0.0140765 -0.0241326 0.018992 
v 0.0122348 -0.0229294 0.0215819 
v 0.0101695 -0.0215801 0.0239187 
v 0.00790486 -0.0201005 0.0259751 
v 0.00546732 -0.018508 0.027727 
v 0.00288551 -0.0168212 0.0291538 
v 0.000189677 -0.01506 0.0302388 
v -0.00258856 -0.0132449 0.0309693 
v -0.00730196 -0.014131 0.029803 
v -0.00541662 -0.0113972 0.0313367 
v -0.0100075 -0.0123634 0.029803 
v -0.00826136 -0.0095387 0.0313367 
v -0.0126971 -0.0106062 0.0294536 
v -0.0110894 -0.00769105 0.0309693 
v -0.0138677 -0.00587596 0.0302388 
v -0.0165635 -0.0041147 0.0291538 
v -0.0191453 -0.00242793 0.027727 
v -0.0215828 -0.000835429 0.0259751 
v -0.0238475 0.000644145 0.0239187 
v -0.0259128 0.00199344 0.0215819 
v -0.0277544 0.00319663 0.018992 
v -0.0293509 0.00423962 0.0161795 
v -0.0334951 0.00298166 0.00322701 
v -0.0331116 0.00669661 -6.53284e-18 
v -0.0329576 0.00659599 -0.00339307 
v -0.0324974 0.00629531 -0.00674635 
v -0.0317363 0.0057981 -0.0100205 
v -0.0306834 0.00511018 -0.0131773 
v -0.0293509 0.00423962 -0.0161795 
v -0.0277544 0.00319663 -0.018992 
v -0.0259128 0.00199344 -0.0215819 
v -0.0138677 -0.00587596 -0.0302388 
v -0.0110894 -0.00769105 -0.0309693 
v -0.00826136 -0.0095387 -0.0313367 
v -0.00541662 -0.0113972 -0.0313367 
v -0.00258856 -0.0132449 -0.0309693 
v -0.00197004 -0.0176145 -0.0287589 
v 0.000189677 -0.01506 -0.0302388 
v 0.00752141 -0.0238155 -0.0227481 
v 0.0122348 -0.0229294 -0.0215819 
v 0.0140765 -0.0241326 -0.018992 
v 0.0156729 -0.0251756 -0.0161795 
v 0.0161856 -0.029476 -0.00322701 
v 0.0194336 -0.0276325 0 
v 0.0221476 -0.0252651 0.00351934 
v 0.0156729 -0.0251756 0.0161795 
v 0.0167508 -0.0217392 0.0196988 
v 0.0148406 -0.0204912 0.0223851 
v 0.0126984 -0.0190917 0.0248089 
v 0.0103495 -0.0175571 0.0269418 
v 0.00782123 -0.0159053 0.0287589 
v 0.00514333 -0.0141557 0.0302388 
v 0.00234717 -0.0123289 0.0313642 
v -0.000534462 -0.0104463 0.0321218 
v -0.00346778 -0.00852989 0.0325029 
v -0.00641839 -0.00660218 0.0325029 
v -0.00935171 -0.00468577 0.0321218 
v -0.0122333 -0.00280312 0.0313642 
v -0.0150295 -0.000976323 0.0302388 
v -0.0177074 0.000773221 0.0287589 
v -0.0202357 0.00242499 0.0269418 
v -0.0225846 0.00395963 0.0248089 
v -0.0247267 0.00535914 0.0223851 
v -0.0266369 0.00660712 0.0196988 
v -0.0282928 0.00768892 0.0167816 
v -0.0329576 0.00659599 0.00339307 
v -0.0321935 0.0102374 -6.77596e-18 
v -0.0320337 0.010133 -0.00351934 
v -0.0282928 0.00768892 -0.0167816 
v -0.0266369 0.00660712 -0.0196988 
v -0.0247267 0.00535914 -0.0223851 
v -0.0165635 -0.0041147 -0.0291538 
v -0.0122333 -0.00280312 -0.0313642 
v -0.00935171 -0.00468577 -0.0321218 
v -0.00641839 -0.00660218 -0.0325029 
v -0.00346778 -0.00852989 -0.0325029 
v -0.000534462 -0.0104463 -0.0321218 
v 0.00234717 -0.0123289 -0.0313642 
v 0.00288551 -0.0168212 -0.0291538 
v 0.00514333 -0.0141557 -0.0302388 
v 0.00546732 -0.018508 -0.027727 
v 0.00782123 -0.0159053 -0.0287589 
v 0.00790486 -0.0201005 -0.0259751 
v 0.0103495 -0.0175571 -0.0269418 
v 0.0101695 -0.0215801 -0.0239187 
v 0.0126984 -0.0190917 -0.0248089 
v 0.0148406 -0.0204912 -0.0223851 
v 0.0167508 -0.0217392 -0.0196988 
v 0.0184066 -0.022821 -0.0167816 
v 0.0170054 -0.0260461 -0.0131773 
v 0.0197887 -0.0237239 -0.0136677 
v 0.0180583 -0.026734 -0.0100205 
v 0.0208808 -0.0244375 -0.0103935 
v 0.0188194 -0.0272312 -0.00674635 
v 0.0216702 -0.0249532 -0.00699743 
v 0.0192796 -0.0275319 -0.00339307 
v 0.0221476 -0.0252651 -0.00351934 
v 0.0223073 -0.0253694 0 
v 0.0247559 -0.022702 0.00360436 
v 0.0197887 -0.0237239 0.0136677 
v 0.0184066 -0.022821 0.0167816 
v 0.0209245 -0.0201989 0.017187 
v 0.0192287 -0.0190909 0.0201747 
v 0.0172724 -0.0178128 0.0229258 
v 0.0100834 -0.0131161 0.0294536 
v 0.00734084 -0.0113243 0.0309693 
v 0.00447714 -0.00945336 0.0321218 
v 0.0015259 -0.00752524 0.0328978 
v -0.00147828 -0.00556254 0.0332881 
v -0.00750435 -0.00162555 0.0328978 
v -0.0104556 0.000302571 0.0321218 
v -0.0133193 0.0021735 0.0309693 
v -0.0160619 0.00396531 0.0294536 
v -0.0186512 0.00565699 0.0275926 
v -0.0252071 0.00994014 0.0201747 
v -0.026903 0.0110481 0.017187 
v -0.0296749 0.00859188 0.0136677 
v -0.0283185 0.0119728 0.0139978 
v -0.0320337 0.010133 0.00351934 
v -0.0308979 0.0136581 -6.93965e-18 
v -0.0252071 0.00994014 -0.0201747 
v -0.0232508 0.00866201 -0.0229258 
v -0.0150295 -0.000976323 -0.0302388 
v -0.0104556 0.000302571 -0.0321218 
v -0.00750435 -0.00162555 -0.0328978 
v -0.00450017 -0.00358826 -0.0332881 
v 0.0015259 -0.00752524 -0.0328978 
v 0.00447714 -0.00945336 -0.0321218 
v 0.00734084 -0.0113243 -0.0309693 
v 0.0100834 -0.0131161 -0.0294536 
v 0.0126728 -0.0148078 -0.0275926 
v 0.0150785 -0.0163795 -0.0254082 
v 0.0172724 -0.0178128 -0.0229258 
v 0.0192287 -0.0190909 -0.0201747 
v 0.0209245 -0.0201989 -0.017187 
v 0.02234 -0.0211236 -0.0139978 
v 0.0234585 -0.0218544 -0.0106445 
v 0.024267 -0.0223826 -0.00716646 
v 0.0247559 -0.022702 -0.00360436 
v 0.0249195 -0.0228089 0 
v 0.0270739 -0.0198727 0.00364712 
v 0.024267 -0.0223826 0.00716646 
v 0.0265792 -0.0195495 0.00725148 
v 0.0234585 -0.0218544 0.0106445 
v 0.0257612 -0.0190151 0.0107708 
v 0.02234 -0.0211236 0.0139978 
v 0.0246294 -0.0182757 0.0141639 
v 0.0231971 -0.0173399 0.0173909 
v 0.0214812 -0.0162188 0.020414 
v 0.0094523 -0.00836008 0.0313367 
v 0.00655462 -0.00646695 0.0325029 
v 0.00356837 -0.00451596 0.0332881 
v -0.00855526 0.00340472 0.0325029 
v -0.0114529 0.00529785 0.0313367 
v -0.0142281 0.00711091 0.029803 
v -0.0251978 0.0142777 0.0173909 
v -0.02663 0.0152134 0.0141639 
v -0.029437 0.0127036 0.0106445 
v -0.0277618 0.0159529 0.0107708 
v -0.0302454 0.0132318 0.00716646 
v -0.0285799 0.0164873 0.00725148 
v -0.0307343 0.0135512 0.00360436 
v -0.0290745 0.0168105 0.00364712 
v -0.0292401 0.0169187 -7.02198e-18 
v -0.0307343 0.0135512 -0.00360436 
v -0.0290745 0.0168105 -0.00364712 
v -0.026903 0.0110481 -0.017187 
v -0.0234818 0.0131566 -0.020414 
v -0.0215023 0.0118633 -0.0231978 
v -0.0210569 0.0072287 -0.0254082 
v -0.0192824 0.010413 -0.0257096 
v -0.0186512 0.00565699 -0.0275926 
v -0.0168481 0.00882266 -0.02792 
v -0.0160619 0.00396531 -0.0294536 
v -0.0142281 0.00711091 -0.029803 
v -0.0133193 0.0021735 -0.0309693 
v -0.0114529 0.00529785 -0.0313367 
v -0.00855526 0.00340472 -0.0325029 
v -0.005569 0.00145372 -0.0332881 
v 0.00655462 -0.00646695 -0.0325029 
v 0.0094523 -0.00836008 -0.0313367 
v 0.0122274 -0.0101731 -0.029803 
v 0.0148475 -0.0118849 -0.02792 
v 0.0172817 -0.0134752 -0.0257096 
v 0.0195016 -0.0149256 -0.0231978 
v 0.0214812 -0.0162188 -0.020414 
v 0.0231971 -0.0173399 -0.0173909 
v 0.0246294 -0.0182757 -0.0141639 
v 0.0257612 -0.0190151 -0.0107708 
v 0.0265792 -0.0195495 -0.00725148 
v 0.0270739 -0.0198727 -0.00364712 
v 0.0272395 -0.0199809 0 
v 0.0290745 -0.0168105 0.00364712 
v 0.0285799 -0.0164873 0.00725148 
v 0.0277618 -0.0159529 0.0107708 
v 0.02663 -0.0152134 0.0141639 
v 0.0251978 -0.0142777 0.0173909 
v 0.0234818 -0.0131566 0.020414 
v 0.0122274 -0.0101731 0.029803 
v 0.0114529 -0.00529785 0.0313367 
v 0.00855526 -0.00340472 0.0325029 
v -0.0094523 0.00836008 0.0313367 
v -0.0122274 0.0101731 0.029803 
v -0.0234818 0.0131566 0.020414 
v -0.0231971 0.0173399 0.0173909 
v -0.0246294 0.0182757 0.0141639 
v -0.0257612 0.0190151 0.0107708 
v -0.0265792 0.0195495 0.00725148 
v -0.0270739 0.0198727 0.00364712 
v -0.0272395 0.0199809 -7.02198e-18 
v -0.0270739 0.0198727 -0.00364712 
v -0.02663 0.0152134 -0.0141639 
v -0.0251978 0.0142777 -0.0173909 
v -0.0231971 0.0173399 -0.0173909 
v -0.0214812 0.0162188 -0.020414 
v -0.0195016 0.0149256 -0.0231978 
v -0.0172817 0.0134752 -0.0257096 
v -0.0148475 0.0118849 -0.02792 
v -0.0122274 0.0101731 -0.029803 
v -0.0094523 0.00836008 -0.0313367 
v -0.00655462 0.00646695 -0.0325029 
v 0.0114529 -0.00529785 -0.0313367 
v 0.0142281 -0.00711091 -0.029803 
v 0.0168481 -0.00882266 -0.02792 
v 0.0192824 -0.010413 -0.0257096 
v 0.0215023 -0.0118633 -0.0231978 
v 0.0234818 -0.0131566 -0.020414 
v 0.0251978 -0.0142777 -0.0173909 
v 0.02663 -0.0152134 -0.0141639 
v 0.0292401 -0.0169187 0 
v 0.0307343 -0.0135512 0.00360436 
v 0.0302454 -0.0132318 0.00716646 
v 0.029437 -0.0127036 0.0106445 
v 0.0283185 -0.0119728 0.0139978 
v 0.026903 -0.0110481 0.017187 
v 0.0252071 -0.00994014 0.0201747 
v 0.0142281 -0.00711091 0.029803 
v 0.0133193 -0.0021735 0.0309693 
v 0.0104556 -0.000302571 0.0321218 
v 0.005569 -0.00145372 0.0332881 
v 0.00750435 0.00162555 0.0328978 
v -0.00356837 0.00451596 0.0332881 
v -0.00655462 0.00646695 0.0325029 
v -0.00447714 0.00945336 0.0321218 
v -0.00734084 0.0113243 0.0309693 
v -0.0100834 0.0131161 0.0294536 
v -0.0214812 0.0162188 0.020414 
v -0.0209245 0.0201989 0.017187 
v -0.02234 0.0211236 0.0139978 
v -0.0234585 0.0218544 0.0106445 
v -0.024267 0.0223826 0.00716646 
v -0.0247559 0.022702 0.00360436 
v -0.0249195 0.0228089 -6.93965e-18 
v -0.0247559 0.022702 -0.00360436 
v -0.0265792 0.0195495 -0.00725148 
v -0.024267 0.0223826 -0.00716646 
v -0.0257612 0.0190151 -0.0107708 
v -0.0234585 0.0218544 -0.0106445 
v -0.0246294 0.0182757 -0.0141639 
v -0.02234 0.0211236 -0.0139978 
v -0.0209245 0.0201989 -0.017187 
v -0.0192287 0.0190909 -0.0201747 
v -0.0172724 0.0178128 -0.0229258 
v -0.0150785 0.0163795 -0.0254082 
v -0.0126728 0.0148078 -0.0275926 
v -0.0100834 0.0131161 -0.0294536 
v -0.00734084 0.0113243 -0.0309693 
v -0.00447714 0.00945336 -0.0321218 
v -0.00356837 0.00451596 -0.0332881 
v -0.0015259 0.00752524 -0.0328978 
v 0.005569 -0.00145372 -0.0332881 
v 0.00855526 -0.00340472 -0.0325029 
v 0.0104556 -0.000302571 -0.0321218 
v 0.0133193 -0.0021735 -0.0309693 
v 0.0160619 -0.00396531 -0.0294536 
v 0.0186512 -0.00565699 -0.0275926 
v 0.0210569 -0.0072287 -0.0254082 
v 0.0232508 -0.00866201 -0.0229258 
v 0.0252071 -0.00994014 -0.0201747 
v 0.026903 -0.0110481 -0.017187 
v 0.0290745 -0.0168105 -0.00364712 
v 0.0308979 -0.0136581 0 
v 0.0320337 -0.010133 0.00351934 
v 0.0282928 -0.00768892 0.0167816 
v 0.0266369 -0.00660712 0.0196988 
v 0.0232508 -0.00866201 0.0229258 
v 0.0247267 -0.00535914 0.0223851 
v 0.0186512 -0.00565699 0.0275926 
v 0.0160619 -0.00396531 0.0294536 
v 0.0177074 -0.000773221 0.0287589 
v 0.0150295 0.000976323 0.0302388 
v 0.0122333 0.00280312 0.0313642 
v 0.00935171 0.00468577 0.0321218 
v 0.00450017 0.00358826 0.0332881 
v 0.00641839 0.00660218 0.0325029 
v 0.00147828 0.00556254 0.0332881 
v -0.0015259 0.00752524 0.0328978 
v 0.000534462 0.0104463 0.0321218 
v -0.00234717 0.0123289 0.0313642 
v -0.00514333 0.0141557 0.0302388 
v -0.00782123 0.0159053 0.0287589 
v -0.0126728 0.0148078 0.0275926 
v -0.0103495 0.0175571 0.0269418 
v -0.0172724 0.0178128 0.0229258 
v -0.0192287 0.0190909 0.0201747 
v -0.0167508 0.0217392 0.0196988 
v -0.0184066 0.022821 0.0167816 
v -0.0197887 0.0237239 0.0136677 
v -0.0223073 0.0253694 -6.77596e-18 
v -0.0221476 0.0252651 -0.00351934 
v -0.0216702 0.0249532 -0.00699743 
v -0.0208808 0.0244375 -0.0103935 
v -0.0197887 0.0237239 -0.0136677 
v -0.0184066 0.022821 -0.0167816 
v -0.0167508 0.0217392 -0.0196988 
v -0.0148406 0.0204912 -0.0223851 
v -0.0126984 0.0190917 -0.0248089 
v -0.0103495 0.0175571 -0.0269418 
v -0.00782123 0.0159053 -0.0287589 
v -0.00514333 0.0141557 -0.0302388 
v -0.00234717 0.0123289 -0.0313642 
v 0.000534462 0.0104463 -0.0321218 
v 0.00147828 0.00556254 -0.0332881 
v 0.00346778 0.00852989 -0.0325029 
v 0.00450017 0.00358826 -0.0332881 
v 0.00750435 0.00162555 -0.0328978 
v 0.00935171 0.00468577 -0.0321218 
v 0.0122333 0.00280312 -0.0313642 
v 0.0150295 0.000976323 -0.0302388 
v 0.0266369 -0.00660712 -0.0196988 
v 0.0282928 -0.00768892 -0.0167816 
v 0.0321935 -0.0102374 0 
v 0.0329576 -0.00659599 0.00339307 
v 0.0277544 -0.00319663 0.018992 
v 0.0259128 -0.00199344 0.0215819 
v 0.0225846 -0.00395963 0.0248089 
v 0.0238475 -0.000644145 0.0239187 
v 0.0202357 -0.00242499 0.0269418 
v 0.0215828 0.000835429 0.0259751 
v 0.0191453 0.00242793 0.027727 
v 0.0165635 0.0041147 0.0291538 
v 0.0138677 0.00587596 0.0302388 
v 0.0110894 0.00769105 0.0309693 
v 0.00826136 0.0095387 0.0313367 
v 0.00346778 0.00852989 0.0325029 
v 0.00541662 0.0113972 0.0313367 
v 0.00258856 0.0132449 0.0309693 
v -0.000189677 0.01506 0.0302388 
v -0.00288551 0.0168212 0.0291538 
v -0.00546732 0.018508 0.027727 
v -0.00790486 0.0201005 0.0259751 
v -0.0126984 0.0190917 0.0248089 
v -0.0101695 0.0215801 0.0239187 
v -0.0148406 0.0204912 0.0223851 
v -0.0122348 0.0229294 0.0215819 
v -0.0140765 0.0241326 0.018992 
v -0.0156729 0.0251756 0.0161795 
v -0.0221476 0.0252651 0.00351934 
v -0.0194336 0.0276325 -6.53284e-18 
v -0.0192796 0.0275319 -0.00339307 
v -0.0188194 0.0272312 -0.00674635 
v -0.0180583 0.026734 -0.0100205 
v -0.0170054 0.0260461 -0.0131773 
v -0.0156729 0.0251756 -0.0161795 
v -0.0140765 0.0241326 -0.018992 
v -0.0122348 0.0229294 -0.0215819 
v -0.0101695 0.0215801 -0.0239187 
v -0.00790486 0.0201005 -0.0259751 
v -0.00546732 0.018508 -0.027727 
v -0.00288551 0.0168212 -0.0291538 
v -0.000189677 0.01506 -0.0302388 
v 0.00258856 0.0132449 -0.0309693 
v 0.00541662 0.0113972 -0.0313367 
v 0.00641839 0.00660218 -0.0325029 
v 0.00826136 0.0095387 -0.0313367 
v 0.0110894 0.00769105 -0.0309693 
v 0.0138677 0.00587596 -0.0302388 
v 0.0165635 0.0041147 -0.0291538 
v 0.0247267 -0.00535914 -0.0223851 
v 0.0277544 -0.00319663 -0.018992 
v 0.0293509 -0.00423962 -0.0161795 
v 0.0296749 -0.00859188 -0.0136677 
v 0.0306834 -0.00511018 -0.0131773 
v 0.0320337 -0.010133 -0.00351934 
v 0.0331116 -0.00669661 0 
v 0.0334951 -0.00298166 0.00322701 
v 0.0293509 -0.00423962 0.0161795 
v 0.0285466 0.000251326 0.0180625 
v 0.026795 0.00139564 0.0205256 
v 0.0248308 0.00267889 0.0227481 
v 0.022677 0.00408606 0.0247039 
v 0.0203588 0.00560062 0.02637 
v 0.0179033 0.00720484 0.027727 
v 0.0153394 0.0088799 0.0287589 
v 0.0126971 0.0106062 0.0294536 
v 0.0100075 0.0123634 0.029803 
v 0.00730196 0.014131 0.029803 
v 0.0046123 0.0158882 0.0294536 
v 0.00197004 0.0176145 0.0287589 
v -0.000593856 0.0192895 0.027727 
v -0.00304932 0.0208937 0.02637 
v -0.00536756 0.0224083 0.0247039 
v -0.00752141 0.0238155 0.0227481 
v -0.0094856 0.0250987 0.0205256 
v -0.0112371 0.026243 0.0180625 
v -0.0127554 0.027235 0.0153876 
v -0.0192796 0.0275319 0.00339307 
v -0.0163321 0.0295717 -6.21311e-18 
v -0.0161856 0.029476 -0.00322701 
v -0.0112371 0.026243 -0.0180625 
v -0.0094856 0.0250987 -0.0205256 
v -0.00752141 0.0238155 -0.0227481 
v 0.0046123 0.0158882 -0.0294536 
v 0.00730196 0.014131 -0.029803 
v 0.0100075 0.0123634 -0.029803 
v 0.0126971 0.0106062 -0.0294536 
v 0.0153394 0.0088799 -0.0287589 
v 0.0179033 0.00720484 -0.027727 
v 0.0259128 -0.00199344 -0.0215819 
v 0.0285466 0.000251326 -0.0180625 
v 0.0300649 -0.00074062 -0.0153876 
v 0.0313321 -0.00156857 -0.0125323 
v 0.0317363 -0.0057981 -0.0100205 
v 0.0323336 -0.00222282 -0.00953013 
v 0.0324974 -0.00629531 -0.00674635 
v 0.0330574 -0.0026957 -0.00641618 
v 0.0329576 -0.00659599 -0.00339307 
v 0.0334951 -0.00298166 -0.00322701 
v 0.0336415 -0.00307736 0 
v 0.0336398 0.000667619 0.00302311 
v 0.0313321 -0.00156857 0.0125323 
v 0.0300649 -0.00074062 0.0153876 
v 0.0304264 0.00276707 0.0144154 
v 0.029004 0.00369634 0.0169213 
v 0.0273631 0.00476835 0.0192288 
v 0.025523 0.00597053 0.0213108 
v 0.0235053 0.00728878 0.023143 
v 0.0213335 0.00870765 0.0247039 
v 0.0190332 0.0102105 0.0259751 
v 0.0166313 0.0117797 0.0269418 
v 0.014156 0.0133969 0.0275926 
v 0.00410665 0.0199624 0.0269418 
v 0.00170476 0.0215316 0.0259751 
v -0.000595562 0.0230345 0.0247039 
v -0.00276733 0.0244534 0.023143 
v -0.00478509 0.0257716 0.0213108 
v -0.00662518 0.0269738 0.0192288 
v -0.00826603 0.0280458 0.0169213 
v -0.0096884 0.0289751 0.0144154 
v -0.0140227 0.0280629 0.0125323 
v -0.0108756 0.0297507 0.0117405 
v -0.0161856 0.029476 0.00322701 
v -0.0130391 0.0311642 -5.82055e-18 
v -0.0129019 0.0310745 -0.00302311 
v -0.0127554 0.027235 -0.0153876 
v -0.00826603 0.0280458 -0.0169213 
v -0.00662518 0.0269738 -0.0192288 
v -0.00478509 0.0257716 -0.0213108 
v 0.00910169 0.016699 -0.02792 
v 0.0116363 0.0150431 -0.02792 
v 0.014156 0.0133969 -0.0275926 
v 0.0166313 0.0117797 -0.0269418 
v 0.0190332 0.0102105 -0.0259751 
v 0.0203588 0.00560062 -0.02637 
v 0.0213335 0.00870765 -0.0247039 
v 0.026795 0.00139564 -0.0205256 
v 0.029004 0.00369634 -0.0169213 
v 0.0304264 0.00276707 -0.0144154 
v 0.0316136 0.00199143 -0.0117405 
v 0.0325517 0.00137852 -0.00892799 
v 0.0332298 0.000935515 -0.00601079 
v 0.0336398 0.000667619 -0.00302311 
v 0.0337771 0.00057797 0 
v 0.0333902 0.00430908 0.00278378 
v 0.0332298 0.000935515 0.00601079 
v 0.0330126 0.00455576 0.00553492 
v 0.0325517 0.00137852 0.00892799 
v 0.0323882 0.00496369 0.00822117 
v 0.0316136 0.00199143 0.0117405 
v 0.0315244 0.00552808 0.010811 
v 0.0304311 0.00624231 0.0132742 
v 0.0291214 0.00709802 0.0155816 
v 0.0276104 0.00808516 0.0177064 
v 0.025916 0.00919216 0.0196237 
v 0.024058 0.010406 0.0213108 
v 0.0220582 0.0117126 0.0227481 
v 0.01994 0.0130965 0.0239187 
v 0.0177282 0.0145415 0.0248089 
v 0.00398338 0.0235213 0.0239187 
v 0.00186518 0.0249052 0.0227481 
v -0.000134657 0.0262117 0.0213108 
v -0.00199267 0.0274256 0.0196237 
v -0.00368709 0.0285326 0.0177064 
v -0.00519803 0.0295198 0.0155816 
v -0.00650779 0.0303755 0.0132742 
v -0.00760102 0.0310897 0.010811 
v -0.0118138 0.0303636 0.00892799 
v -0.00846489 0.0316541 0.00822117 
v -0.0124918 0.0308066 0.00601079 
v -0.00908928 0.032062 0.00553492 
v -0.0129019 0.0310745 0.00302311 
v -0.00946687 0.0323087 0.00278378 
v -0.00959322 0.0323913 -5.35975e-18 
v -0.00946687 0.0323087 -0.00278378 
v -0.0096884 0.0289751 -0.0144154 
v -0.00519803 0.0295198 -0.0155816 
v -0.00368709 0.0285326 -0.0177064 
v -0.00199267 0.0274256 -0.0196237 
v 0.00658197 0.0183452 -0.0275926 
v 0.0107947 0.0190713 -0.0257096 
v 0.0131286 0.0175465 -0.0257096 
v 0.0154489 0.0160306 -0.0254082 
v 0.0177282 0.0145415 -0.0248089 
v 0.01994 0.0130965 -0.0239187 
v 0.0220582 0.0117126 -0.0227481 
v 0.0235053 0.00728878 -0.023143 
v 0.024058 0.010406 -0.0213108 
v 0.025523 0.00597053 -0.0213108 
v 0.025916 0.00919216 -0.0196237 
v 0.0273631 0.00476835 -0.0192288 
v 0.0276104 0.00808516 -0.0177064 
v 0.0291214 0.00709802 -0.0155816 
v 0.0304311 0.00624231 -0.0132742 
v 0.0315244 0.00552808 -0.010811 
v 0.0323882 0.00496369 -0.00822117 
v 0.0330126 0.00455576 -0.00553492 
v 0.0333902 0.00430908 -0.00278378 
v 0.0335166 0.00422652 0 
v 0.0327491 0.00790001 0.00251181 
v 0.0324084 0.0081226 0.00499416 
v 0.031845 0.00849067 0.00741797 
v 0.0310656 0.00899992 0.00975481 
v 0.0300791 0.00964438 0.0119773 
v 0.0288973 0.0104165 0.0140593 
v 0.027534 0.0113072 0.0159765 
v 0.0260051 0.012306 0.0177064 
v 0.0243286 0.0134013 0.0192288 
v 0.0225242 0.0145802 0.0205256 
v 0.0206129 0.0158289 0.0215819 
v 0.0186173 0.0171327 0.0223851 
v 0.00619513 0.0220763 0.0248089 
v 0.00621531 0.0252352 0.0215819 
v 0.00430405 0.0264839 0.0205256 
v 0.0024996 0.0276628 0.0192288 
v 0.000823107 0.0287581 0.0177064 
v -0.000705763 0.0297569 0.0159765 
v -0.00206909 0.0306476 0.0140593 
v -0.00325089 0.0314197 0.0119773 
v -0.00423731 0.0320642 0.00975481 
v -0.00501678 0.0325734 0.00741797 
v -0.00558017 0.0329415 0.00499416 
v -0.00592087 0.0331641 0.00251181 
v -0.00603488 0.0332386 -4.8361e-18 
v -0.00592087 0.0331641 -0.00251181 
v -0.00650779 0.0303755 -0.0132742 
v -0.00206909 0.0306476 -0.0140593 
v -0.000705763 0.0297569 -0.0159765 
v 0.000823107 0.0287581 -0.0177064 
v -0.000134657 0.0262117 -0.0213108 
v 0.0024996 0.0276628 -0.0192288 
v 0.00619513 0.0220763 -0.0248089 
v 0.00847448 0.0205872 -0.0254082 
v 0.0102676 0.0225877 -0.0229258 
v 0.0123612 0.02122 -0.0231978 
v 0.0144671 0.0198441 -0.0231978 
v 0.0165606 0.0184764 -0.0229258 
v 0.0186173 0.0171327 -0.0223851 
v 0.0206129 0.0158289 -0.0215819 
v 0.0225242 0.0145802 -0.0205256 
v 0.0243286 0.0134013 -0.0192288 
v 0.0260051 0.012306 -0.0177064 
v 0.027534 0.0113072 -0.0159765 
v 0.0327491 0.00790001 -0.00251181 
v 0.0328631 0.00782553 0 
v 0.0317241 0.0113983 0.00221038 
v 0.0314242 0.0115942 0.00439485 
v 0.0309285 0.0119181 0.0065278 
v 0.0302425 0.0123662 0.00858421 
v 0.0293745 0.0129334 0.01054 
v 0.0283345 0.0136128 0.0123722 
v 0.0271348 0.0143966 0.0140593 
v 0.0257894 0.0152756 0.0155816 
v 0.0243141 0.0162395 0.0169213 
v 0.0227262 0.0172769 0.0180625 
v 0.0210443 0.0183757 0.018992 
v 0.0192881 0.0195231 0.0196988 
v 0.00821096 0.0239314 0.0223851 
v 0.00837436 0.0266533 0.018992 
v 0.00669246 0.0277521 0.0180625 
v 0.00510454 0.0287895 0.0169213 
v 0.00362924 0.0297534 0.0155816 
v 0.00228383 0.0306324 0.0140593 
v 0.00108411 0.0314162 0.0123722 
v 4.41254e-05 0.0320956 0.01054 
v -0.000823921 0.0326628 0.00858421 
v -0.00150986 0.0331109 0.0065278 
v -0.00200563 0.0334348 0.00439485 
v -0.00230545 0.0336307 0.00221038 
v -0.00240578 0.0336962 -4.25576e-18 
v -0.00230545 0.0336307 -0.00221038 
v -0.00558017 0.0329415 -0.00499416 
v -0.00200563 0.0334348 -0.00439485 
v -0.00501678 0.0325734 -0.00741797 
v -0.00150986 0.0331109 -0.0065278 
v -0.00423731 0.0320642 -0.00975481 
v -0.000823921 0.0326628 -0.00858421 
v -0.00325089 0.0314197 -0.0119773 
v 4.41254e-05 0.0320956 -0.01054 
v 0.00108411 0.0314162 -0.0123722 
v 0.00228383 0.0306324 -0.0140593 
v 0.00362924 0.0297534 -0.0155816 
v 0.00510454 0.0287895 -0.0169213 
v 0.00430405 0.0264839 -0.0205256 
v 0.00669246 0.0277521 -0.0180625 
v 0.00621531 0.0252352 -0.0215819 
v 0.00837436 0.0266533 -0.018992 
v 0.00821096 0.0239314 -0.0223851 
v 0.0101305 0.0255059 -0.0196988 
v 0.0119404 0.0243235 -0.0201747 
v 0.0137827 0.0231199 -0.020414 
v 0.0156359 0.0219091 -0.020414 
v 0.0174782 0.0207055 -0.0201747 
v 0.0192881 0.0195231 -0.0196988 
v 0.0210443 0.0183757 -0.018992 
v 0.0227262 0.0172769 -0.0180625 
v 0.0243141 0.0162395 -0.0169213 
v 0.0257894 0.0152756 -0.0155816 
v 0.0271348 0.0143966 -0.0140593 
v 0.0318244 0.0113328 0 
v 0.0303271 0.014763 0.00188305 
v 0.0300717 0.0149299 0.00374402 
v 0.0226617 0.019771 0.0153876 
v 0.0212288 0.0207071 0.0161795 
v 0.0197327 0.0216846 0.0167816 
v 0.0174782 0.0207055 0.0201747 
v 0.0181909 0.0226919 0.017187 
v 0.0156359 0.0219091 0.020414 
v 0.0166214 0.0237173 0.0173909 
v 0.0137827 0.0231199 0.020414 
v 0.0150427 0.0247487 0.0173909 
v 0.0119404 0.0243235 0.0201747 
v 0.0134732 0.0257741 0.017187 
v 0.0101305 0.0255059 0.0196988 
v 0.0119313 0.0267814 0.0167816 
v 0.0104352 0.0277589 0.0161795 
v 0.0090024 0.028695 0.0153876 
v 0.00764964 0.0295788 0.0144154 
v 0.001337 0.033703 0.00188305 
v 0.00125153 0.0337588 -3.62552e-18 
v 0.001337 0.033703 -0.00188305 
v 0.00159241 0.0335361 -0.00374402 
v 0.00201477 0.0332602 -0.0055611 
v 0.00259913 0.0328784 -0.00731297 
v 0.00333862 0.0323953 -0.00897911 
v 0.0042246 0.0318164 -0.01054 
v 0.00524665 0.0311487 -0.0119773 
v 0.00639282 0.0303999 -0.0132742 
v 0.00764964 0.0295788 -0.0144154 
v 0.0090024 0.028695 -0.0153876 
v 0.0104352 0.0277589 -0.0161795 
v 0.0119313 0.0267814 -0.0167816 
v 0.0134732 0.0257741 -0.017187 
v 0.0150427 0.0247487 -0.0173909 
v 0.0166214 0.0237173 -0.0173909 
v 0.0181909 0.0226919 -0.017187 
v 0.0197327 0.0216846 -0.0167816 
v 0.0212288 0.0207071 -0.0161795 
v 0.0226617 0.019771 -0.0153876 
v 0.0240144 0.0188872 -0.0144154 
v 0.0252713 0.0180661 -0.0132742 
v 0.0264174 0.0173173 -0.0119773 
v 0.0317241 0.0113983 -0.00221038 
v 0.0304125 0.0147072 0 
v 0.0285745 0.0179546 0.00153364 
v 0.0283665 0.0180905 0.00304929 
v 0.0211645 0.0227957 0.0131773 
v 0.019946 0.0235918 0.0136677 
v 0.0186903 0.0244122 0.0139978 
v 0.017412 0.0252473 0.0141639 
v 0.0161263 0.0260874 0.0141639 
v 0.014848 0.0269225 0.0139978 
v 0.0135923 0.0277429 0.0136677 
v 0.0123738 0.028539 0.0131773 
v 0.0112068 0.0293014 0.0125323 
v 0.00159241 0.0335361 0.00374402 
v 0.00496377 0.0333801 0.00153364 
v 0.00489416 0.0334256 -2.95278e-18 
v 0.00496377 0.0333801 -0.00153364 
v 0.00517179 0.0332442 -0.00304929 
v 0.00551578 0.0330195 -0.00452919 
v 0.0059917 0.0327085 -0.005956 
v 0.00659398 0.0323151 -0.00731297 
v 0.0161263 0.0260874 -0.0141639 
v 0.017412 0.0252473 -0.0141639 
v 0.0186903 0.0244122 -0.0139978 
v 0.019946 0.0235918 -0.0136677 
v 0.0211645 0.0227957 -0.0131773 
v 0.0223315 0.0220333 -0.0125323 
v 0.0234332 0.0213135 -0.0117405 
v 0.0244569 0.0206448 -0.010811 
v 0.0253903 0.0200349 -0.00975481 
v 0.0300717 0.0149299 -0.00374402 
v 0.0303271 0.014763 -0.00188305 
v 0.0285745 0.0179546 -0.00153364 
v 0.0286441 0.0179091 0 
v 0.026487 0.0209357 0.00116624 
v 0.0263288 0.0210391 0.00231881 
v 0.0223315 0.0220333 0.0125323 
v 0.0208521 0.0246171 0.0100205 
v 0.0199255 0.0252225 0.0103935 
v 0.0189706 0.0258463 0.0106445 
v 0.0179985 0.0264814 0.0107708 
v 0.0170208 0.0271202 0.0107708 
v 0.0160487 0.0277553 0.0106445 
v 0.0150938 0.0283791 0.0103935 
v 0.0141672 0.0289845 0.0100205 
v 0.0132798 0.0295643 0.00953013 
v 0.00517179 0.0332442 0.00304929 
v 0.00853235 0.0326659 0.00116624 
v 0.00847942 0.0327005 -2.24542e-18 
v 0.00853235 0.0326659 -0.00116624 
v 0.00869054 0.0325626 -0.00231881 
v 0.00895212 0.0323917 -0.00344419 
v 0.00931403 0.0321552 -0.00452919 
v 0.0179985 0.0264814 -0.0107708 
v 0.0189706 0.0258463 -0.0106445 
v 0.0199255 0.0252225 -0.0103935 
v 0.0208521 0.0246171 -0.0100205 
v 0.0217395 0.0240373 -0.00953013 
v 0.0225773 0.02349 -0.00892799 
v 0.0233557 0.0229814 -0.00822117 
v 0.0240656 0.0225177 -0.00741797 
v 0.0262227 0.0194911 -0.00858421 
v 0.0246986 0.0221041 -0.0065278 
v 0.0269443 0.0190197 -0.00731297 
v 0.0252473 0.0217456 -0.0055611 
v 0.0275466 0.0186262 -0.005956 
v 0.0257053 0.0214464 -0.00452919 
v 0.0280225 0.0183152 -0.00452919 
v 0.0260672 0.02121 -0.00344419 
v 0.0283665 0.0180905 -0.00304929 
v 0.0263288 0.0210391 -0.00231881 
v 0.026487 0.0209357 -0.00116624 
v 0.0265399 0.0209011 0 
v 0.0240889 0.0236714 0.000785175 
v 0.0239824 0.0237409 0.00156114 
v 0.0260672 0.02121 0.00344419 
v 0.0238063 0.023856 0.00231881 
v 0.0257053 0.0214464 0.00452919 
v 0.0235626 0.0240152 0.00304929 
v 0.0233557 0.0229814 0.00822117 
v 0.0225773 0.02349 0.00892799 
v 0.0214567 0.025391 0.00601079 
v 0.0217395 0.0240373 0.00953013 
v 0.0208926 0.0257595 0.00641618 
v 0.0202952 0.0261499 0.00674635 
v 0.0196714 0.0265574 0.00699743 
v 0.0190285 0.0269775 0.00716646 
v 0.018374 0.027405 0.00725148 
v 0.0177157 0.0278351 0.00725148 
v 0.0170613 0.0282626 0.00716646 
v 0.0164184 0.0286827 0.00699743 
v 0.0157946 0.0290902 0.00674635 
v 0.0151971 0.0294806 0.00641618 
v 0.012442 0.0301116 0.00892799 
v 0.0146331 0.0298491 0.00601079 
v 0.0116636 0.0306202 0.00822117 
v 0.014109 0.0301915 0.00553492 
v 0.00931403 0.0321552 0.00452919 
v 0.00895212 0.0323917 0.00344419 
v 0.0122835 0.0313841 0.00231881 
v 0.00869054 0.0325626 0.00231881 
v 0.0121074 0.0314992 0.00156114 
v 0.0120009 0.0315687 0.000785175 
v 0.0119653 0.031592 -1.51173e-18 
v 0.0120009 0.0315687 -0.000785175 
v 0.0121074 0.0314992 -0.00156114 
v 0.0122835 0.0313841 -0.00231881 
v 0.0125272 0.0312249 -0.00304929 
v 0.0190285 0.0269775 -0.00716646 
v 0.0196714 0.0265574 -0.00699743 
v 0.0202952 0.0261499 -0.00674635 
v 0.0208926 0.0257595 -0.00641618 
v 0.0214567 0.025391 -0.00601079 
v 0.0219808 0.0250486 -0.00553492 
v 0.0224587 0.0247364 -0.00499416 
v 0.0228848 0.024458 -0.00439485 
v 0.0232543 0.0242166 -0.00374402 
v 0.0235626 0.0240152 -0.00304929 
v 0.0238063 0.023856 -0.00231881 
v 0.0239824 0.0237409 -0.00156114 
v 0.0240889 0.0236714 -0.000785175 
v 0.0241245 0.0236481 0 
v 0.0214084 0.0261295 0.000394902 
v 0.0213548 0.0261645 0.000785175 
v 0.0212662 0.0262223 0.00116624 
v 0.0211437 0.0263024 0.00153364 
v 0.0232543 0.0242166 0.00374402 
v 0.0209886 0.0264037 0.00188305 
v 0.0228848 0.024458 0.00439485 
v 0.0208028 0.0265251 0.00221038 
v 0.0224587 0.0247364 0.00499416 
v 0.0205885 0.0266651 0.00251181 
v 0.0219808 0.0250486 0.00553492 
v 0.0203481 0.0268222 0.00278378 
v 0.0200845 0.0269944 0.00302311 
v 0.0198008 0.0271797 0.00322701 
v 0.0195003 0.027376 0.00339307 
v 0.0191866 0.027581 0.00351934 
v 0.0188632 0.0277923 0.00360436 
v 0.0185341 0.0280073 0.00364712 
v 0.018203 0.0282236 0.00364712 
v 0.0178739 0.0284387 0.00360436 
v 0.0175505 0.0286499 0.00351934 
v 0.0172368 0.0288549 0.00339307 
v 0.0169363 0.0290512 0.00322701 
v 0.0166526 0.0292365 0.00302311 
v 0.016389 0.0294087 0.00278378 
v 0.0136311 0.0305037 0.00499416 
v 0.0161486 0.0295658 0.00251181 
v 0.0132049 0.0307821 0.00439485 
v 0.0159343 0.0297058 0.00221038 
v 0.0128355 0.0310235 0.00374402 
v 0.0157485 0.0298272 0.00188305 
v 0.0125272 0.0312249 0.00304929 
v 0.0155934 0.0299285 0.00153364 
v 0.0154709 0.0300086 0.00116624 
v 0.0153823 0.0300665 0.000785175 
v 0.0153287 0.0301015 0.000394902 
v 0.0153108 0.0301132 -7.60324e-19 
v 0.0153287 0.0301015 -0.000394902 
v 0.0153823 0.0300665 -0.000785175 
v 0.0154709 0.0300086 -0.00116624 
v 0.0155934 0.0299285 -0.00153364 
v 0.0177157 0.0278351 -0.00725148 
v 0.018374 0.027405 -0.00725148 
v 0.0185341 0.0280073 -0.00364712 
v 0.0188632 0.0277923 -0.00360436 
v 0.0191866 0.027581 -0.00351934 
v 0.0195003 0.027376 -0.00339307 
v 0.0198008 0.0271797 -0.00322701 
v 0.0200845 0.0269944 -0.00302311 
v 0.0203481 0.0268222 -0.00278378 
v 0.0205885 0.0266651 -0.00251181 
v 0.0208028 0.0265251 -0.00221038 
v 0.0209886 0.0264037 -0.00188305 
v 0.0211437 0.0263024 -0.00153364 
v 0.0212662 0.0262223 -0.00116624 
v 0.0213548 0.0261645 -0.000785175 
v 0.0214084 0.0261295 -0.000394902 
v 0.0214263 0.0261178 0 
v 0.0126728 -0.0148078 0.0275926 
v -0.005569 0.00145372 0.0332881 
v -0.00450017 -0.00358826 0.0332881 
v 0.00658197 0.0183452 0.0275926 
v 0.0296749 -0.00859188 0.0136677 
v 0.0240144 0.0188872 0.0144154 
v -0.0232508 0.00866201 0.0229258 
v -0.0257053 -0.0214464 0.00452919 
v 0.0140227 -0.0280629 0.0125323 
v -0.0116636 -0.0306202 0.00822117 
v -0.00147828 -0.00556254 -0.0332881 
v 0.00356837 -0.00451596 -0.0332881 
v 0.000134657 -0.0262117 -0.0213108 
v 0.0307343 -0.0135512 -0.00360436 
v -0.0157485 -0.0298272 -0.00188305 
v -0.0159343 -0.0297058 -0.00221038 
v -0.0161486 -0.0295658 -0.00251181 
v -0.016389 -0.0294087 -0.00278378 
v -0.0169363 -0.0290512 -0.00322701 
v -0.0166526 -0.0292365 -0.00302311 
v -0.0172368 -0.0288549 -0.00339307 
v -0.0175505 -0.0286499 -0.00351934 
v -0.0178739 -0.0284387 -0.00360436 
v -0.0203588 -0.00560062 -0.02637 
v -0.0296749 0.00859188 -0.0136677 
v 0.0324084 0.0081226 -0.00499416 
v 0.0170208 0.0271202 -0.0107708 
v 0.014848 0.0269225 -0.0139978 
v 0.0157485 0.0298272 -0.00188305 
v 0.0159343 0.0297058 -0.00221038 
v 0.0161486 0.0295658 -0.00251181 
v 0.016389 0.0294087 -0.00278378 
v 0.0169363 0.0290512 -0.00322701 
v 0.0166526 0.0292365 -0.00302311 
v 0.0172368 0.0288549 -0.00339307 
v 0.0175505 0.0286499 -0.00351934 
v 0.0178739 0.0284387 -0.00360436 
v 0.018203 0.0282236 -0.00364712 
v 0.00197004 0.0176145 -0.0287589 
v 0.0184769 0.0282812 0 
v -0.0184769 -0.0282812 0 
v 0.00234634 -0.026837 -0.0232117 
v 0.00288091 -0.0266229 -0.0233974 
v 0.00178426 -0.0270062 -0.023065 
v 0.00120125 -0.0271285 -0.022959 
v 0.000805037 -0.0271776 -0.0229164 
v 0.00338171 -0.0263663 -0.0236198 
v 0.00538432 -0.0241347 -0.0255546 
v 0.00550908 -0.0237064 -0.0259259 
v 0.00425896 -0.0257385 -0.0241641 
v 0.00462513 -0.0253745 -0.0244797 
v 0.00384286 -0.0260704 -0.0238764 
v 0.00493707 -0.0249828 -0.0248193 
v 0.00519112 -0.0245679 -0.025179 
v 0.00362923 -0.0262075 -0.0237575 
v 0.00551439 -0.0236882 -0.0259417 
v 0.00519112 -0.0214424 -0.0278889 
v 0.00493707 -0.0210275 -0.0282486 
v 0.00538432 -0.0218756 -0.0275133 
v 0.00551439 -0.0223221 -0.0271262 
v 0.0055798 -0.0227766 -0.0267321 
v 0.0055798 -0.0232337 -0.0263358 
v 0.00553931 -0.0235151 -0.0260919 
v 0.00462513 -0.0206358 -0.0285882 
v 0.00384286 -0.0199399 -0.0291915 
v 0.00338171 -0.019644 -0.0294481 
v 0.00425896 -0.0202718 -0.0289038 
v 0.00288091 -0.0193874 -0.0296705 
v 0.00462397 -0.0206346 -0.0285892 
v 0.00234634 -0.0191733 -0.0298562 
v -0.00120125 -0.0188818 -0.0301089 
v -0.00146712 -0.0189376 -0.0300606 
v 0.00178426 -0.0190041 -0.0300029 
v 0.00120125 -0.0188818 -0.0301089 
v 0.000604169 -0.0188078 -0.0301731 
v -7.96377e-17 -0.0187831 -0.0301945 
v -0.000604169 -0.0188078 -0.0301731 
v 0.00184432 -0.0190222 -0.0299872 
v -0.00178426 -0.0190041 -0.0300029 
v -0.00234634 -0.0191733 -0.0298562 
v -0.00384286 -0.0199399 -0.0291915 
v -0.00338171 -0.019644 -0.0294481 
v -0.00288091 -0.0193874 -0.0296705 
v -0.00279225 -0.0193519 -0.0297013 
v -0.00425896 -0.0202718 -0.0289038 
v -0.00462513 -0.0206358 -0.0285882 
v -0.00538432 -0.0218756 -0.0275133 
v -0.00548148 -0.0222091 -0.0272241 
v -0.00519112 -0.0214424 -0.0278889 
v -0.00493707 -0.0210275 -0.0282486 
v -0.00471891 -0.0207535 -0.0284861 
v -0.0055798 -0.0227766 -0.0267321 
v -0.0055798 -0.0232337 -0.0263358 
v -0.00551439 -0.0223221 -0.0271262 
v -0.00551439 -0.0236882 -0.0259417 
v -0.00493707 -0.0249828 -0.0248193 
v -0.00475449 -0.0252121 -0.0246205 
v -0.00519112 -0.0245679 -0.025179 
v -0.00538432 -0.0241347 -0.0255546 
v -0.00543969 -0.0239446 -0.0257194 
v -0.00384286 -0.0260704 -0.0238764 
v -0.00425896 -0.0257385 -0.0241641 
v -0.00338171 -0.0263663 -0.0236198 
v -0.00462513 -0.0253745 -0.0244797 
v -0.00288091 -0.0266229 -0.0233974 
v -0.000604169 -0.0272025 -0.0228948 
v -0.000443048 -0.0272091 -0.0228891 
v -0.00267501 -0.0267054 -0.0233259 
v -0.00234634 -0.026837 -0.0232117 
v -0.00178426 -0.0270062 -0.023065 
v -0.00120125 -0.0271285 -0.022959 
v -8.03221e-17 -0.0272272 -0.0228734 
v 0.000604169 -0.0272025 -0.0228948 
v 0.0301335 -0.0176643 -0.00666758 
v 0.030298 -0.0174948 -0.0063557 
v 0.0298923 -0.0178712 -0.00718247 
v 0.0297018 -0.0179972 -0.00764002 
v 0.0320156 -0.0148794 -0.00425637 
v 0.0309238 -0.0167247 -0.00534028 
v 0.0311991 -0.0163174 -0.0049876 
v 0.0314749 -0.0158705 -0.00468715 
v 0.0317482 -0.0153893 -0.00444245 
v 0.0306523 -0.0170877 -0.00574106 
v 0.0322741 -0.0143469 -0.00413109 
v 0.0303879 -0.0174022 -0.00618523 
v 0.032752 -0.0132389 -0.00406808 
v 0.032966 -0.0126764 -0.00413109 
v 0.0331598 -0.0121171 -0.00425637 
v 0.0325205 -0.0137979 -0.00406808 
v 0.0333312 -0.0115675 -0.00444245 
v 0.0323203 -0.0142439 -0.00411927 
v 0.0334783 -0.011034 -0.00468715 
v 0.0337982 -0.00881704 -0.00666758 
v 0.0337738 -0.0085002 -0.00718247 
v 0.0337926 -0.00918227 -0.00618523 
v 0.0337573 -0.00959161 -0.00574106 
v 0.0336926 -0.0100403 -0.00534028 
v 0.0335992 -0.0105229 -0.0049876 
v 0.0335859 -0.010579 -0.00495467 
v 0.0335262 -0.00787405 -0.00886049 
v 0.033637 -0.00802592 -0.00828539 
v 0.0333886 -0.00778162 -0.00944241 
v 0.0337199 -0.00823546 -0.00772386 
v 0.033226 -0.00774972 -0.0100243 
v 0.0337679 -0.00847092 -0.00724233 
v 0.0330402 -0.00777872 -0.0105994 
v 0.0318481 -0.0088008 -0.0131438 
v 0.0315766 -0.00916381 -0.0135445 
v 0.0328335 -0.00786828 -0.011161 
v 0.0326081 -0.00801735 -0.0117023 
v 0.0323669 -0.00822418 -0.0122172 
v 0.0321125 -0.00848636 -0.0126996 
v 0.0329875 -0.00780158 -0.0107428 
v 0.0315286 -0.0092349 -0.0136061 
v 0.0313013 -0.00957115 -0.0138972 
v 0.0310255 -0.010018 -0.0141977 
v 0.0307522 -0.0104992 -0.0144424 
v 0.0304848 -0.0110091 -0.0146284 
v 0.0302263 -0.0115416 -0.0147537 
v 0.0305436 -0.0108969 -0.0145875 
v 0.0299799 -0.0120906 -0.0148167 
v 0.0295844 -0.0130808 -0.0147684 
v 0.0297484 -0.0126496 -0.0148167 
v 0.0297764 -0.0125819 -0.0148167 
v 0.0290221 -0.0148545 -0.0141977 
v 0.0289012 -0.0153656 -0.0138972 
v 0.0288078 -0.0158483 -0.0135445 
v 0.0291692 -0.014321 -0.0144424 
v 0.0293406 -0.0137714 -0.0146284 
v 0.0287431 -0.0162969 -0.0131438 
v 0.0295344 -0.0132121 -0.0147537 
v 0.0287266 -0.0173883 -0.0117023 
v 0.0287282 -0.0164693 -0.0129567 
v 0.0287078 -0.0167062 -0.0126996 
v 0.0287022 -0.0170715 -0.0122172 
v 0.0289742 -0.0180145 -0.0100243 
v 0.0291118 -0.0181069 -0.00944241 
v 0.0288634 -0.0178626 -0.0105994 
v 0.0292744 -0.0181388 -0.00886049 
v 0.0287805 -0.0176531 -0.011161 
v 0.0294602 -0.0181098 -0.00828539 
v 0.0287617 -0.017561 -0.0113492 
v 0.0296669 -0.0180202 -0.00772386 
v 0.00823546 -0.0337199 -0.00772386 
v 0.00802592 -0.033637 -0.00828539 
v 0.0085002 -0.0337738 -0.00718247 
v 0.00798371 -0.0336062 -0.00844521 
v 0.00881704 -0.0337982 -0.00666758 
v 0.00918227 -0.0337926 -0.00618523 
v 0.00958102 -0.0337582 -0.00575255 
v 0.00952002 -0.0337635 -0.00581874 
v 0.0121171 -0.0331598 -0.00425637 
v 0.0126764 -0.032966 -0.00413109 
v 0.0115675 -0.0333312 -0.00444245 
v 0.011034 -0.0334783 -0.00468715 
v 0.0105229 -0.0335992 -0.0049876 
v 0.0132389 -0.032752 -0.00406808 
v 0.0100403 -0.0336926 -0.00534028 
v 0.00959161 -0.0337573 -0.00574106 
v 0.0143469 -0.0322741 -0.00413109 
v 0.0148794 -0.0320156 -0.00425637 
v 0.0153893 -0.0317482 -0.00444245 
v 0.0137979 -0.0325205 -0.00406808 
v 0.0158705 -0.0314749 -0.00468715 
v 0.0134884 -0.0326487 -0.00406808 
v 0.0163174 -0.0311991 -0.0049876 
v 0.0167247 -0.0309238 -0.00534028 
v 0.0176643 -0.0301335 -0.00666758 
v 0.0177525 -0.0300306 -0.00688717 
v 0.0167967 -0.0308699 -0.00541981 
v 0.0170877 -0.0306523 -0.00574106 
v 0.0174022 -0.0303879 -0.00618523 
v 0.0181388 -0.0292744 -0.00886049 
v 0.0181069 -0.0291118 -0.00944241 
v 0.0181098 -0.0294602 -0.00828539 
v 0.0180202 -0.0296669 -0.00772386 
v 0.0180145 -0.0289742 -0.0100243 
v 0.0178712 -0.0298923 -0.00718247 
v 0.0176531 -0.0287805 -0.011161 
v 0.0173883 -0.0287266 -0.0117023 
v 0.0178626 -0.0288634 -0.0105994 
v 0.0170715 -0.0287022 -0.0122172 
v 0.0167062 -0.0287078 -0.0126996 
v 0.0179201 -0.0289053 -0.0103817 
v 0.0162969 -0.0287431 -0.0131438 
v 0.014321 -0.0291692 -0.0144424 
v 0.0142347 -0.0291961 -0.0144716 
v 0.0159422 -0.0287943 -0.0134606 
v 0.0158483 -0.0288078 -0.0135445 
v 0.0153656 -0.0289012 -0.0138972 
v 0.0148545 -0.0290221 -0.0141977 
v 0.0120906 -0.0299799 -0.0148167 
v 0.0115416 -0.0302263 -0.0147537 
v 0.0126496 -0.0297484 -0.0148167 
v 0.0132121 -0.0295344 -0.0147537 
v 0.0110091 -0.0304848 -0.0146284 
v 0.0137714 -0.0293406 -0.0146284 
v 0.010018 -0.0310255 -0.0141977 
v 0.00957115 -0.0313013 -0.0138972 
v 0.00916381 -0.0315766 -0.0135445 
v 0.0104992 -0.0307522 -0.0144424 
v 0.0088008 -0.0318481 -0.0131438 
v 0.00848636 -0.0321125 -0.0126996 
v 0.00822418 -0.0323669 -0.0122172 
v 0.00801735 -0.0326081 -0.0117023 
v 0.00795805 -0.0326978 -0.011487 
v 0.00792219 -0.032752 -0.0113568 
v 0.00778162 -0.0333886 -0.00944241 
v 0.00774972 -0.033226 -0.0100243 
v 0.00787405 -0.0335262 -0.00886049 
v 0.00777872 -0.0330402 -0.0105994 
v 0.00786828 -0.0328335 -0.011161 
v -0.0179663 -0.0297484 -0.00752813 
v -0.0179704 -0.0297422 -0.00754295 
v -0.0176643 -0.0301335 -0.00666758 
v -0.0175824 -0.030213 -0.00651686 
v -0.0178712 -0.0298923 -0.00718247 
v -0.0174022 -0.0303879 -0.00618523 
v -0.017182 -0.030573 -0.00587424 
v -0.0170877 -0.0306523 -0.00574106 
v -0.0167694 -0.0308904 -0.0053896 
v -0.0167247 -0.0309238 -0.00534028 
v -0.0163174 -0.0311991 -0.0049876 
v -0.0158705 -0.0314749 -0.00468715 
v -0.0158367 -0.0314941 -0.00467 
v -0.0153893 -0.0317482 -0.00444245 
v -0.0152481 -0.0318222 -0.00439093 
v -0.0148794 -0.0320156 -0.00425637 
v -0.0137979 -0.0325205 -0.00406808 
v -0.0144892 -0.032205 -0.00416456 
v -0.0143469 -0.0322741 -0.00413109 
v -0.0115675 -0.0333312 -0.00444245 
v -0.0121171 -0.0331598 -0.00425637 
v -0.0126764 -0.032966 -0.00413109 
v -0.011034 -0.0334783 -0.00468715 
v -0.0132389 -0.032752 -0.00406808 
v -0.0133007 -0.0327264 -0.00406808 
v -0.0105229 -0.0335992 -0.0049876 
v -0.00918227 -0.0337926 -0.00618523 
v -0.00881704 -0.0337982 -0.00666758 
v -0.00959161 -0.0337573 -0.00574106 
v -0.0100403 -0.0336926 -0.00534028 
v -0.0100421 -0.0336922 -0.00533895 
v -0.00787405 -0.0335262 -0.00886049 
v -0.00823546 -0.0337199 -0.00772386 
v -0.00802592 -0.033637 -0.00828539 
v -0.0085002 -0.0337738 -0.00718247 
v -0.00880473 -0.0337972 -0.00668759 
v -0.00777872 -0.0330402 -0.0105994 
v -0.0078213 -0.0329419 -0.0108664 
v -0.00774972 -0.033226 -0.0100243 
v -0.00778162 -0.0333886 -0.00944241 
v -0.00781795 -0.0334427 -0.00921367 
v -0.00822418 -0.0323669 -0.0122172 
v -0.00801735 -0.0326081 -0.0117023 
v -0.00786828 -0.0328335 -0.011161 
v -0.0088008 -0.0318481 -0.0131438 
v -0.00848636 -0.0321125 -0.0126996 
v -0.00916381 -0.0315766 -0.0135445 
v -0.00837476 -0.0322208 -0.0124943 
v -0.00957115 -0.0313013 -0.0138972 
v -0.010018 -0.0310255 -0.0141977 
v -0.00939553 -0.03142 -0.0137452 
v -0.0104992 -0.0307522 -0.0144424 
v -0.0110091 -0.0304848 -0.0146284 
v -0.0107821 -0.0306038 -0.0145456 
v -0.0115416 -0.0302263 -0.0147537 
v -0.0120906 -0.0299799 -0.0148167 
v -0.0124392 -0.0298355 -0.0148167 
v -0.0126496 -0.0297484 -0.0148167 
v -0.0132121 -0.0295344 -0.0147537 
v -0.0137714 -0.0293406 -0.0146284 
v -0.014321 -0.0291692 -0.0144424 
v -0.0143873 -0.0291509 -0.014412 
v -0.014271 -0.0291848 -0.0144593 
v -0.0148545 -0.0290221 -0.0141977 
v -0.0153656 -0.0289012 -0.0138972 
v -0.0158483 -0.0288078 -0.0135445 
v -0.0170715 -0.0287022 -0.0122172 
v -0.0173883 -0.0287266 -0.0117023 
v -0.0161943 -0.0287579 -0.0132354 
v -0.0162969 -0.0287431 -0.0131438 
v -0.0167062 -0.0287078 -0.0126996 
v -0.0180145 -0.0289742 -0.0100243 
v -0.0181069 -0.0291118 -0.00944241 
v -0.0178626 -0.0288634 -0.0105994 
v -0.0181388 -0.0292744 -0.00886049 
v -0.0176531 -0.0287805 -0.011161 
v -0.0181098 -0.0294602 -0.00828539 
v -0.017581 -0.0287658 -0.0113083 
v -0.0180202 -0.0296669 -0.00772386 
v -0.0337738 -0.0085002 -0.00718247 
v -0.0337937 -0.00875928 -0.00676144 
v -0.0336788 -0.0081316 -0.00800218 
v -0.0337199 -0.00823546 -0.00772386 
v -0.0337982 -0.00881704 -0.00666758 
v -0.0337926 -0.00918227 -0.00618523 
v -0.0337573 -0.00959161 -0.00574106 
v -0.0336926 -0.0100403 -0.00534028 
v -0.0335992 -0.0105229 -0.0049876 
v -0.0334783 -0.011034 -0.00468715 
v -0.0333312 -0.0115675 -0.00444245 
v -0.0335645 -0.0106697 -0.00490136 
v -0.0331598 -0.0121171 -0.00425637 
v -0.0322741 -0.0143469 -0.00413109 
v -0.0321784 -0.014544 -0.00417746 
v -0.0325205 -0.0137979 -0.00406808 
v -0.032752 -0.0132389 -0.00406808 
v -0.032966 -0.0126764 -0.00413109 
v -0.0331447 -0.0121606 -0.00424664 
v -0.0320156 -0.0148794 -0.00425637 
v -0.0317482 -0.0153893 -0.00444245 
v -0.0309238 -0.0167247 -0.00534028 
v -0.0307746 -0.0169242 -0.00556049 
v -0.0311991 -0.0163174 -0.0049876 
v -0.0314749 -0.0158705 -0.00468715 
v -0.0315091 -0.0158103 -0.00465657 
v -0.0301335 -0.0176643 -0.00666758 
v -0.0303879 -0.0174022 -0.00618523 
v -0.0306523 -0.0170877 -0.00574106 
v -0.0296669 -0.0180202 -0.00772386 
v -0.0298923 -0.0178712 -0.00718247 
v -0.0294602 -0.0181098 -0.00828539 
v -0.0299387 -0.0178314 -0.0070834 
v -0.0292973 -0.0181352 -0.00878959 
v -0.0292744 -0.0181388 -0.00886049 
v -0.0291118 -0.0181069 -0.00944241 
v -0.0289742 -0.0180145 -0.0100243 
v -0.0288634 -0.0178626 -0.0105994 
v -0.0287805 -0.0176531 -0.011161 
v -0.0287697 -0.0176 -0.0112695 
v -0.0288092 -0.0177258 -0.0109661 
v -0.0287431 -0.0162969 -0.0131438 
v -0.0288078 -0.0158483 -0.0135445 
v -0.0287078 -0.0167062 -0.0126996 
v -0.0287022 -0.0170715 -0.0122172 
v -0.0289012 -0.0153656 -0.0138972 
v -0.0287266 -0.0173883 -0.0117023 
v -0.0290221 -0.0148545 -0.0141977 
v -0.0302263 -0.0115416 -0.0147537 
v -0.030387 -0.0112107 -0.0146759 
v -0.0291692 -0.014321 -0.0144424 
v -0.0293406 -0.0137714 -0.0146284 
v -0.0295344 -0.0132121 -0.0147537 
v -0.0297484 -0.0126496 -0.0148167 
v -0.0299799 -0.0120906 -0.0148167 
v -0.0290222 -0.0148543 -0.0141978 
v -0.0304848 -0.0110091 -0.0146284 
v -0.0315766 -0.00916381 -0.0135445 
v -0.0313013 -0.00957115 -0.0138972 
v -0.0310255 -0.010018 -0.0141977 
v -0.0307522 -0.0104992 -0.0144424 
v -0.030555 -0.0108752 -0.0145796 
v -0.0326081 -0.00801735 -0.0117023 
v -0.0328335 -0.00786828 -0.011161 
v -0.0323669 -0.00822418 -0.0122172 
v -0.0321125 -0.00848636 -0.0126996 
v -0.0318481 -0.0088008 -0.0131438 
v -0.0318472 -0.00880199 -0.0131451 
v -0.0330402 -0.00777872 -0.0105994 
v -0.033226 -0.00774972 -0.0100243 
v -0.0333886 -0.00778162 -0.00944241 
v -0.0329689 -0.00780963 -0.0107933 
v -0.0335262 -0.00787405 -0.00886049 
v -0.033637 -0.00802592 -0.00828539 
v 0.00462513 -0.00313591 -0.0351182 
v 0.00425896 -0.00361759 -0.0351182 
v 0.00493707 -0.00261747 -0.0351182 
v 0.00384286 -0.00405686 -0.0351182 
v 0.00519112 -0.00206833 -0.0351182 
v 0.00338171 -0.00444857 -0.0351182 
v 0.00538432 -0.00149495 -0.0351182 
v 0.00333635 -0.00447933 -0.0351182 
v 0.00493707 0.00261747 -0.0351182 
v 0.00462513 0.00313591 -0.0351182 
v 0.0055798 -0.000302528 -0.0351182 
v 0.0055798 0.000302528 -0.0351182 
v 0.00551439 -0.000904038 -0.0351182 
v 0.00551439 0.000904038 -0.0351182 
v 0.00538432 0.00149495 -0.0351182 
v 0.00519112 0.00206833 -0.0351182 
v 0.00543759 -0.00125295 -0.0351182 
v 0.00338171 0.00444857 -0.0351182 
v 0.00288091 0.00478812 -0.0351182 
v 0.00384286 0.00405686 -0.0351182 
v 0.00234634 0.00507153 -0.0351182 
v 0.00425896 0.00361759 -0.0351182 
v 0.00178426 0.00529549 -0.0351182 
v 0.00446278 0.00334948 -0.0351182 
v -0.00288091 0.00478812 -0.0351182 
v 6.84333e-19 0.005588 -0.0351182 
v -0.000604169 0.00555524 -0.0351182 
v 0.000604169 0.00555524 -0.0351182 
v 0.00120125 0.00545736 -0.0351182 
v -0.00120125 0.00545736 -0.0351182 
v -0.00178426 0.00529549 -0.0351182 
v -0.00234634 0.00507153 -0.0351182 
v 0.00127722 0.00543626 -0.0351182 
v -0.00462513 0.00313591 -0.0351182 
v -0.00425896 0.00361759 -0.0351182 
v -0.00493707 0.00261747 -0.0351182 
v -0.00384286 0.00405686 -0.0351182 
v -0.00519112 0.00206833 -0.0351182 
v -0.00338171 0.00444857 -0.0351182 
v -0.00538432 0.00149495 -0.0351182 
v -0.00333635 0.00447933 -0.0351182 
v -0.00493707 -0.00261747 -0.0351182 
v -0.00462513 -0.00313591 -0.0351182 
v -0.0055798 0.000302528 -0.0351182 
v -0.0055798 -0.000302528 -0.0351182 
v -0.00551439 0.000904038 -0.0351182 
v -0.00551439 -0.000904038 -0.0351182 
v -0.00538432 -0.00149495 -0.0351182 
v -0.00519112 -0.00206833 -0.0351182 
v -0.00543759 0.00125295 -0.0351182 
v -0.00338171 -0.00444857 -0.0351182 
v -0.00288091 -0.00478812 -0.0351182 
v -0.00384286 -0.00405686 -0.0351182 
v -0.00234634 -0.00507153 -0.0351182 
v -0.00425896 -0.00361759 -0.0351182 
v -0.00178426 -0.00529549 -0.0351182 
v -0.00446278 -0.00334948 -0.0351182 
v 0.00288091 -0.00478812 -0.0351182 
v 0 -0.005588 -0.0351182 
v 0.000604169 -0.00555524 -0.0351182 
v -0.000604169 -0.00555524 -0.0351182 
v -0.00120125 -0.00545736 -0.0351182 
v 0.00120125 -0.00545736 -0.0351182 
v 0.00178426 -0.00529549 -0.0351182 
v 0.00234634 -0.00507153 -0.0351182 
v -0.00127722 -0.00543626 -0.0351182 
v -0.00823546 0.0337199 -0.00772386 
v -0.00802592 0.033637 -0.00828539 
v -0.0085002 0.0337738 -0.00718247 
v -0.00798371 0.0336062 -0.00844521 
v -0.00881704 0.0337982 -0.00666758 
v -0.00918227 0.0337926 -0.00618523 
v -0.00958102 0.0337582 -0.00575255 
v -0.00952002 0.0337635 -0.00581874 
v -0.0121171 0.0331598 -0.00425637 
v -0.0126764 0.032966 -0.00413109 
v -0.0115675 0.0333312 -0.00444245 
v -0.011034 0.0334783 -0.00468715 
v -0.0105229 0.0335992 -0.0049876 
v -0.0132389 0.032752 -0.00406808 
v -0.0100403 0.0336926 -0.00534028 
v -0.00959161 0.0337573 -0.00574106 
v -0.0143469 0.0322741 -0.00413109 
v -0.0148794 0.0320156 -0.00425637 
v -0.0153893 0.0317482 -0.00444245 
v -0.0137979 0.0325205 -0.00406808 
v -0.0158705 0.0314749 -0.00468715 
v -0.0134884 0.0326487 -0.00406808 
v -0.0163174 0.0311991 -0.0049876 
v -0.0167247 0.0309238 -0.00534028 
v -0.0176643 0.0301335 -0.00666758 
v -0.0177525 0.0300306 -0.00688717 
v -0.0167967 0.0308699 -0.00541981 
v -0.0170877 0.0306523 -0.00574106 
v -0.0174022 0.0303879 -0.00618523 
v -0.0181388 0.0292744 -0.00886049 
v -0.0181069 0.0291118 -0.00944241 
v -0.0181098 0.0294602 -0.00828539 
v -0.0180202 0.0296669 -0.00772386 
v -0.0180145 0.0289742 -0.0100243 
v -0.0178712 0.0298923 -0.00718247 
v -0.0176531 0.0287805 -0.011161 
v -0.0173883 0.0287266 -0.0117023 
v -0.0178626 0.0288634 -0.0105994 
v -0.0170715 0.0287022 -0.0122172 
v -0.0167062 0.0287078 -0.0126996 
v -0.0179201 0.0289053 -0.0103817 
v -0.0162969 0.0287431 -0.0131438 
v -0.014321 0.0291692 -0.0144424 
v -0.0142347 0.0291961 -0.0144716 
v -0.0159422 0.0287943 -0.0134606 
v -0.0158483 0.0288078 -0.0135445 
v -0.0153656 0.0289012 -0.0138972 
v -0.0148545 0.0290221 -0.0141977 
v -0.0120906 0.0299799 -0.0148167 
v -0.0115416 0.0302263 -0.0147537 
v -0.0126496 0.0297484 -0.0148167 
v -0.0132121 0.0295344 -0.0147537 
v -0.0110091 0.0304848 -0.0146284 
v -0.0137714 0.0293406 -0.0146284 
v -0.010018 0.0310255 -0.0141977 
v -0.00957115 0.0313013 -0.0138972 
v -0.00916381 0.0315766 -0.0135445 
v -0.0104992 0.0307522 -0.0144424 
v -0.0088008 0.0318481 -0.0131438 
v -0.00848636 0.0321125 -0.0126996 
v -0.00822418 0.0323669 -0.0122172 
v -0.00801735 0.0326081 -0.0117023 
v -0.00795805 0.0326978 -0.011487 
v -0.00792219 0.032752 -0.0113568 
v -0.00778162 0.0333886 -0.00944241 
v -0.00774972 0.033226 -0.0100243 
v -0.00787405 0.0335262 -0.00886049 
v -0.00777872 0.0330402 -0.0105994 
v -0.00786828 0.0328335 -0.011161 
v -0.0301335 0.0176643 -0.00666758 
v -0.030298 0.0174948 -0.0063557 
v -0.0298923 0.0178712 -0.00718247 
v -0.0297018 0.0179972 -0.00764002 
v -0.0320156 0.0148794 -0.00425637 
v -0.0309238 0.0167247 -0.00534028 
v -0.0311991 0.0163174 -0.0049876 
v -0.0314749 0.0158705 -0.00468715 
v -0.0317482 0.0153893 -0.00444245 
v -0.0306523 0.0170877 -0.00574106 
v -0.0322741 0.0143469 -0.00413109 
v -0.0303879 0.0174022 -0.00618523 
v -0.032752 0.0132389 -0.00406808 
v -0.032966 0.0126764 -0.00413109 
v -0.0331598 0.0121171 -0.00425637 
v -0.0325205 0.0137979 -0.00406808 
v -0.0333312 0.0115675 -0.00444245 
v -0.0323203 0.0142439 -0.00411927 
v -0.0334783 0.011034 -0.00468715 
v -0.0337982 0.00881704 -0.00666758 
v -0.0337738 0.0085002 -0.00718247 
v -0.0337926 0.00918227 -0.00618523 
v -0.0337573 0.00959161 -0.00574106 
v -0.0336926 0.0100403 -0.00534028 
v -0.0335992 0.0105229 -0.0049876 
v -0.0335859 0.010579 -0.00495467 
v -0.0335262 0.00787405 -0.00886049 
v -0.033637 0.00802592 -0.00828539 
v -0.0333886 0.00778162 -0.00944241 
v -0.0337199 0.00823546 -0.00772386 
v -0.033226 0.00774972 -0.0100243 
v -0.0337679 0.00847092 -0.00724233 
v -0.0330402 0.00777872 -0.0105994 
v -0.0318481 0.0088008 -0.0131438 
v -0.0315766 0.00916381 -0.0135445 
v -0.0328335 0.00786828 -0.011161 
v -0.0326081 0.00801735 -0.0117023 
v -0.0323669 0.00822418 -0.0122172 
v -0.0321125 0.00848636 -0.0126996 
v -0.0329875 0.00780158 -0.0107428 
v -0.0315286 0.0092349 -0.0136061 
v -0.0313013 0.00957115 -0.0138972 
v -0.0310255 0.010018 -0.0141977 
v -0.0307522 0.0104992 -0.0144424 
v -0.0304848 0.0110091 -0.0146284 
v -0.0302263 0.0115416 -0.0147537 
v -0.0305436 0.0108969 -0.0145875 
v -0.0299799 0.0120906 -0.0148167 
v -0.0295844 0.0130808 -0.0147684 
v -0.0297484 0.0126496 -0.0148167 
v -0.0297764 0.0125819 -0.0148167 
v -0.0290221 0.0148545 -0.0141977 
v -0.0289012 0.0153656 -0.0138972 
v -0.0288078 0.0158483 -0.0135445 
v -0.0291692 0.014321 -0.0144424 
v -0.0293406 0.0137714 -0.0146284 
v -0.0287431 0.0162969 -0.0131438 
v -0.0295344 0.0132121 -0.0147537 
v -0.0287266 0.0173883 -0.0117023 
v -0.0287282 0.0164693 -0.0129567 
v -0.0287078 0.0167062 -0.0126996 
v -0.0287022 0.0170715 -0.0122172 
v -0.0289742 0.0180145 -0.0100243 
v -0.0291118 0.0181069 -0.00944241 
v -0.0288634 0.0178626 -0.0105994 
v -0.0292744 0.0181388 -0.00886049 
v -0.0287805 0.0176531 -0.011161 
v -0.0294602 0.0181098 -0.00828539 
v -0.0287617 0.017561 -0.0113492 
v -0.0296669 0.0180202 -0.00772386 
v 0.0337738 0.0085002 -0.00718247 
v 0.0337937 0.00875928 -0.00676144 
v 0.0336788 0.0081316 -0.00800218 
v 0.0337199 0.00823546 -0.00772386 
v 0.0337982 0.00881704 -0.00666758 
v 0.0337926 0.00918227 -0.00618523 
v 0.0337573 0.00959161 -0.00574106 
v 0.0336926 0.0100403 -0.00534028 
v 0.0335992 0.0105229 -0.0049876 
v 0.0334783 0.011034 -0.00468715 
v 0.0333312 0.0115675 -0.00444245 
v 0.0335645 0.0106697 -0.00490136 
v 0.0331598 0.0121171 -0.00425637 
v 0.0322741 0.0143469 -0.00413109 
v 0.0321784 0.014544 -0.00417746 
v 0.0325205 0.0137979 -0.00406808 
v 0.032752 0.0132389 -0.00406808 
v 0.032966 0.0126764 -0.00413109 
v 0.0331447 0.0121606 -0.00424664 
v 0.0320156 0.0148794 -0.00425637 
v 0.0317482 0.0153893 -0.00444245 
v 0.0309238 0.0167247 -0.00534028 
v 0.0307746 0.0169242 -0.00556049 
v 0.0311991 0.0163174 -0.0049876 
v 0.0314749 0.0158705 -0.00468715 
v 0.0315091 0.0158103 -0.00465657 
v 0.0301335 0.0176643 -0.00666758 
v 0.0303879 0.0174022 -0.00618523 
v 0.0306523 0.0170877 -0.00574106 
v 0.0296669 0.0180202 -0.00772386 
v 0.0298923 0.0178712 -0.00718247 
v 0.0294602 0.0181098 -0.00828539 
v 0.0299387 0.0178314 -0.0070834 
v 0.0292973 0.0181352 -0.00878959 
v 0.0292744 0.0181388 -0.00886049 
v 0.0291118 0.0181069 -0.00944241 
v 0.0289742 0.0180145 -0.0100243 
v 0.0288634 0.0178626 -0.0105994 
v 0.0287805 0.0176531 -0.011161 
v 0.0287697 0.0176 -0.0112695 
v 0.0288092 0.0177258 -0.0109661 
v 0.0287431 0.0162969 -0.0131438 
v 0.0288078 0.0158483 -0.0135445 
v 0.0287078 0.0167062 -0.0126996 
v 0.0287022 0.0170715 -0.0122172 
v 0.0289012 0.0153656 -0.0138972 
v 0.0287266 0.0173883 -0.0117023 
v 0.0290221 0.0148545 -0.0141977 
v 0.0302263 0.0115416 -0.0147537 
v 0.030387 0.0112107 -0.0146759 
v 0.0291692 0.014321 -0.0144424 
v 0.0293406 0.0137714 -0.0146284 
v 0.0295344 0.0132121 -0.0147537 
v 0.0297484 0.0126496 -0.0148167 
v 0.0299799 0.0120906 -0.0148167 
v 0.0290222 0.0148543 -0.0141978 
v 0.0304848 0.0110091 -0.0146284 
v 0.0315766 0.00916381 -0.0135445 
v 0.0313013 0.00957115 -0.0138972 
v 0.0310255 0.010018 -0.0141977 
v 0.0307522 0.0104992 -0.0144424 
v 0.030555 0.0108752 -0.0145796 
v 0.0326081 0.00801735 -0.0117023 
v 0.0328335 0.00786828 -0.011161 
v 0.0323669 0.00822418 -0.0122172 
v 0.0321125 0.00848636 -0.0126996 
v 0.0318481 0.0088008 -0.0131438 
v 0.0318472 0.00880199 -0.0131451 
v 0.0330402 0.00777872 -0.0105994 
v 0.033226 0.00774972 -0.0100243 
v 0.0333886 0.00778162 -0.00944241 
v 0.0329689 0.00780963 -0.0107933 
v 0.0335262 0.00787405 -0.00886049 
v 0.033637 0.00802592 -0.00828539 
v 0.0179663 0.0297484 -0.00752813 
v 0.0179704 0.0297422 -0.00754295 
v 0.0176643 0.0301335 -0.00666758 
v 0.0175824 0.030213 -0.00651686 
v 0.0178712 0.0298923 -0.00718247 
v 0.0174022 0.0303879 -0.00618523 
v 0.017182 0.030573 -0.00587424 
v 0.0170877 0.0306523 -0.00574106 
v 0.0167694 0.0308904 -0.0053896 
v 0.0167247 0.0309238 -0.00534028 
v 0.0163174 0.0311991 -0.0049876 
v 0.0158705 0.0314749 -0.00468715 
v 0.0158367 0.0314941 -0.00467 
v 0.0153893 0.0317482 -0.00444245 
v 0.0152481 0.0318222 -0.00439093 
v 0.0148794 0.0320156 -0.00425637 
v 0.0137979 0.0325205 -0.00406808 
v 0.0144892 0.032205 -0.00416456 
v 0.0143469 0.0322741 -0.00413109 
v 0.0115675 0.0333312 -0.00444245 
v 0.0121171 0.0331598 -0.00425637 
v 0.0126764 0.032966 -0.00413109 
v 0.011034 0.0334783 -0.00468715 
v 0.0132389 0.032752 -0.00406808 
v 0.0133007 0.0327264 -0.00406808 
v 0.0105229 0.0335992 -0.0049876 
v 0.00918227 0.0337926 -0.00618523 
v 0.00881704 0.0337982 -0.00666758 
v 0.00959161 0.0337573 -0.00574106 
v 0.0100403 0.0336926 -0.00534028 
v 0.0100421 0.0336922 -0.00533895 
v 0.00787405 0.0335262 -0.00886049 
v 0.00823546 0.0337199 -0.00772386 
v 0.00802592 0.033637 -0.00828539 
v 0.0085002 0.0337738 -0.00718247 
v 0.00880473 0.0337972 -0.00668759 
v 0.00777872 0.0330402 -0.0105994 
v 0.0078213 0.0329419 -0.0108664 
v 0.00774972 0.033226 -0.0100243 
v 0.00778162 0.0333886 -0.00944241 
v 0.00781795 0.0334427 -0.00921367 
v 0.00822418 0.0323669 -0.0122172 
v 0.00801735 0.0326081 -0.0117023 
v 0.00786828 0.0328335 -0.011161 
v 0.0088008 0.0318481 -0.0131438 
v 0.00848636 0.0321125 -0.0126996 
v 0.00916381 0.0315766 -0.0135445 
v 0.00837476 0.0322208 -0.0124943 
v 0.00957115 0.0313013 -0.0138972 
v 0.010018 0.0310255 -0.0141977 
v 0.00939553 0.03142 -0.0137452 
v 0.0104992 0.0307522 -0.0144424 
v 0.0110091 0.0304848 -0.0146284 
v 0.0107821 0.0306038 -0.0145456 
v 0.0115416 0.0302263 -0.0147537 
v 0.0120906 0.0299799 -0.0148167 
v 0.0124392 0.0298355 -0.0148167 
v 0.0126496 0.0297484 -0.0148167 
v 0.0132121 0.0295344 -0.0147537 
v 0.0137714 0.0293406 -0.0146284 
v 0.014321 0.0291692 -0.0144424 
v 0.0143873 0.0291509 -0.014412 
v 0.014271 0.0291848 -0.0144593 
v 0.0148545 0.0290221 -0.0141977 
v 0.0153656 0.0289012 -0.0138972 
v 0.0158483 0.0288078 -0.0135445 
v 0.0170715 0.0287022 -0.0122172 
v 0.0173883 0.0287266 -0.0117023 
v 0.0161943 0.0287579 -0.0132354 
v 0.0162969 0.0287431 -0.0131438 
v 0.0167062 0.0287078 -0.0126996 
v 0.0180145 0.0289742 -0.0100243 
v 0.0181069 0.0291118 -0.00944241 
v 0.0178626 0.0288634 -0.0105994 
v 0.0181388 0.0292744 -0.00886049 
v 0.0176531 0.0287805 -0.011161 
v 0.0181098 0.0294602 -0.00828539 
v 0.017581 0.0287658 -0.0113083 
v 0.0180202 0.0296669 -0.00772386 
v 0.00146712 0.0189376 -0.0300606 
v 0.00178426 0.0190041 -0.0300029 
v 0.00234634 0.0191733 -0.0298562 
v 0.00384286 0.0199399 -0.0291915 
v 0.00338171 0.019644 -0.0294481 
v 0.00288091 0.0193874 -0.0296705 
v 0.00279225 0.0193519 -0.0297013 
v 0.00425896 0.0202718 -0.0289038 
v 0.00462513 0.0206358 -0.0285882 
v 0.00538432 0.0218756 -0.0275133 
v 0.00548148 0.0222091 -0.0272241 
v 0.00519112 0.0214424 -0.0278889 
v 0.00493707 0.0210275 -0.0282486 
v 0.00471891 0.0207535 -0.0284861 
v 0.0055798 0.0227766 -0.0267321 
v 0.0055798 0.0232337 -0.0263358 
v 0.00551439 0.0223221 -0.0271262 
v 0.00551439 0.0236882 -0.0259417 
v 0.00493707 0.0249828 -0.0248193 
v 0.00475449 0.0252121 -0.0246205 
v 0.00519112 0.0245679 -0.025179 
v 0.00538432 0.0241347 -0.0255546 
v 0.00543969 0.0239446 -0.0257194 
v 0.00384286 0.0260704 -0.0238764 
v 0.00425896 0.0257385 -0.0241641 
v 0.00338171 0.0263663 -0.0236198 
v 0.00462513 0.0253745 -0.0244797 
v 0.00288091 0.0266229 -0.0233974 
v 0.000604169 0.0272025 -0.0228948 
v 0.000443048 0.0272091 -0.0228891 
v 0.00267501 0.0267054 -0.0233259 
v 0.00234634 0.026837 -0.0232117 
v 0.00178426 0.0270062 -0.023065 
v 0.00120125 0.0271285 -0.022959 
v 2.41651e-16 0.0272272 -0.0228734 
v -0.000604169 0.0272025 -0.0228948 
v -0.00234634 0.026837 -0.0232117 
v -0.00288091 0.0266229 -0.0233974 
v -0.00178426 0.0270062 -0.023065 
v -0.00120125 0.0271285 -0.022959 
v -0.000805037 0.0271776 -0.0229164 
v -0.00338171 0.0263663 -0.0236198 
v -0.00538432 0.0241347 -0.0255546 
v -0.00550908 0.0237064 -0.0259259 
v -0.00425896 0.0257385 -0.0241641 
v -0.00462513 0.0253745 -0.0244797 
v -0.00384286 0.0260704 -0.0238764 
v -0.00493707 0.0249828 -0.0248193 
v -0.00519112 0.0245679 -0.025179 
v -0.00362923 0.0262075 -0.0237575 
v -0.00551439 0.0236882 -0.0259417 
v -0.00519112 0.0214424 -0.0278889 
v -0.00493707 0.0210275 -0.0282486 
v -0.00538432 0.0218756 -0.0275133 
v -0.00551439 0.0223221 -0.0271262 
v -0.0055798 0.0227766 -0.0267321 
v -0.0055798 0.0232337 -0.0263358 
v -0.00553931 0.0235151 -0.0260919 
v -0.00462513 0.0206358 -0.0285882 
v -0.00384286 0.0199399 -0.0291915 
v -0.00338171 0.019644 -0.0294481 
v -0.00425896 0.0202718 -0.0289038 
v -0.00288091 0.0193874 -0.0296705 
v -0.00462397 0.0206346 -0.0285892 
v -0.00234634 0.0191733 -0.0298562 
v 0.00120125 0.0188818 -0.0301089 
v -0.00178426 0.0190041 -0.0300029 
v -0.00120125 0.0188818 -0.0301089 
v -0.000604169 0.0188078 -0.0301731 
v 2.40966e-16 0.0187831 -0.0301945 
v 0.000604169 0.0188078 -0.0301731 
v -0.00184432 0.0190222 -0.0299872 
v 0.0188024 -0.000472844 -0.0301777 
v 0.0188078 -0.000604169 -0.0301731 
v 0.0199399 -0.00384286 -0.0291915 
v 0.019644 -0.00338171 -0.0294481 
v 0.0193874 -0.00288091 -0.0296705 
v 0.0191733 -0.00234634 -0.0298562 
v 0.0202718 -0.00425896 -0.0289038 
v 0.0190041 -0.00178426 -0.0300029 
v 0.0188818 -0.00120125 -0.0301089 
v 0.018851 -0.000952304 -0.0301357 
v 0.0214424 -0.00519112 -0.0278889 
v 0.0210275 -0.00493707 -0.0282486 
v 0.0218756 -0.00538432 -0.0275133 
v 0.0206358 -0.00462513 -0.0285882 
v 0.0223221 -0.00551439 -0.0271262 
v 0.0204222 -0.0044102 -0.0287734 
v 0.0227766 -0.0055798 -0.0267321 
v 0.0245679 -0.00519112 -0.025179 
v 0.0249661 -0.00494732 -0.0248338 
v 0.0241347 -0.00538432 -0.0255546 
v 0.0236882 -0.00551439 -0.0259417 
v 0.0232337 -0.0055798 -0.0263358 
v 0.0231494 -0.0055798 -0.0264089 
v 0.0266229 -0.00288091 -0.0233974 
v 0.0257385 -0.00425896 -0.0241641 
v 0.0260704 -0.00384286 -0.0238764 
v 0.0263663 -0.00338171 -0.0236198 
v 0.0253745 -0.00462513 -0.0244797 
v 0.026837 -0.00234634 -0.0232117 
v 0.0249828 -0.00493707 -0.0248193 
v 0.0272025 -0.000604169 -0.0228948 
v 0.0272272 -6.84333e-19 -0.0228734 
v 0.0271285 -0.00120125 -0.022959 
v 0.0272025 0.000604169 -0.0228948 
v 0.0270062 -0.00178426 -0.023065 
v 0.0271285 0.00120125 -0.022959 
v 0.0269716 -0.00189941 -0.0230951 
v 0.0270062 0.00178426 -0.023065 
v 0.026837 0.00234634 -0.0232117 
v 0.0263663 0.00338171 -0.0236198 
v 0.0263002 0.00348469 -0.0236771 
v 0.026828 0.00236893 -0.0232195 
v 0.0266229 0.00288091 -0.0233974 
v 0.0253745 0.00462513 -0.0244797 
v 0.0249828 0.00493707 -0.0248193 
v 0.0257385 0.00425896 -0.0241641 
v 0.0260704 0.00384286 -0.0238764 
v 0.0245679 0.00519112 -0.025179 
v 0.0223221 0.00551439 -0.0271262 
v 0.0221085 0.00545216 -0.0273114 
v 0.0241347 0.00538432 -0.0255546 
v 0.0236882 0.00551439 -0.0259417 
v 0.0232337 0.0055798 -0.0263358 
v 0.0227766 0.0055798 -0.0267321 
v 0.0241746 0.00536654 -0.0255201 
v 0.0218756 0.00538432 -0.0275133 
v 0.0214424 0.00519112 -0.0278889 
v 0.0202718 0.00425896 -0.0289038 
v 0.0199399 0.00384286 -0.0291915 
v 0.0206358 0.00462513 -0.0285882 
v 0.0210275 0.00493707 -0.0282486 
v 0.0211032 0.00498343 -0.0281829 
v 0.019644 0.00338171 -0.0294481 
v 0.0187831 0 -0.0301945 
v 0.0191733 0.00234634 -0.0298562 
v 0.0190041 0.00178426 -0.0300029 
v 0.0188818 0.00120125 -0.0301089 
v 0.0188078 0.000604169 -0.0301731 
v 0.0193874 0.00288091 -0.0296705 
v 0.0194544 0.00301166 -0.0296125 
v -0.0263663 -0.00338171 -0.0236198 
v -0.0263002 -0.00348469 -0.0236771 
v -0.026828 -0.00236893 -0.0232195 
v -0.0266229 -0.00288091 -0.0233974 
v -0.0253745 -0.00462513 -0.0244797 
v -0.0249828 -0.00493707 -0.0248193 
v -0.0257385 -0.00425896 -0.0241641 
v -0.0260704 -0.00384286 -0.0238764 
v -0.0245679 -0.00519112 -0.025179 
v -0.0223221 -0.00551439 -0.0271262 
v -0.0221085 -0.00545216 -0.0273114 
v -0.0241347 -0.00538432 -0.0255546 
v -0.0236882 -0.00551439 -0.0259417 
v -0.0232337 -0.0055798 -0.0263358 
v -0.0227766 -0.0055798 -0.0267321 
v -0.0241746 -0.00536654 -0.0255201 
v -0.0218756 -0.00538432 -0.0275133 
v -0.0214424 -0.00519112 -0.0278889 
v -0.0202718 -0.00425896 -0.0289038 
v -0.0199399 -0.00384286 -0.0291915 
v -0.0206358 -0.00462513 -0.0285882 
v -0.0210275 -0.00493707 -0.0282486 
v -0.0211032 -0.00498343 -0.0281829 
v -0.019644 -0.00338171 -0.0294481 
v -0.0187831 -6.84333e-19 -0.0301945 
v -0.0188024 0.000472844 -0.0301777 
v -0.0191733 -0.00234634 -0.0298562 
v -0.0190041 -0.00178426 -0.0300029 
v -0.0188818 -0.00120125 -0.0301089 
v -0.0188078 -0.000604169 -0.0301731 
v -0.0193874 -0.00288091 -0.0296705 
v -0.0194544 -0.00301166 -0.0296125 
v -0.0188078 0.000604169 -0.0301731 
v -0.0199399 0.00384286 -0.0291915 
v -0.019644 0.00338171 -0.0294481 
v -0.0193874 0.00288091 -0.0296705 
v -0.0191733 0.00234634 -0.0298562 
v -0.0202718 0.00425896 -0.0289038 
v -0.0190041 0.00178426 -0.0300029 
v -0.0188818 0.00120125 -0.0301089 
v -0.018851 0.000952304 -0.0301357 
v -0.0214424 0.00519112 -0.0278889 
v -0.0210275 0.00493707 -0.0282486 
v -0.0218756 0.00538432 -0.0275133 
v -0.0206358 0.00462513 -0.0285882 
v -0.0223221 0.00551439 -0.0271262 
v -0.0204222 0.0044102 -0.0287734 
v -0.0227766 0.0055798 -0.0267321 
v -0.0245679 0.00519112 -0.025179 
v -0.0249661 0.00494732 -0.0248338 
v -0.0241347 0.00538432 -0.0255546 
v -0.0236882 0.00551439 -0.0259417 
v -0.0232337 0.0055798 -0.0263358 
v -0.0231494 0.0055798 -0.0264089 
v -0.0266229 0.00288091 -0.0233974 
v -0.0257385 0.00425896 -0.0241641 
v -0.0260704 0.00384286 -0.0238764 
v -0.0263663 0.00338171 -0.0236198 
v -0.0253745 0.00462513 -0.0244797 
v -0.026837 0.00234634 -0.0232117 
v -0.0249828 0.00493707 -0.0248193 
v -0.0272025 0.000604169 -0.0228948 
v -0.0272272 0 -0.0228734 
v -0.0271285 0.00120125 -0.022959 
v -0.0272025 -0.000604169 -0.0228948 
v -0.0270062 0.00178426 -0.023065 
v -0.0271285 -0.00120125 -0.022959 
v -0.0269716 0.00189941 -0.0230951 
v -0.0270062 -0.00178426 -0.023065 
v -0.026837 -0.00234634 -0.0232117 
v 0.00786308 0.0335099 -0.00892956 
v 0.0135789 0.0326112 -0.00406808 
v -0.00786308 -0.0335099 -0.00892956 
v -0.0135789 -0.0326112 -0.00406808 
v 0.0161355 0.0316857 -0.000415687 
v 0.0225351 0.0275047 -0.000415687 
v 0.0126325 0.0332303 -0.000826499 
v 0.0161919 0.0316489 -0.000826499 
v 0.0127446 0.033157 -0.00164331 
v 0.0162851 0.031588 -0.00122762 
v 0.01293 0.0330359 -0.00244085 
v 0.0164141 0.0315037 -0.00161435 
v 0.0131865 0.0328683 -0.00320978 
v 0.0165774 0.0313971 -0.00198216 
v 0.0186482 0.0293001 -0.00763314 
v 0.0191611 0.0297091 -0.00383907 
v 0.0195096 0.0294814 -0.00383907 
v 0.0193411 0.0288474 -0.00763314 
v 0.019856 0.029255 -0.00379406 
v 0.02003 0.0283973 -0.00754365 
v 0.0201964 0.0290327 -0.00370457 
v 0.0207067 0.0279552 -0.00736571 
v 0.0205267 0.0288169 -0.00357165 
v 0.0213634 0.0275262 -0.00710142 
v 0.020843 0.0286102 -0.00339685 
v 0.0219923 0.0271153 -0.00675387 
v 0.0211416 0.0284151 -0.00318223 
v 0.022586 0.0267274 -0.00632714 
v 0.021419 0.0282339 -0.00293029 
v 0.0231376 0.026367 -0.00582623 
v 0.0216721 0.0280686 -0.00264401 
v 0.0236407 0.0260383 -0.00525701 
v 0.0218977 0.0279212 -0.00232672 
v 0.0240893 0.0257452 -0.00462616 
v 0.0220933 0.0277934 -0.00198216 
v 0.0244782 0.0254912 -0.00394107 
v 0.0222565 0.0276867 -0.00161435 
v 0.0248028 0.0252791 -0.00320978 
v 0.0223855 0.0276025 -0.00122762 
v 0.0250592 0.0251116 -0.00244085 
v 0.0224787 0.0275415 -0.000826499 
v 0.0252446 0.0249905 -0.00164331 
v 0.0253567 0.0249172 -0.000826499 
v 0.00898142 0.0343852 -0.00122762 
v 0.00914794 0.0342764 -0.00244085 
v 0.00942329 0.0340965 -0.00362547 
v 0.0179166 0.0285476 -0.0113377 
v 0.0189458 0.0278752 -0.0113377 
v 0.019969 0.0272067 -0.0112048 
v 0.0209742 0.02655 -0.0109405 
v 0.0219496 0.0259127 -0.0105479 
v 0.0228837 0.0253025 -0.0100317 
v 0.0237656 0.0247263 -0.00939788 
v 0.024585 0.024191 -0.00865386 
v 0.0253322 0.0237028 -0.00780839 
v 0.0259985 0.0232675 -0.00687137 
v 0.0265761 0.0228901 -0.00585379 
v 0.0270582 0.0225752 -0.00476757 
v 0.0274392 0.0223263 -0.00362547 
v 0.0277145 0.0221464 -0.00244085 
v 0.027881 0.0220376 -0.00122762 
v 0.00522503 0.035137 -0.00161435 
v 0.00544399 0.0349939 -0.00320978 
v 0.00580609 0.0347573 -0.00476757 
v 0.00980425 0.0338476 -0.00476757 
v 0.016975 0.0274604 -0.0149094 
v 0.0183285 0.0265761 -0.0149094 
v 0.019674 0.0256971 -0.0147346 
v 0.0209958 0.0248335 -0.014387 
v 0.0222785 0.0239955 -0.0138708 
v 0.0235068 0.023193 -0.0131919 
v 0.0246666 0.0224353 -0.0123584 
v 0.0257441 0.0217314 -0.01138 
v 0.0267267 0.0210894 -0.0102682 
v 0.0276029 0.0205169 -0.00903601 
v 0.0283624 0.0200207 -0.00769787 
v 0.0289964 0.0196065 -0.00626947 
v 0.0294974 0.0192792 -0.00476757 
v 0.0298595 0.0190426 -0.00320978 
v 0.0300784 0.0188996 -0.00161435 
v 0.00140737 0.0354768 -0.00198216 
v 0.00167623 0.0353012 -0.00394107 
v 0.00212081 0.0350107 -0.00585379 
v 0.00630706 0.0344301 -0.00626947 
v 0.00273592 0.0346088 -0.00769787 
v 0.00694103 0.0340159 -0.00769787 
v 0.00351434 0.0341003 -0.0094517 
v 0.00770058 0.0335196 -0.00903601 
v 0.0141823 0.0271306 -0.0180916 
v 0.0156295 0.0283395 -0.0147346 
v 0.0158344 0.0260513 -0.0183062 
v 0.0174962 0.0249655 -0.0183062 
v 0.0191483 0.0238862 -0.0180916 
v 0.0207713 0.0228259 -0.0176649 
v 0.0223461 0.021797 -0.017031 
v 0.0238544 0.0208116 -0.0161975 
v 0.0252783 0.0198813 -0.0151741 
v 0.0266013 0.019017 -0.0139728 
v 0.0316544 0.0157157 -0.00394107 
v 0.0319232 0.01554 -0.00198216 
v -0.00242679 0.0354007 -0.00232672 
v -0.00211119 0.0351945 -0.00462616 
v -0.00158932 0.0348536 -0.00687137 
v -0.000867286 0.0343819 -0.00903601 
v 4.64478e-05 0.0337849 -0.0110947 
v 0.00444694 0.033491 -0.0110947 
v 0.00114117 0.0330697 -0.0130233 
v 0.00552279 0.0327881 -0.0126077 
v 0.00240404 0.0322446 -0.0147993 
v 0.00672928 0.0319999 -0.0139728 
v 0.00382025 0.0313194 -0.0164017 
v 0.00805226 0.0311355 -0.0151741 
v 0.0053732 0.0303048 -0.0178119 
v 0.00947621 0.0302052 -0.0161975 
v 0.00704469 0.0292128 -0.0190132 
v 0.0109845 0.0292199 -0.017031 
v 0.00881512 0.0280561 -0.0199916 
v 0.0125593 0.028191 -0.0176649 
v 0.0106637 0.0268483 -0.0207356 
v 0.0125688 0.0256037 -0.0212365 
v 0.0145081 0.0243367 -0.0214884 
v 0.0164588 0.0230623 -0.0214884 
v 0.0183981 0.0217953 -0.0212365 
v 0.0203032 0.0205506 -0.0207356 
v 0.0221518 0.0193429 -0.0199916 
v 0.0239223 0.0181862 -0.0190132 
v 0.0255938 0.0170942 -0.0178119 
v 0.0271467 0.0160796 -0.0164017 
v 0.0278078 0.0182287 -0.0126077 
v 0.0333937 0.0119982 -0.00232672 
v -0.00623249 0.0349096 -0.00264401 
v -0.00587386 0.0346753 -0.00525701 
v -0.00528082 0.0342878 -0.00780839 
v -0.00446033 0.0337518 -0.0102682 
v -0.00342199 0.0330734 -0.0126077 
v -0.00217799 0.0322607 -0.0147993 
v -0.000742908 0.0313231 -0.0168174 
v 0.000866429 0.0302717 -0.0186384 
v 0.00263115 0.0291187 -0.0202408 
v 0.00453058 0.0278778 -0.0216059 
v 0.00654243 0.0265634 -0.0227177 
v 0.00864312 0.025191 -0.0235632 
v 0.010808 0.0237766 -0.0241324 
v 0.0130118 0.0223368 -0.0244187 
v 0.0152285 0.0208886 -0.0244187 
v 0.0174322 0.0194488 -0.0241324 
v 0.0195971 0.0180344 -0.0235632 
v 0.0216978 0.016662 -0.0227177 
v 0.0237097 0.0153476 -0.0216059 
v 0.0256091 0.0141066 -0.0202408 
v 0.0273738 0.0129537 -0.0186384 
v 0.0285629 0.0151543 -0.0147993 
v 0.0344727 0.0083158 -0.00264401 
v -0.00996512 0.0340092 -0.00293029 
v -0.00685031 0.0319742 -0.0139728 
v -0.00547161 0.0310734 -0.0164017 
v -0.00388114 0.0300343 -0.0186384 
v -0.00209755 0.0288691 -0.0206565 
v 0.00652118 0.0232382 -0.0261146 
v 0.0089205 0.0216707 -0.0267454 
v 0.0113629 0.020075 -0.0270627 
v 0.0138196 0.01847 -0.0270627 
v 0.016262 0.0168743 -0.0267454 
v 0.0186613 0.0153068 -0.0261146 
v 0.0209894 0.0137858 -0.0251776 
v 0.0232191 0.012329 -0.0239454 
v 0.0253242 0.0109537 -0.0224324 
v 0.02728 0.00967596 -0.0206565 
v 0.0289832 0.0119023 -0.0168174 
v 0.0290636 0.00851069 -0.0186384 
v 0.0304182 0.0109647 -0.0147993 
v 0.0347501 0.00479554 -0.00582623 
v 0.0341141 0.0085501 -0.00525701 
v 0.0351476 0.00453587 -0.00293029 
v -0.0135809 0.03271 -0.00318223 
v -0.0101983 0.0305001 -0.0151741 
v -0.00870108 0.0295219 -0.0178119 
v -0.00697387 0.0283935 -0.0202408 
v 0.00692839 0.0193108 -0.0290449 
v 0.00958073 0.0175779 -0.0293895 
v 0.0122487 0.0158349 -0.0293895 
v 0.014901 0.014102 -0.0290449 
v 0.0175066 0.0123997 -0.0283598 
v 0.0200349 0.0107479 -0.0273422 
v 0.0224563 0.00916595 -0.0260041 
v 0.0247424 0.0076724 -0.0243611 
v 0.0268664 0.00628477 -0.0224324 
v 0.0288033 0.00501931 -0.0202408 
v 0.0306541 0.0074716 -0.0164017 
v 0.0305305 0.00389088 -0.0178119 
v 0.0320328 0.00657086 -0.0139728 
v 0.0320277 0.0029127 -0.0151741 
v 0.0331835 0.00581903 -0.01138 
v 0.0332774 0.00209624 -0.0123584 
v 0.0340929 0.00522494 -0.00865386 
v 0.034265 0.00145107 -0.00939788 
v 0.0349787 0.000984752 -0.00632714 
v 0.0354104 0.000702757 -0.00318223 
v -0.0170375 0.0310274 -0.00339685 
v -0.0134268 0.0286684 -0.0161975 
v -0.0118285 0.0276242 -0.0190132 
v -0.00998484 0.0264197 -0.0216059 
v -0.00503694 0.027128 -0.0224324 
v 0.00485506 0.0167244 -0.0310038 
v 0.00768627 0.0148747 -0.0313716 
v 0.0105342 0.0130141 -0.0313716 
v 0.0133654 0.0111644 -0.0310038 
v 0.0161467 0.00934726 -0.0302725 
v 0.0188456 0.00758404 -0.0291863 
v 0.0282053 0.00146909 -0.0216059 
v 0.030049 0.000264554 -0.0190132 
v 0.0316472 -0.0007796 -0.0161975 
v 0.0329812 -0.00165113 -0.0131919 
v 0.0340353 -0.00233981 -0.0100317 
v 0.0347972 -0.00283758 -0.00675387 
v 0.035258 -0.00313859 -0.00339685 
v -0.0202943 0.028981 -0.00357165 
v -0.0164978 0.0265006 -0.017031 
v -0.0148173 0.0254027 -0.0199916 
v -0.0128787 0.0241362 -0.0227177 
v -0.00791727 0.0250689 -0.0239454 
v -0.0107048 0.0227159 -0.0251776 
v -0.00565006 0.0235877 -0.0260041 
v -0.00019966 0.0158526 -0.0318303 
v 0.00207372 0.0185415 -0.0302725 
v 0.0027248 0.013942 -0.0325992 
v 0.00570171 0.0119971 -0.032986 
v 0.00869617 0.0100407 -0.032986 
v 0.0116731 0.00809584 -0.0325992 
v 0.0145975 0.00618522 -0.0318303 
v 0.0272766 -0.00209836 -0.0227177 
v 0.0292152 -0.00336488 -0.0199916 
v 0.0308957 -0.00446276 -0.017031 
v 0.0322983 -0.00537914 -0.0138708 
v 0.0334067 -0.00610326 -0.0105479 
v 0.0342078 -0.00662664 -0.00710142 
v 0.0346922 -0.00694315 -0.00357165 
v -0.0233132 0.0265948 -0.00370457 
v -0.0198099 0.0286645 -0.00710142 
v -0.0228107 0.0262665 -0.00736571 
v -0.0190088 0.0281411 -0.0105479 
v -0.0219798 0.0257237 -0.0109405 
v -0.0179004 0.027417 -0.0138708 
v -0.0208302 0.0249726 -0.014387 
v -0.0193754 0.0240221 -0.0176649 
v -0.0176324 0.0228834 -0.0207356 
v -0.0156217 0.0215697 -0.0235632 
v -0.0133668 0.0200965 -0.0261146 
v -0.00832091 0.0211584 -0.0273422 
v -0.0108942 0.0184811 -0.0283598 
v -0.00575508 0.0194821 -0.0291863 
v -0.00823287 0.0167424 -0.0302725 
v -0.00303737 0.0177066 -0.0306882 
v -0.00541403 0.0149008 -0.0318303 
v -0.0024707 0.0129778 -0.0330149 
v 0.000562592 0.0109961 -0.0338125 
v 0.00365029 0.00897883 -0.0342136 
v 0.0067562 0.00694966 -0.0342136 
v 0.0098439 0.00493239 -0.0338125 
v 0.0128772 0.00295066 -0.0330149 
v 0.0174353 0.00433127 -0.0306882 
v 0.0260282 -0.0056412 -0.0235632 
v 0.0280389 -0.00695486 -0.0207356 
v 0.0297819 -0.0080936 -0.0176649 
v 0.0337197 -0.0106663 -0.00370457 
v -0.0260588 0.0238968 -0.00379406 
v -0.0255442 0.0235606 -0.00754365 
v -0.0246932 0.0230046 -0.0112048 
v -0.0235158 0.0222354 -0.0147346 
v -0.0220258 0.021262 -0.0180916 
v -0.0202407 0.0200957 -0.0212365 
v -0.0181814 0.0187503 -0.0241324 
v -0.0158721 0.0172416 -0.0267454 
v -0.0133398 0.0155871 -0.0290449 
v -0.0106141 0.0138064 -0.0310038 
v -0.0077272 0.0119203 -0.0325992 
v -0.00471278 0.00995091 -0.0338125 
v -0.00160621 0.00792131 -0.0346293 
v 0.00155608 0.0058553 -0.0350401 
v 0.00473702 0.00377711 -0.0350401 
v 0.00789931 0.00171111 -0.0346293 
v 0.0110059 -0.000318496 -0.0338125 
v 0.0158205 0.00102771 -0.0318303 
v 0.0140203 -0.0022879 -0.0325992 
v 0.0186394 -0.000813917 -0.0302725 
v 0.0244745 -0.00911791 -0.0241324 
v 0.0265338 -0.0104633 -0.0212365 
v 0.0323519 -0.0142644 -0.00379406 
v -0.0284989 0.0209187 -0.00383907 
v -0.0279781 0.0205785 -0.00763314 
v -0.027117 0.0200159 -0.0113377 
v -0.0259257 0.0192376 -0.0149094 
v -0.024418 0.0182526 -0.0183062 
v -0.0226118 0.0170725 -0.0214884 
v -0.020528 0.0157111 -0.0244187 
v -0.0181913 0.0141845 -0.0270627 
v -0.0156289 0.0125104 -0.0293895 
v -0.012871 0.0107086 -0.0313716 
v -0.00994979 0.00880008 -0.032986 
v -0.0068996 0.00680732 -0.0342136 
v 0.00586211 -0.00153024 -0.0350401 
v 0.00900553 -0.00358392 -0.0342136 
v 0.0120557 -0.00557668 -0.032986 
v 0.0169073 -0.00417401 -0.0310038 
v 0.0149769 -0.00748517 -0.0313716 
v 0.0196329 -0.00595472 -0.0290449 
v 0.0177349 -0.00928701 -0.0293895 
v 0.0221652 -0.00760915 -0.0267454 
v 0.0202972 -0.0109611 -0.0270627 
v 0.022634 -0.0124877 -0.0244187 
v 0.0247177 -0.0138491 -0.0214884 
v 0.0283189 -0.0116296 -0.0180916 
v 0.0306048 -0.0176953 -0.00383907 
v -0.0306048 0.0176953 -0.00383907 
v -0.0280316 0.0160141 -0.0149094 
v -0.026524 0.0150292 -0.0183062 
v -0.0247177 0.0138491 -0.0214884 
v -0.022634 0.0124877 -0.0244187 
v -0.0202972 0.0109611 -0.0270627 
v -0.0177349 0.00928701 -0.0293895 
v -0.0149769 0.00748517 -0.0313716 
v -0.0120557 0.00557668 -0.032986 
v -0.00900553 0.00358392 -0.0342136 
v -0.00375618 0.00475364 -0.0350401 
v 0.00375618 -0.00475364 -0.0350401 
v 0.0068996 -0.00680732 -0.0342136 
v 0.00994979 -0.00880008 -0.032986 
v 0.012871 -0.0107086 -0.0313716 
v 0.0156289 -0.0125104 -0.0293895 
v 0.0181913 -0.0141845 -0.0270627 
v 0.020528 -0.0157111 -0.0244187 
v 0.0226118 -0.0170725 -0.0214884 
v 0.026524 -0.0150292 -0.0183062 
v 0.024418 -0.0182526 -0.0183062 
v 0.0280316 -0.0160141 -0.0149094 
v 0.0284989 -0.0209187 -0.00383907 
v -0.0323519 0.0142644 -0.00379406 
v -0.0283189 0.0116296 -0.0180916 
v -0.0265338 0.0104633 -0.0212365 
v -0.0244745 0.00911791 -0.0241324 
v -0.0221652 0.00760915 -0.0267454 
v -0.0196329 0.00595472 -0.0290449 
v -0.0169073 0.00417401 -0.0310038 
v -0.0140203 0.0022879 -0.0325992 
v -0.0110059 0.000318496 -0.0338125 
v -0.00586211 0.00153024 -0.0350401 
v 0.00160621 -0.00792131 -0.0346293 
v 0.00471278 -0.00995091 -0.0338125 
v 0.0077272 -0.0119203 -0.0325992 
v 0.0106141 -0.0138064 -0.0310038 
v 0.0133398 -0.0155871 -0.0290449 
v 0.0158721 -0.0172416 -0.0267454 
v 0.0181814 -0.0187503 -0.0241324 
v 0.0202407 -0.0200957 -0.0212365 
v 0.0220258 -0.021262 -0.0180916 
v 0.0259257 -0.0192376 -0.0149094 
v 0.0235158 -0.0222354 -0.0147346 
v 0.027117 -0.0200159 -0.0113377 
v 0.0246932 -0.0230046 -0.0112048 
v 0.0279781 -0.0205785 -0.00763314 
v 0.0255442 -0.0235606 -0.00754365 
v 0.0260588 -0.0238968 -0.00379406 
v -0.0337197 0.0106663 -0.00370457 
v -0.0297819 0.0080936 -0.0176649 
v -0.0280389 0.00695486 -0.0207356 
v -0.0186394 0.000813917 -0.0302725 
v -0.0158205 -0.00102771 -0.0318303 
v -0.0128772 -0.00295066 -0.0330149 
v -0.00789931 -0.00171111 -0.0346293 
v -0.0098439 -0.00493239 -0.0338125 
v -0.00473702 -0.00377711 -0.0350401 
v -0.0067562 -0.00694966 -0.0342136 
v -0.00155608 -0.0058553 -0.0350401 
v -0.00365029 -0.00897883 -0.0342136 
v -0.000562592 -0.0109961 -0.0338125 
v 0.0024707 -0.0129778 -0.0330149 
v 0.00541403 -0.0149008 -0.0318303 
v 0.00823287 -0.0167424 -0.0302725 
v 0.0108942 -0.0184811 -0.0283598 
v 0.0133668 -0.0200965 -0.0261146 
v 0.0156217 -0.0215697 -0.0235632 
v 0.0176324 -0.0228834 -0.0207356 
v 0.0193754 -0.0240221 -0.0176649 
v 0.0208302 -0.0249726 -0.014387 
v 0.0219798 -0.0257237 -0.0109405 
v 0.0228107 -0.0262665 -0.00736571 
v 0.0233132 -0.0265948 -0.00370457 
v -0.0346922 0.00694315 -0.00357165 
v -0.0322983 0.00537914 -0.0138708 
v -0.0312367 0.00904408 -0.014387 
v -0.0308957 0.00446276 -0.017031 
v -0.0292152 0.00336488 -0.0199916 
v -0.0260282 0.0056412 -0.0235632 
v -0.0174353 -0.00433127 -0.0306882 
v -0.0145975 -0.00618522 -0.0318303 
v -0.0116731 -0.00809584 -0.0325992 
v -0.00869617 -0.0100407 -0.032986 
v -0.00570171 -0.0119971 -0.032986 
v -0.0027248 -0.013942 -0.0325992 
v 0.00019966 -0.0158526 -0.0318303 
v 0.00303737 -0.0177066 -0.0306882 
v 0.00575508 -0.0194821 -0.0291863 
v 0.00832091 -0.0211584 -0.0273422 
v 0.0107048 -0.0227159 -0.0251776 
v 0.0128787 -0.0241362 -0.0227177 
v 0.0148173 -0.0254027 -0.0199916 
v 0.0164978 -0.0265006 -0.017031 
v 0.0179004 -0.027417 -0.0138708 
v 0.0190088 -0.0281411 -0.0105479 
v 0.0198099 -0.0286645 -0.00710142 
v 0.0202943 -0.028981 -0.00357165 
v -0.035258 0.00313859 -0.00339685 
v -0.0342078 0.00662664 -0.00710142 
v -0.0347972 0.00283758 -0.00675387 
v -0.0334067 0.00610326 -0.0105479 
v -0.0340353 0.00233981 -0.0100317 
v -0.0329812 0.00165113 -0.0131919 
v -0.0316472 0.0007796 -0.0161975 
v -0.030049 -0.000264554 -0.0190132 
v -0.0272766 0.00209836 -0.0227177 
v -0.0188456 -0.00758404 -0.0291863 
v -0.0161467 -0.00934726 -0.0302725 
v -0.0133654 -0.0111644 -0.0310038 
v -0.0105342 -0.0130141 -0.0313716 
v -0.00768627 -0.0148747 -0.0313716 
v -0.00485506 -0.0167244 -0.0310038 
v 0.00565006 -0.0235877 -0.0260041 
v 0.00791727 -0.0250689 -0.0239454 
v 0.00998484 -0.0264197 -0.0216059 
v 0.0118285 -0.0276242 -0.0190132 
v 0.0170375 -0.0310274 -0.00339685 
v -0.0354104 -0.000702757 -0.00318223 
v -0.0349787 -0.000984752 -0.00632714 
v -0.034265 -0.00145107 -0.00939788 
v -0.0332774 -0.00209624 -0.0123584 
v -0.0320277 -0.0029127 -0.0151741 
v -0.0305305 -0.00389088 -0.0178119 
v -0.0282053 -0.00146909 -0.0216059 
v -0.0224563 -0.00916595 -0.0260041 
v -0.0214303 -0.00589539 -0.0277579 
v -0.0200349 -0.0107479 -0.0273422 
v -0.0175066 -0.0123997 -0.0283598 
v -0.014901 -0.014102 -0.0290449 
v -0.0122487 -0.0158349 -0.0293895 
v -0.00958073 -0.0175779 -0.0293895 
v 0.00503694 -0.027128 -0.0224324 
v 0.00697387 -0.0283935 -0.0202408 
v 0.00870108 -0.0295219 -0.0178119 
v 0.0134268 -0.0286684 -0.0161975 
v 0.0135809 -0.03271 -0.00318223 
v -0.0351476 -0.00453587 -0.00293029 
v -0.0347501 -0.00479554 -0.00582623 
v -0.0340929 -0.00522494 -0.00865386 
v -0.0331835 -0.00581903 -0.01138 
v -0.0320328 -0.00657086 -0.0139728 
v -0.0306541 -0.0074716 -0.0164017 
v -0.0288033 -0.00501931 -0.0202408 
v -0.0290636 -0.00851069 -0.0186384 
v -0.0268664 -0.00628477 -0.0224324 
v -0.02728 -0.00967596 -0.0206565 
v -0.0247424 -0.0076724 -0.0243611 
v -0.0253242 -0.0109537 -0.0224324 
v -0.0232191 -0.012329 -0.0239454 
v -0.0209894 -0.0137858 -0.0251776 
v -0.0186613 -0.0153068 -0.0261146 
v -0.016262 -0.0168743 -0.0267454 
v -0.0138196 -0.01847 -0.0270627 
v -0.0113629 -0.020075 -0.0270627 
v -0.00692839 -0.0193108 -0.0290449 
v 0.00209755 -0.0288691 -0.0206565 
v 0.00388114 -0.0300343 -0.0186384 
v 0.00547161 -0.0310734 -0.0164017 
v 0.0101983 -0.0305001 -0.0151741 
v 0.00996512 -0.0340092 -0.00293029 
v -0.0344727 -0.0083158 -0.00264401 
v -0.0304182 -0.0109647 -0.0147993 
v -0.0289832 -0.0119023 -0.0168174 
v -0.0273738 -0.0129537 -0.0186384 
v -0.0256091 -0.0141066 -0.0202408 
v -0.0237097 -0.0153476 -0.0216059 
v -0.0216978 -0.016662 -0.0227177 
v -0.0195971 -0.0180344 -0.0235632 
v -0.0174322 -0.0194488 -0.0241324 
v -0.0152285 -0.0208886 -0.0244187 
v -0.0130118 -0.0223368 -0.0244187 
v -0.0089205 -0.0216707 -0.0267454 
v -0.010808 -0.0237766 -0.0241324 
v -0.00652118 -0.0232382 -0.0261146 
v -0.00263115 -0.0291187 -0.0202408 
v 0.000141744 -0.0275913 -0.0224324 
v -0.000866429 -0.0302717 -0.0186384 
v 0.000742908 -0.0313231 -0.0168174 
v 0.00217799 -0.0322607 -0.0147993 
v 0.00685031 -0.0319742 -0.0139728 
v 0.00623249 -0.0349096 -0.00264401 
v -0.0333937 -0.0119982 -0.00232672 
v -0.0285629 -0.0151543 -0.0147993 
v -0.0271467 -0.0160796 -0.0164017 
v -0.0255938 -0.0170942 -0.0178119 
v -0.0239223 -0.0181862 -0.0190132 
v -0.0221518 -0.0193429 -0.0199916 
v -0.0203032 -0.0205506 -0.0207356 
v -0.0183981 -0.0217953 -0.0212365 
v -0.0164588 -0.0230623 -0.0214884 
v -0.0145081 -0.0243367 -0.0214884 
v -0.0125688 -0.0256037 -0.0212365 
v -0.00864312 -0.025191 -0.0235632 
v -0.0106637 -0.0268483 -0.0207356 
v -0.00654243 -0.0265634 -0.0227177 
v -0.00881512 -0.0280561 -0.0199916 
v -0.00453058 -0.0278778 -0.0216059 
v -0.00704469 -0.0292128 -0.0190132 
v -0.0053732 -0.0303048 -0.0178119 
v -0.00382025 -0.0313194 -0.0164017 
v -0.00240404 -0.0322446 -0.0147993 
v -0.00114117 -0.0330697 -0.0130233 
v 0.00342199 -0.0330734 -0.0126077 
v -4.64478e-05 -0.0337849 -0.0110947 
v 0.00446033 -0.0337518 -0.0102682 
v 0.000867286 -0.0343819 -0.00903601 
v 0.00528082 -0.0342878 -0.00780839 
v 0.00158932 -0.0348536 -0.00687137 
v 0.00587386 -0.0346753 -0.00525701 
v 0.00211119 -0.0351945 -0.00462616 
v 0.00242679 -0.0354007 -0.00232672 
v -0.0319232 -0.01554 -0.00198216 
v -0.0278078 -0.0182287 -0.0126077 
v -0.0266013 -0.019017 -0.0139728 
v -0.0252783 -0.0198813 -0.0151741 
v -0.0238544 -0.0208116 -0.0161975 
v -0.0223461 -0.021797 -0.017031 
v -0.0207713 -0.0228259 -0.0176649 
v -0.0191483 -0.0238862 -0.0180916 
v -0.0174962 -0.0249655 -0.0183062 
v -0.0158344 -0.0260513 -0.0183062 
v -0.0141823 -0.0271306 -0.0180916 
v -0.0125593 -0.028191 -0.0176649 
v -0.0109845 -0.0292199 -0.017031 
v -0.00947621 -0.0302052 -0.0161975 
v -0.00805226 -0.0311355 -0.0151741 
v -0.00672928 -0.0319999 -0.0139728 
v -0.00552279 -0.0327881 -0.0126077 
v -0.00444694 -0.033491 -0.0110947 
v -0.00351434 -0.0341003 -0.0094517 
v -0.00273592 -0.0346088 -0.00769787 
v -0.00212081 -0.0350107 -0.00585379 
v -0.00167623 -0.0353012 -0.00394107 
v -0.00140737 -0.0354768 -0.00198216 
v -0.0300784 -0.0188996 -0.00161435 
v -0.0316544 -0.0157157 -0.00394107 
v -0.0267267 -0.0210894 -0.0102682 
v -0.0257441 -0.0217314 -0.01138 
v -0.0246666 -0.0224353 -0.0123584 
v -0.0235068 -0.023193 -0.0131919 
v -0.0222785 -0.0239955 -0.0138708 
v -0.0209958 -0.0248335 -0.014387 
v -0.019674 -0.0256971 -0.0147346 
v -0.0183285 -0.0265761 -0.0149094 
v -0.016975 -0.0274604 -0.0149094 
v -0.00770058 -0.0335196 -0.00903601 
v -0.00694103 -0.0340159 -0.00769787 
v -0.00630706 -0.0344301 -0.00626947 
v -0.00580609 -0.0347573 -0.00476757 
v -0.00544399 -0.0349939 -0.00320978 
v -0.00522503 -0.035137 -0.00161435 
v -0.027881 -0.0220376 -0.00122762 
v -0.0298595 -0.0190426 -0.00320978 
v -0.0277145 -0.0221464 -0.00244085 
v -0.0294974 -0.0192792 -0.00476757 
v -0.0274392 -0.0223263 -0.00362547 
v -0.0289964 -0.0196065 -0.00626947 
v -0.0270582 -0.0225752 -0.00476757 
v -0.0283624 -0.0200207 -0.00769787 
v -0.0265761 -0.0228901 -0.00585379 
v -0.0276029 -0.0205169 -0.00903601 
v -0.0259985 -0.0232675 -0.00687137 
v -0.0253322 -0.0237028 -0.00780839 
v -0.024585 -0.024191 -0.00865386 
v -0.0237656 -0.0247263 -0.00939788 
v -0.0228837 -0.0253025 -0.0100317 
v -0.0219496 -0.0259127 -0.0105479 
v -0.0209742 -0.02655 -0.0109405 
v -0.019969 -0.0272067 -0.0112048 
v -0.0189458 -0.0278752 -0.0113377 
v -0.00980425 -0.0338476 -0.00476757 
v -0.00942329 -0.0340965 -0.00362547 
v -0.00914794 -0.0342764 -0.00244085 
v -0.00898142 -0.0343852 -0.00122762 
v -0.0253567 -0.0249172 -0.000826499 
v -0.0252446 -0.0249905 -0.00164331 
v -0.0250592 -0.0251116 -0.00244085 
v -0.0248028 -0.0252791 -0.00320978 
v -0.0244782 -0.0254912 -0.00394107 
v -0.0240893 -0.0257452 -0.00462616 
v -0.0236407 -0.0260383 -0.00525701 
v -0.0231376 -0.026367 -0.00582623 
v -0.022586 -0.0267274 -0.00632714 
v -0.0219923 -0.0271153 -0.00675387 
v -0.0213634 -0.0275262 -0.00710142 
v -0.0207067 -0.0279552 -0.00736571 
v -0.02003 -0.0283973 -0.00754365 
v -0.0193411 -0.0288474 -0.00763314 
v -0.0179166 -0.0285476 -0.0113377 
v -0.0131865 -0.0328683 -0.00320978 
v -0.01293 -0.0330359 -0.00244085 
v -0.0127446 -0.033157 -0.00164331 
v -0.0126325 -0.0332303 -0.000826499 
v -0.0225351 -0.0275047 -0.000415687 
v -0.0224787 -0.0275415 -0.000826499 
v -0.0223855 -0.0276025 -0.00122762 
v -0.0222565 -0.0276867 -0.00161435 
v -0.0220933 -0.0277934 -0.00198216 
v -0.0218977 -0.0279212 -0.00232672 
v -0.0216721 -0.0280686 -0.00264401 
v -0.021419 -0.0282339 -0.00293029 
v -0.0211416 -0.0284151 -0.00318223 
v -0.020843 -0.0286102 -0.00339685 
v -0.0205267 -0.0288169 -0.00357165 
v -0.0201964 -0.0290327 -0.00370457 
v -0.019856 -0.029255 -0.00379406 
v -0.0195096 -0.0294814 -0.00383907 
v -0.0186482 -0.0293001 -0.00763314 
v -0.0165774 -0.0313971 -0.00198216 
v -0.0135111 -0.0326563 -0.00394107 
v -0.0164141 -0.0315037 -0.00161435 
v -0.0162851 -0.031588 -0.00122762 
v -0.0161919 -0.0316489 -0.000826499 
v -0.0161355 -0.0316857 -0.000415687 
v -0.00207372 -0.0185415 -0.0302725 
v 0.0312367 -0.00904408 -0.014387 
v -0.0188146 -0.0299354 -0.00379406 
v -0.0191611 -0.0297091 -0.00383907 
v -0.0184742 -0.0301578 -0.00370457 
v -0.018144 -0.0303736 -0.00357165 
v -0.017529 -0.0307753 -0.00318223 
v -0.0178277 -0.0305802 -0.00339685 
v -0.0172516 -0.0309566 -0.00293029 
v -0.0169986 -0.0311219 -0.00264401 
v -0.016773 -0.0312693 -0.00232672 
v -0.0156295 -0.0283395 -0.0147346 
v -0.0341141 -0.0085501 -0.00525701 
v 0.0188146 0.0299354 -0.00379406 
v 0.0184742 0.0301578 -0.00370457 
v 0.018144 0.0303736 -0.00357165 
v 0.017529 0.0307753 -0.00318223 
v 0.0178277 0.0305802 -0.00339685 
v 0.0172516 0.0309566 -0.00293029 
v 0.0169986 0.0311219 -0.00264401 
v 0.016773 0.0312693 -0.00232672 
v 0.0135111 0.0326563 -0.00394107 
v -0.000141744 0.0275913 -0.0224324 
v 0.0214303 0.00589539 -0.0277579 
vn -0.584833 0.804441 -0.104138 
vn -0.564137 0.825681 -4.26851e-16 
vn -0.598672 0.77377 -0.207054 
vn -0.584833 0.804441 -0.104138 
vn -0.605493 0.734027 -0.307543 
vn -0.605069 0.739045 -0.296149 
vn -0.605214 0.685678 -0.404427 
vn -0.601701 0.653219 -0.459631 
vn -0.59784 0.62929 -0.496569 
vn -0.583457 0.565525 -0.582889 
vn -0.592734 0.60377 -0.533037 
vn -0.59784 0.62929 -0.496569 
vn -0.593305 0.606409 -0.529394 
vn -0.562234 0.495129 -0.662375 
vn -0.534418 0.418928 -0.734095 
vn -0.500338 0.337816 -0.797209 
vn -0.530665 0.409469 -0.742112 
vn -0.534418 0.418928 -0.734095 
vn -0.500338 0.337816 -0.797209 
vn -0.460391 0.252743 -0.850977 
vn -0.469897 0.27224 -0.839692 
vn -0.415046 0.164707 -0.894767 
vn -0.364836 0.0747396 -0.928067 
vn -0.3773 0.0964531 -0.921054 
vn -0.310348 -0.0161038 -0.950487 
vn -0.361779 0.0694714 -0.929672 
vn -0.252221 -0.106758 -0.961762 
vn -0.310348 -0.0161038 -0.950487 
vn -0.198181 -0.186134 -0.96233 
vn -0.191138 -0.196161 -0.961762 
vn -0.127813 -0.283265 -0.950487 
vn -0.171825 -0.223302 -0.959486 
vn -0.191138 -0.196161 -0.961762 
vn -0.0629904 -0.367047 -0.928067 
vn 0.00257104 -0.446526 -0.894767 
vn 0.0681023 -0.520769 -0.850977 
vn 0.132835 -0.588907 -0.797209 
vn 0.0906805 -0.545133 -0.833431 
vn 0.0786619 -0.532242 -0.84293 
vn 0.0681023 -0.520769 -0.850977 
vn 0.196011 -0.650141 -0.734095 
vn 0.256888 -0.703753 -0.662375 
vn 0.314754 -0.749113 -0.582889 
vn 0.368929 -0.785691 -0.496569 
vn 0.418779 -0.813058 -0.404427 
vn 0.46372 -0.830892 -0.307543 
vn 0.503223 -0.838984 -0.207054 
vn 0.490457 -0.837338 -0.241488 
vn 0.495186 -0.838069 -0.228978 
vn 0.46372 -0.830892 -0.307543 
vn 0.536827 -0.837241 -0.104138 
vn 0.503223 -0.838984 -0.207054 
vn 0.564137 -0.825681 -1.16414e-16 
vn 0.536827 -0.837241 -0.104138 
vn 0.584833 -0.804441 0.104138 
vn 0.564137 -0.825681 -1.16414e-16 
vn 0.596849 -0.779526 0.190028 
vn 0.59285 -0.789754 0.157532 
vn 0.598672 -0.77377 0.207054 
vn 0.605493 -0.734027 0.307543 
vn 0.605214 -0.685678 0.404427 
vn 0.59784 -0.62929 0.496569 
vn 0.583457 -0.565525 0.582889 
vn 0.563443 -0.498762 0.65861 
vn 0.562234 -0.495129 0.662375 
vn 0.571328 -0.523379 0.632185 
vn 0.577639 -0.544513 0.608143 
vn 0.583457 -0.565525 0.582889 
vn 0.580187 -0.553505 0.597508 
vn 0.534418 -0.418928 0.734095 
vn 0.562234 -0.495129 0.662375 
vn 0.500338 -0.337816 0.797209 
vn 0.534418 -0.418928 0.734095 
vn 0.460391 -0.252743 0.850977 
vn 0.500338 -0.337816 0.797209 
vn 0.415046 -0.164707 0.894767 
vn 0.460391 -0.252743 0.850977 
vn 0.364836 -0.0747396 0.928067 
vn 0.415046 -0.164707 0.894767 
vn 0.310498 0.0158619 0.950442 
vn 0.312831 0.0120955 0.949732 
vn 0.310348 0.0161038 0.950487 
vn 0.252221 0.106758 0.961762 
vn 0.191138 0.196161 0.961762 
vn 0.127813 0.283265 0.950487 
vn 0.0629904 0.367047 0.928067 
vn 0.0995364 0.32046 0.942018 
vn 0.127813 0.283265 0.950487 
vn -0.00257104 0.446526 0.894767 
vn 0.0480498 0.385618 0.921407 
vn 0.0629904 0.367047 0.928067 
vn -0.0681023 0.520769 0.850977 
vn -0.11837 0.574141 0.810154 
vn -0.132835 0.588907 0.797209 
vn -0.144827 0.600942 0.786062 
vn -0.139175 0.595294 0.791363 
vn -0.196011 0.650141 0.734095 
vn -0.256888 0.703753 0.662375 
vn -0.201739 0.655421 0.727822 
vn -0.314754 0.749113 0.582889 
vn -0.266683 0.711838 0.649744 
vn -0.259454 0.705886 0.659097 
vn -0.256888 0.703753 0.662375 
vn -0.368929 0.785691 0.496569 
vn -0.418779 0.813058 0.404427 
vn -0.46372 0.830892 0.307543 
vn -0.460135 0.829763 0.315863 
vn -0.503223 0.838984 0.207054 
vn -0.474453 0.833918 0.281911 
vn -0.468028 0.832172 0.297387 
vn -0.536827 0.837241 0.104138 
vn -0.509843 0.839402 0.188319 
vn -0.503223 0.838984 0.207054 
vn -0.541796 0.836002 0.0869375 
vn -0.553953 0.831495 0.041871 
vn 0.633721 0.773473 0.0116897 
vn 0.634259 0.773121 0 
vn 0.549928 0.835212 0 
vn 0.453755 0.89105 0.0116897 
vn 0.546944 0.837169 3.31505e-18 
vn 0.54426 0.838916 3.92175e-19 
vn 0.503904 0.86376 6.19371e-18 
vn 0.538568 0.842582 1.22132e-18 
vn 0.527109 0.849798 2.87942e-18 
vn 0.456402 0.889774 1.28062e-17 
vn 0.713069 0.700709 0.0232424 
vn 0.71413 0.700013 0 
vn 0.637007 0.770858 0 
vn 0.632136 0.774509 0.0232424 
vn 0.709916 0.702769 0.0462123 
vn 0.629514 0.776222 0.0345226 
vn 0.704703 0.706175 0.0686404 
vn 0.625886 0.778592 0.045398 
vn 0.69749 0.710887 0.0902637 
vn 0.621295 0.781591 0.0557412 
vn 0.688363 0.71685 0.110829 
vn 0.615795 0.785185 0.0654308 
vn 0.677427 0.723994 0.130095 
vn 0.609451 0.78933 0.0743534 
vn 0.664812 0.732236 0.147835 
vn 0.602335 0.793978 0.0824042 
vn 0.650665 0.741479 0.163842 
vn 0.594533 0.799076 0.0894889 
vn 0.635152 0.751614 0.177929 
vn 0.586135 0.804562 0.0955245 
vn 0.618455 0.762523 0.189929 
vn 0.577241 0.810373 0.10044 
vn 0.600769 0.774077 0.199703 
vn 0.567953 0.816441 0.104178 
vn 0.582303 0.786141 0.207135 
vn 0.558381 0.822695 0.106695 
vn 0.563272 0.798575 0.212139 
vn 0.548638 0.82906 0.10796 
vn 0.5439 0.811231 0.214655 
vn 0.538838 0.835463 0.10796 
vn 0.524414 0.823962 0.214655 
vn 0.529094 0.841829 0.106695 
vn 0.505042 0.836618 0.212139 
vn 0.519523 0.848082 0.104178 
vn 0.486011 0.849052 0.207135 
vn 0.510235 0.85415 0.10044 
vn 0.467544 0.861116 0.199703 
vn 0.50134 0.859961 0.0955245 
vn 0.449859 0.872671 0.189929 
vn 0.492943 0.865447 0.0894889 
vn 0.433162 0.883579 0.177929 
vn 0.48514 0.870545 0.0824042 
vn 0.417649 0.893714 0.163842 
vn 0.478025 0.875193 0.0743534 
vn 0.403502 0.902957 0.147835 
vn 0.47168 0.879339 0.0654308 
vn 0.390887 0.911199 0.130095 
vn 0.46618 0.882932 0.0557412 
vn 0.379951 0.918343 0.110829 
vn 0.46159 0.885931 0.045398 
vn 0.370824 0.924306 0.0902637 
vn 0.457962 0.888301 0.0345226 
vn 0.363611 0.929019 0.0686404 
vn 0.45534 0.890014 0.0232424 
vn 0.358398 0.932424 0.0462123 
vn 0.453232 0.891392 1.32396e-17 
vn 0.357525 0.933904 2.58993e-17 
vn 0.355245 0.934484 0.0232424 
vn 0.784056 0.61973 0.0345226 
vn 0.785629 0.618698 0 
vn 0.716617 0.697467 0 
vn 0.779373 0.622789 0.0686404 
vn 0.77163 0.627848 0.101953 
vn 0.691366 0.680286 0.24336 
vn 0.668324 0.69534 0.264282 
vn 0.643523 0.711543 0.282107 
vn 0.617255 0.728705 0.296624 
vn 0.589826 0.746625 0.307663 
vn 0.561559 0.765092 0.315095 
vn 0.532785 0.783891 0.318833 
vn 0.503842 0.802801 0.318833 
vn 0.475068 0.8216 0.315095 
vn 0.446801 0.840067 0.307663 
vn 0.419372 0.857987 0.296624 
vn 0.393103 0.875149 0.282107 
vn 0.368303 0.891352 0.264282 
vn 0.27571 0.951845 0.134071 
vn 0.264997 0.958844 0.101953 
vn 0.257254 0.963903 0.0686404 
vn 0.252571 0.966962 0.0345226 
vn 0.354199 0.93517 2.63252e-17 
vn 0.254456 0.967084 3.86888e-17 
vn 0.845851 0.531484 0.045398 
vn 0.847916 0.53013 0 
vn 0.787825 0.615899 0 
vn 0.661047 0.652221 0.370977 
vn 0.626503 0.67479 0.390067 
vn 0.590434 0.698355 0.404584 
vn 0.553262 0.72264 0.414358 
vn 0.515424 0.747361 0.419273 
vn 0.477362 0.772227 0.419273 
vn 0.439524 0.796948 0.414358 
vn 0.402352 0.821234 0.404584 
vn 0.366283 0.844799 0.390067 
vn 0.153093 0.984081 0.0902637 
vn 0.146935 0.988104 0.045398 
vn 0.251013 0.967984 3.91021e-17 
vn 0.148405 0.988927 5.10247e-17 
vn 0.897729 0.437008 0.0557412 
vn 0.900263 0.435347 0 
vn 0.849798 0.527109 0 
vn 0.839693 0.535507 0.0902637 
vn 0.670821 0.585253 0.455498 
vn 0.628407 0.612963 0.478938 
vn 0.58412 0.641897 0.496762 
vn 0.538479 0.671715 0.508762 
vn 0.49202 0.702068 0.514798 
vn 0.445286 0.7326 0.514798 
vn 0.398827 0.762954 0.508762 
vn 0.353186 0.792772 0.496762 
vn 0.308899 0.821706 0.478938 
vn 0.331739 0.867367 0.370977 
vn 0.047138 0.992721 0.110829 
vn 0.0395773 0.997661 0.0557412 
vn 0.144884 0.989449 5.14205e-17 
vn 0.0406129 0.999175 6.27623e-17 
vn 0.939082 0.337408 0.0654308 
vn 0.942055 0.335459 0 
vn 0.901807 0.43214 0 
vn 0.890168 0.441948 0.110829 
vn 0.930207 0.343207 0.130095 
vn 0.877666 0.450116 0.164617 
vn 0.719734 0.480714 0.500896 
vn 0.710865 0.559091 0.426718 
vn 0.67273 0.511423 0.534679 
vn 0.622943 0.54395 0.562193 
vn 0.570957 0.577914 0.583116 
vn 0.517383 0.612915 0.597202 
vn 0.462847 0.648545 0.604287 
vn 0.40799 0.684384 0.604287 
vn 0.353454 0.720014 0.597202 
vn 0.29988 0.755015 0.583116 
vn 0.247894 0.788979 0.562193 
vn 0.266485 0.849416 0.455498 
vn 0.198107 0.821506 0.534679 
vn 0.226441 0.875577 0.426718 
vn -0.0446941 0.980134 0.193233 
vn 0.0596404 0.984553 0.164617 
vn -0.0593699 0.989722 0.130095 
vn -0.0682448 0.995521 0.0654308 
vn 0.0370567 0.999313 6.31361e-17 
vn -0.067655 0.997709 7.37641e-17 
vn 0.969425 0.233853 0.0743534 
vn 0.972802 0.231639 0 
vn 0.943243 0.332104 0 
vn 0.95934 0.240442 0.147835 
vn 0.915531 0.352795 0.193233 
vn 0.942663 0.251337 0.219583 
vn 0.895226 0.36606 0.254106 
vn 0.919589 0.266412 0.288758 
vn 0.869531 0.382848 0.312 
vn 0.890389 0.285489 0.354546 
vn 0.838746 0.402961 0.366236 
vn 0.855406 0.308344 0.416178 
vn 0.803232 0.426163 0.416178 
vn 0.81505 0.33471 0.472931 
vn 0.763406 0.452182 0.461241 
vn 0.769793 0.364278 0.524138 
vn 0.720166 0.3967 0.569201 
vn 0.666751 0.431597 0.607591 
vn 0.610175 0.46856 0.638857 
vn 0.243057 0.708407 0.662633 
vn 0.183983 0.747002 0.638857 
vn 0.127407 0.783965 0.607591 
vn 0.151102 0.852215 0.500896 
vn 0.0739919 0.818862 0.569201 
vn 0.107431 0.880747 0.461241 
vn 0.0243653 0.851284 0.524138 
vn 0.067605 0.906766 0.416178 
vn -0.0208917 0.880852 0.472931 
vn 0.0320913 0.929969 0.366236 
vn -0.0612483 0.907218 0.416178 
vn 0.00130618 0.950081 0.312 
vn -0.0962315 0.930073 0.354546 
vn -0.0243894 0.966869 0.254106 
vn -0.125431 0.94915 0.288758 
vn -0.148505 0.964225 0.219583 
vn -0.165182 0.97512 0.147835 
vn -0.175267 0.981709 0.0743534 
vn -0.0712053 0.997462 7.41115e-17 
vn -0.17513 0.984545 8.39011e-17 
vn 0.988402 0.127555 0.0824042 
vn 0.992144 0.125102 0 
vn 0.97362 0.228175 0 
vn 0.977225 0.134858 0.163842 
vn 0.958742 0.146933 0.24336 
vn 0.93317 0.16364 0.320024 
vn 0.900809 0.184782 0.392936 
vn 0.862038 0.210112 0.461241 
vn 0.817312 0.239333 0.524138 
vn 0.767154 0.272102 0.580891 
vn 0.712154 0.308035 0.630833 
vn 0.652956 0.346711 0.673379 
vn 0.590254 0.387676 0.708031 
vn 0.551101 0.507155 0.662633 
vn 0.183385 0.653494 0.734381 
vn 0.117914 0.696268 0.708031 
vn 0.0552121 0.737233 0.673379 
vn -0.00398606 0.775908 0.630833 
vn -0.0589862 0.811841 0.580891 
vn -0.109143 0.84461 0.524138 
vn -0.15387 0.873831 0.461241 
vn -0.192641 0.899161 0.392936 
vn -0.225002 0.920304 0.320024 
vn -0.250574 0.937011 0.24336 
vn -0.269057 0.949086 0.163842 
vn -0.280234 0.956388 0.0824042 
vn -0.178632 0.983916 8.42181e-17 
vn -0.280551 0.959839 9.30544e-17 
vn 0.995792 0.0197626 0.0894889 
vn 0.999854 0.0170994 0 
vn 0.992583 0.121571 0 
vn 0.983654 0.0276927 0.177929 
vn 0.963582 0.0408062 0.264282 
vn 0.935811 0.0589494 0.347538 
vn 0.900668 0.0819095 0.426718 
vn 0.858563 0.109417 0.500896 
vn 0.809992 0.141151 0.569201 
vn 0.755522 0.176737 0.630833 
vn 0.695793 0.215759 0.685069 
vn 0.631506 0.25776 0.731273 
vn 0.563412 0.302247 0.768904 
vn 0.524783 0.43045 0.734381 
vn 0.121563 0.590918 0.79752 
vn 0.0504635 0.63737 0.768904 
vn -0.0176296 0.681857 0.731273 
vn -0.0819173 0.723858 0.685069 
vn -0.141646 0.76288 0.630833 
vn -0.196116 0.798466 0.569201 
vn -0.244687 0.8302 0.500896 
vn -0.286792 0.857707 0.426718 
vn -0.321935 0.880668 0.347538 
vn -0.349706 0.898811 0.264282 
vn -0.369778 0.911924 0.177929 
vn -0.381916 0.919854 0.0894889 
vn -0.283965 0.958835 9.33372e-17 
vn -0.382683 0.92388 1.01117e-16 
vn 1 0 0 
vn 0.999908 0.0135409 0 
vn 0.991506 -0.0882619 0.0955245 
vn 0.99584 -0.0911235 0 
vn 0.92748 -0.0464322 0.370977 
vn 0.889967 -0.0219235 0.455498 
vn 0.845023 0.00743964 0.534679 
vn 0.793175 0.041313 0.607591 
vn 0.735032 0.0792995 0.673379 
vn 0.671275 0.120954 0.731273 
vn 0.602651 0.165787 0.780594 
vn 0.529966 0.213275 0.820762 
vn 0.492313 0.348698 0.79752 
vn 0.45407 0.262859 0.851308 
vn 0.419039 0.39657 0.816785 
vn 0.136531 0.470315 0.871873 
vn 0.194837 0.543047 0.816785 
vn 0.0583162 0.521415 0.851308 
vn -0.0175791 0.571 0.820762 
vn -0.0902646 0.618487 0.780594 
vn -0.158888 0.66332 0.731273 
vn -0.222645 0.704975 0.673379 
vn -0.280789 0.742961 0.607591 
vn -0.332636 0.776835 0.534679 
vn -0.37758 0.806198 0.455498 
vn -0.47912 0.872536 0.0955245 
vn -0.385969 0.922512 1.01362e-16 
vn -0.480329 0.877088 1.07994e-16 
vn 0.975597 -0.195252 0.10044 
vn 0.98015 -0.198258 0 
vn 0.994138 -0.108119 0 
vn 0.868832 -0.1255 0.478938 
vn 0.821575 -0.0946254 0.562193 
vn 0.767059 -0.0590089 0.638857 
vn 0.705924 -0.0190677 0.708031 
vn 0.638886 0.02473 0.768904 
vn 0.566731 0.0718707 0.820762 
vn 0.490305 0.121802 0.862998 
vn 0.410505 0.173938 0.895116 
vn 0.375855 0.313959 0.871873 
vn 0.328264 0.227667 0.916739 
vn 0.296237 0.365975 0.882216 
vn 0.244549 0.28236 0.927614 
vn 0.216149 0.418299 0.882216 
vn 0.16034 0.337376 0.927614 
vn 0.0766253 0.392069 0.916739 
vn -0.00561473 0.445799 0.895116 
vn -0.0854155 0.497935 0.862998 
vn -0.161841 0.547866 0.820762 
vn -0.233996 0.595006 0.768904 
vn -0.301034 0.638804 0.708031 
vn -0.36217 0.678745 0.638857 
vn -0.416685 0.714362 0.562193 
vn -0.570707 0.814988 0.10044 
vn -0.483447 0.875373 1.08198e-16 
vn -0.572343 0.820014 1.13604e-16 
vn 0.948249 -0.299952 0.104178 
vn 0.952969 -0.303069 0 
vn 0.976621 -0.21497 0 
vn 0.837511 -0.227604 0.496762 
vn 0.788495 -0.195581 0.583116 
vn 0.73195 -0.158639 0.662633 
vn 0.66854 -0.117211 0.734381 
vn 0.599007 -0.0717836 0.79752 
vn 0.524167 -0.0228885 0.851308 
vn 0.444897 0.0289007 0.895116 
vn 0.362126 0.0829769 0.928429 
vn 0.276825 0.138706 0.950857 
vn 0.189994 0.195435 0.962137 
vn 0.102652 0.252498 0.962137 
vn 0.0158209 0.309227 0.950857 
vn -0.0694798 0.364956 0.928429 
vn -0.15225 0.419032 0.895116 
vn -0.231521 0.470821 0.851308 
vn -0.306361 0.519717 0.79752 
vn -0.375894 0.565144 0.734381 
vn -0.439304 0.606572 0.662633 
vn -0.495849 0.643514 0.583116 
vn -0.463942 0.745236 0.478938 
vn -0.655603 0.747885 0.104178 
vn -0.575258 0.817972 1.13766e-16 
vn -0.657647 0.753326 1.17883e-16 
vn 0.909784 -0.401136 0.106695 
vn 0.914615 -0.404327 0 
vn 0.947653 -0.319302 0 
vn 0.838271 -0.354415 0.414358 
vn 0.878423 -0.254333 0.404584 
vn 0.79637 -0.32704 0.508762 
vn 0.746171 -0.294244 0.597202 
vn 0.68826 -0.256409 0.67864 
vn 0.623318 -0.213981 0.752122 
vn 0.552105 -0.167456 0.816785 
vn 0.475457 -0.117379 0.871873 
vn 0.394272 -0.0643391 0.916739 
vn 0.309502 -0.00895658 0.950857 
vn 0.22214 0.0481188 0.973827 
vn 0.133212 0.106218 0.985379 
vn 0.0437594 0.16466 0.985379 
vn -0.045169 0.222759 0.973827 
vn -0.13253 0.279834 0.950857 
vn -0.2173 0.335217 0.916739 
vn -0.298486 0.388257 0.871873 
vn -0.375134 0.438333 0.816785 
vn -0.446346 0.484859 0.752122 
vn -0.511289 0.527287 0.67864 
vn -0.569199 0.565121 0.597202 
vn -0.544864 0.675537 0.496762 
vn -0.619399 0.597918 0.508762 
vn -0.585777 0.702266 0.404584 
vn -0.660324 0.750981 1.18001e-16 
vn -0.735241 0.677806 1.2078e-16 
vn -0.732812 0.672014 0.106695 
vn 0.860652 -0.497617 0.10796 
vn 0.865538 -0.500844 0 
vn 0.907575 -0.419889 0 
vn 0.895312 -0.391681 0.212139 
vn 0.846008 -0.48805 0.214655 
vn 0.871381 -0.376046 0.315095 
vn 0.821793 -0.47223 0.318833 
vn 0.788291 -0.450342 0.419273 
vn 0.745893 -0.422642 0.514798 
vn 0.421173 -0.210494 0.882216 
vn 0.339025 -0.156825 0.927614 
vn 0.253249 -0.100785 0.962137 
vn -0.105629 0.133679 0.985379 
vn -0.194027 0.191432 0.962137 
vn -0.279803 0.247471 0.927614 
vn -0.635876 0.480103 0.604287 
vn -0.686671 0.513289 0.514798 
vn -0.661299 0.625293 0.414358 
vn -0.729069 0.540988 0.419273 
vn -0.694409 0.646924 0.315095 
vn -0.762571 0.562877 0.318833 
vn -0.71834 0.662559 0.212139 
vn -0.786787 0.578697 0.214655 
vn -0.737649 0.675185 1.20851e-16 
vn -0.804215 0.594339 1.22261e-16 
vn -0.80143 0.588264 0.10796 
vn 0.80143 -0.588264 0.10796 
vn 0.806313 -0.591489 0 
vn 0.856857 -0.515554 0 
vn 0.786787 -0.578697 0.214655 
vn 0.762571 -0.562877 0.318833 
vn 0.729069 -0.540988 0.419273 
vn 0.686671 -0.513289 0.514798 
vn 0.695098 -0.389456 0.604287 
vn 0.361951 -0.301141 0.882216 
vn 0.279803 -0.247471 0.927614 
vn 0.194027 -0.191432 0.962137 
vn 0.164851 -0.0430325 0.985379 
vn -0.164851 0.0430325 0.985379 
vn -0.253249 0.100785 0.962137 
vn -0.339025 0.156825 0.927614 
vn -0.361951 0.301141 0.882216 
vn -0.695098 0.389456 0.604287 
vn -0.745893 0.422642 0.514798 
vn -0.788291 0.450342 0.419273 
vn -0.821793 0.47223 0.318833 
vn -0.846008 0.48805 0.214655 
vn -0.806325 0.591473 1.22285e-16 
vn -0.86376 0.503904 1.22308e-16 
vn -0.860652 0.497617 0.10796 
vn 0.732812 -0.672014 0.106695 
vn 0.737635 -0.675199 0 
vn 0.796093 -0.605174 0 
vn 0.71834 -0.662559 0.212139 
vn 0.694409 -0.646924 0.315095 
vn 0.661299 -0.625293 0.414358 
vn 0.619399 -0.597918 0.508762 
vn 0.635876 -0.480103 0.604287 
vn 0.298486 -0.388257 0.871873 
vn 0.2173 -0.335217 0.916739 
vn 0.13253 -0.279834 0.950857 
vn 0.105629 -0.133679 0.985379 
vn -0.22214 -0.0481188 0.973827 
vn -0.309502 0.00895658 0.950857 
vn -0.394272 0.0643391 0.916739 
vn -0.421173 0.210494 0.882216 
vn -0.746171 0.294244 0.597202 
vn -0.79637 0.32704 0.508762 
vn -0.838271 0.354415 0.414358 
vn -0.871381 0.376046 0.315095 
vn -0.895312 0.391681 0.212139 
vn -0.865548 0.500827 1.22285e-16 
vn -0.913178 0.407561 1.20921e-16 
vn -0.909784 0.401136 0.106695 
vn 0.655603 -0.747885 0.104178 
vn 0.66031 -0.750994 0 
vn 0.725995 -0.687699 0 
vn 0.585777 -0.702266 0.404584 
vn 0.544864 -0.675537 0.496762 
vn 0.569199 -0.565121 0.597202 
vn 0.495849 -0.643514 0.583116 
vn 0.511289 -0.527287 0.67864 
vn 0.439304 -0.606572 0.662633 
vn 0.446346 -0.484859 0.752122 
vn 0.375894 -0.565144 0.734381 
vn 0.375134 -0.438333 0.816785 
vn 0.306361 -0.519717 0.79752 
vn 0.231521 -0.470821 0.851308 
vn 0.15225 -0.419032 0.895116 
vn 0.0694798 -0.364956 0.928429 
vn 0.045169 -0.222759 0.973827 
vn -0.0158209 -0.309227 0.950857 
vn -0.0437594 -0.16466 0.985379 
vn -0.102652 -0.252498 0.962137 
vn -0.133212 -0.106218 0.985379 
vn -0.189994 -0.195435 0.962137 
vn -0.276825 -0.138706 0.950857 
vn -0.362126 -0.0829769 0.928429 
vn -0.444897 -0.0289007 0.895116 
vn -0.475457 0.117379 0.871873 
vn -0.524167 0.0228885 0.851308 
vn -0.552105 0.167456 0.816785 
vn -0.599007 0.0717836 0.79752 
vn -0.623318 0.213981 0.752122 
vn -0.66854 0.117211 0.734381 
vn -0.68826 0.256409 0.67864 
vn -0.73195 0.158639 0.662633 
vn -0.788495 0.195581 0.583116 
vn -0.837511 0.227604 0.496762 
vn -0.914623 0.404309 1.20852e-16 
vn -0.95189 0.30644 1.18117e-16 
vn -0.948249 0.299952 0.104178 
vn 0.570707 -0.814988 0.10044 
vn 0.575242 -0.817983 0 
vn 0.647386 -0.762162 0 
vn 0.463942 -0.745236 0.478938 
vn 0.416685 -0.714362 0.562193 
vn 0.36217 -0.678745 0.638857 
vn 0.301034 -0.638804 0.708031 
vn 0.233996 -0.595006 0.768904 
vn 0.161841 -0.547866 0.820762 
vn 0.0854155 -0.497935 0.862998 
vn 0.00561473 -0.445799 0.895116 
vn -0.0766253 -0.392069 0.916739 
vn -0.16034 -0.337376 0.927614 
vn -0.244549 -0.28236 0.927614 
vn -0.328264 -0.227667 0.916739 
vn -0.410505 -0.173938 0.895116 
vn -0.490305 -0.121802 0.862998 
vn -0.566731 -0.0718707 0.820762 
vn -0.638886 -0.02473 0.768904 
vn -0.705924 0.0190677 0.708031 
vn -0.767059 0.0590089 0.638857 
vn -0.821575 0.0946254 0.562193 
vn -0.952974 0.303051 1.18001e-16 
vn -0.979442 0.201726 1.13928e-16 
vn -0.975597 0.195252 0.10044 
vn 0.47912 -0.872536 0.0955245 
vn 0.48343 -0.875383 0 
vn 0.561187 -0.827689 0 
vn 0.37758 -0.806198 0.455498 
vn 0.332636 -0.776835 0.534679 
vn 0.280789 -0.742961 0.607591 
vn 0.222645 -0.704975 0.673379 
vn 0.158888 -0.66332 0.731273 
vn 0.0902646 -0.618487 0.780594 
vn 0.0175791 -0.571 0.820762 
vn -0.0583162 -0.521415 0.851308 
vn -0.136531 -0.470315 0.871873 
vn -0.216149 -0.418299 0.882216 
vn -0.296237 -0.365975 0.882216 
vn -0.375855 -0.313959 0.871873 
vn -0.45407 -0.262859 0.851308 
vn -0.529966 -0.213275 0.820762 
vn -0.602651 -0.165787 0.780594 
vn -0.671275 -0.120954 0.731273 
vn -0.735032 -0.0792995 0.673379 
vn -0.793175 -0.041313 0.607591 
vn -0.845023 -0.00743964 0.534679 
vn -0.868832 0.1255 0.478938 
vn -0.980154 0.198239 1.13767e-16 
vn -0.995511 0.0946475 1.08403e-16 
vn -0.991506 0.0882619 0.0955245 
vn 0.381916 -0.919854 0.0894889 
vn 0.385951 -0.922519 0 
vn 0.468408 -0.883512 0 
vn 0.321935 -0.880668 0.347538 
vn 0.415094 -0.830706 0.370977 
vn 0.286792 -0.857707 0.426718 
vn 0.244687 -0.8302 0.500896 
vn 0.196116 -0.798466 0.569201 
vn 0.141646 -0.76288 0.630833 
vn 0.0819173 -0.723858 0.685069 
vn 0.0176296 -0.681857 0.731273 
vn -0.0504635 -0.63737 0.768904 
vn -0.121563 -0.590918 0.79752 
vn -0.419039 -0.39657 0.816785 
vn -0.492313 -0.348698 0.79752 
vn -0.563412 -0.302247 0.768904 
vn -0.631506 -0.25776 0.731273 
vn -0.695793 -0.215759 0.685069 
vn -0.755522 -0.176737 0.630833 
vn -0.809992 -0.141151 0.569201 
vn -0.858563 -0.109417 0.500896 
vn -0.889967 0.0219235 0.455498 
vn -0.900668 -0.0819095 0.426718 
vn -0.92748 0.0464322 0.370977 
vn -0.995841 0.0911041 1.082e-16 
vn -0.999908 -0.0135409 1.01607e-16 
vn -0.995792 -0.0197626 0.0894889 
vn 0.280234 -0.956388 0.0824042 
vn 0.283947 -0.95884 0 
vn 0.370138 -0.928977 0 
vn 0.369778 -0.911924 0.177929 
vn 0.269057 -0.949086 0.163842 
vn 0.349706 -0.898811 0.264282 
vn 0.250574 -0.937011 0.24336 
vn 0.225002 -0.920304 0.320024 
vn 0.192641 -0.899161 0.392936 
vn 0.15387 -0.873831 0.461241 
vn 0.109143 -0.84461 0.524138 
vn 0.0589862 -0.811841 0.580891 
vn 0.00398606 -0.775908 0.630833 
vn -0.0552121 -0.737233 0.673379 
vn -0.117914 -0.696268 0.708031 
vn -0.524783 -0.43045 0.734381 
vn -0.590254 -0.387676 0.708031 
vn -0.652956 -0.346711 0.673379 
vn -0.712154 -0.308035 0.630833 
vn -0.767154 -0.272102 0.580891 
vn -0.817312 -0.239333 0.524138 
vn -0.862038 -0.210112 0.461241 
vn -0.900809 -0.184782 0.392936 
vn -0.935811 -0.0589494 0.347538 
vn -0.93317 -0.16364 0.320024 
vn -0.963582 -0.0408062 0.264282 
vn -0.958742 -0.146933 0.24336 
vn -0.983654 -0.0276927 0.177929 
vn -0.977225 -0.134858 0.163842 
vn -0.999854 -0.0170994 1.01363e-16 
vn -0.992583 -0.121571 9.36202e-17 
vn -0.988402 -0.127555 0.0824042 
vn 0.175267 -0.981709 0.0743534 
vn 0.178613 -0.983919 0 
vn 0.267528 -0.96355 0 
vn 0.165182 -0.97512 0.147835 
vn 0.148505 -0.964225 0.219583 
vn 0.125431 -0.94915 0.288758 
vn 0.0962315 -0.930073 0.354546 
vn 0.0612483 -0.907218 0.416178 
vn 0.0208917 -0.880852 0.472931 
vn -0.0243653 -0.851284 0.524138 
vn -0.0739919 -0.818862 0.569201 
vn -0.127407 -0.783965 0.607591 
vn -0.183983 -0.747002 0.638857 
vn -0.183385 -0.653494 0.734381 
vn -0.551101 -0.507155 0.662633 
vn -0.610175 -0.46856 0.638857 
vn -0.666751 -0.431597 0.607591 
vn -0.720166 -0.3967 0.569201 
vn -0.769793 -0.364278 0.524138 
vn -0.81505 -0.33471 0.472931 
vn -0.855406 -0.308344 0.416178 
vn -0.890389 -0.285489 0.354546 
vn -0.919589 -0.266412 0.288758 
vn -0.942663 -0.251337 0.219583 
vn -0.95934 -0.240442 0.147835 
vn -0.992144 -0.125102 9.33387e-17 
vn -0.97362 -0.228175 8.45356e-17 
vn -0.969425 -0.233853 0.0743534 
vn 0.0682448 -0.995521 0.0654308 
vn 0.0711859 -0.997463 0 
vn 0.161782 -0.986827 0 
vn 0.0593699 -0.989722 0.130095 
vn 0.0446941 -0.980134 0.193233 
vn 0.0243894 -0.966869 0.254106 
vn -0.00130618 -0.950081 0.312 
vn -0.0320913 -0.929969 0.366236 
vn -0.067605 -0.906766 0.416178 
vn -0.107431 -0.880747 0.461241 
vn -0.151102 -0.852215 0.500896 
vn -0.198107 -0.821506 0.534679 
vn -0.247894 -0.788979 0.562193 
vn -0.243057 -0.708407 0.662633 
vn -0.570957 -0.577914 0.583116 
vn -0.622943 -0.54395 0.562193 
vn -0.67273 -0.511423 0.534679 
vn -0.719734 -0.480714 0.500896 
vn -0.763406 -0.452182 0.461241 
vn -0.803232 -0.426163 0.416178 
vn -0.838746 -0.402961 0.366236 
vn -0.869531 -0.382848 0.312 
vn -0.895226 -0.36606 0.254106 
vn -0.915531 -0.352795 0.193233 
vn -0.930207 -0.343207 0.130095 
vn -0.972802 -0.231639 8.42197e-17 
vn -0.943243 -0.332104 7.44599e-17 
vn -0.939082 -0.337408 0.0654308 
vn -0.0395773 -0.997661 0.0557412 
vn -0.0370762 -0.999312 0 
vn 0.0541389 -0.998533 0 
vn -0.047138 -0.992721 0.110829 
vn -0.226441 -0.875577 0.426718 
vn -0.266485 -0.849416 0.455498 
vn -0.308899 -0.821706 0.478938 
vn -0.29988 -0.755015 0.583116 
vn -0.353186 -0.792772 0.496762 
vn -0.353454 -0.720014 0.597202 
vn -0.398827 -0.762954 0.508762 
vn -0.40799 -0.684384 0.604287 
vn -0.445286 -0.7326 0.514798 
vn -0.462847 -0.648545 0.604287 
vn -0.49202 -0.702068 0.514798 
vn -0.517383 -0.612915 0.597202 
vn -0.538479 -0.671715 0.508762 
vn -0.58412 -0.641897 0.496762 
vn -0.628407 -0.612963 0.478938 
vn -0.670821 -0.585253 0.455498 
vn -0.877666 -0.450116 0.164617 
vn -0.890168 -0.441948 0.110829 
vn -0.942055 -0.335459 7.41134e-17 
vn -0.901807 -0.43214 6.35112e-17 
vn -0.897729 -0.437008 0.0557412 
vn -0.146935 -0.988104 0.045398 
vn -0.144903 -0.989446 0 
vn -0.0541389 -0.998533 0 
vn -0.331739 -0.867367 0.370977 
vn -0.366283 -0.844799 0.390067 
vn -0.402352 -0.821234 0.404584 
vn -0.439524 -0.796948 0.414358 
vn -0.477362 -0.772227 0.419273 
vn -0.515424 -0.747361 0.419273 
vn -0.553262 -0.72264 0.414358 
vn -0.590434 -0.698355 0.404584 
vn -0.626503 -0.67479 0.390067 
vn -0.839693 -0.535507 0.0902637 
vn -0.900263 -0.435347 6.31381e-17 
vn -0.849798 -0.527109 5.18179e-17 
vn -0.845851 -0.531484 0.045398 
vn -0.252571 -0.966962 0.0345226 
vn -0.251032 -0.967979 0 
vn -0.161782 -0.986827 0 
vn -0.153093 -0.984081 0.0902637 
vn -0.393103 -0.875149 0.282107 
vn -0.419372 -0.857987 0.296624 
vn -0.446801 -0.840067 0.307663 
vn -0.475068 -0.8216 0.315095 
vn -0.503842 -0.802801 0.318833 
vn -0.532785 -0.783891 0.318833 
vn -0.561559 -0.765092 0.315095 
vn -0.589826 -0.746625 0.307663 
vn -0.617255 -0.728705 0.296624 
vn -0.661047 -0.652221 0.370977 
vn -0.779373 -0.622789 0.0686404 
vn -0.847916 -0.53013 5.14226e-17 
vn -0.787825 -0.615899 3.9517e-17 
vn -0.784056 -0.61973 0.0345226 
vn -0.355245 -0.934484 0.0232424 
vn -0.354217 -0.935163 0 
vn -0.267528 -0.96355 0 
vn -0.257254 -0.963903 0.0686404 
vn -0.358398 -0.932424 0.0462123 
vn -0.264997 -0.958844 0.101953 
vn -0.363611 -0.929019 0.0686404 
vn -0.27571 -0.951845 0.134071 
vn -0.417649 -0.893714 0.163842 
vn -0.345261 -0.906406 0.24336 
vn -0.368303 -0.891352 0.264282 
vn -0.433162 -0.883579 0.177929 
vn -0.449859 -0.872671 0.189929 
vn -0.467544 -0.861116 0.199703 
vn -0.486011 -0.849052 0.207135 
vn -0.505042 -0.836618 0.212139 
vn -0.524414 -0.823962 0.214655 
vn -0.5439 -0.811231 0.214655 
vn -0.563272 -0.798575 0.212139 
vn -0.582303 -0.786141 0.207135 
vn -0.600769 -0.774077 0.199703 
vn -0.643523 -0.711543 0.282107 
vn -0.618455 -0.762523 0.189929 
vn -0.668324 -0.69534 0.264282 
vn -0.635152 -0.751614 0.177929 
vn -0.691366 -0.680286 0.24336 
vn -0.69749 -0.710887 0.0902637 
vn -0.760917 -0.634847 0.134071 
vn -0.77163 -0.627848 0.101953 
vn -0.704703 -0.706175 0.0686404 
vn -0.709916 -0.702769 0.0462123 
vn -0.785629 -0.618698 3.91043e-17 
vn -0.716617 -0.697467 2.67529e-17 
vn -0.713069 -0.700709 0.0232424 
vn -0.453755 -0.89105 0.0116897 
vn -0.45325 -0.891384 0 
vn -0.370138 -0.928977 0 
vn -0.45534 -0.890014 0.0232424 
vn -0.457962 -0.888301 0.0345226 
vn -0.370824 -0.924306 0.0902637 
vn -0.46159 -0.885931 0.045398 
vn -0.379951 -0.918343 0.110829 
vn -0.46618 -0.882932 0.0557412 
vn -0.390887 -0.911199 0.130095 
vn -0.47168 -0.879339 0.0654308 
vn -0.403502 -0.902957 0.147835 
vn -0.478025 -0.875193 0.0743534 
vn -0.48514 -0.870545 0.0824042 
vn -0.492943 -0.865447 0.0894889 
vn -0.50134 -0.859961 0.0955245 
vn -0.510235 -0.85415 0.10044 
vn -0.519523 -0.848082 0.104178 
vn -0.529094 -0.841829 0.106695 
vn -0.538838 -0.835463 0.10796 
vn -0.548638 -0.82906 0.10796 
vn -0.558381 -0.822695 0.106695 
vn -0.567953 -0.816441 0.104178 
vn -0.577241 -0.810373 0.10044 
vn -0.586135 -0.804562 0.0955245 
vn -0.594533 -0.799076 0.0894889 
vn -0.650665 -0.741479 0.163842 
vn -0.602335 -0.793978 0.0824042 
vn -0.664812 -0.732236 0.147835 
vn -0.609451 -0.78933 0.0743534 
vn -0.677427 -0.723994 0.130095 
vn -0.615795 -0.785185 0.0654308 
vn -0.688363 -0.71685 0.110829 
vn -0.621295 -0.781591 0.0557412 
vn -0.625886 -0.778592 0.045398 
vn -0.629514 -0.776222 0.0345226 
vn -0.632136 -0.774509 0.0232424 
vn -0.71413 -0.700013 2.63274e-17 
vn -0.637007 -0.770858 1.36751e-17 
vn -0.633721 -0.773473 0.0116897 
vn -0.54426 -0.838916 0 
vn -0.538568 -0.842582 0 
vn -0.546944 -0.837169 3.31505e-18 
vn -0.468408 -0.883512 0 
vn -0.515554 -0.856857 0 
vn -0.634259 -0.773121 1.32419e-17 
vn -0.549928 -0.835212 4.36991e-19 
vn -0.433489 0.303505 0.848512 
vn -0.442199 0.2889 0.849115 
vn -0.452075 0.275057 0.848512 
vn -0.426047 0.318699 0.846708 
vn -0.419959 0.334305 0.843726 
vn -0.463 0.262138 0.846708 
vn -0.418802 0.338284 0.842715 
vn -0.474846 0.250294 0.843726 
vn -0.514481 0.222528 0.828125 
vn -0.524138 0.218212 0.823203 
vn -0.500739 0.230372 0.83438 
vn -0.487475 0.239664 0.839601 
vn -0.478024 0.247636 0.842715 
vn -0.597821 0.209707 0.773714 
vn -0.610333 0.213511 0.762828 
vn -0.570975 0.207191 0.794393 
vn -0.58465 0.207591 0.784276 
vn -0.556955 0.20851 0.803943 
vn -0.542755 0.211532 0.812817 
vn -0.528542 0.216224 0.820909 
vn -0.642494 0.234523 0.72952 
vn -0.651005 0.244453 0.718635 
vn -0.632801 0.225993 0.740601 
vn -0.658232 0.255664 0.708072 
vn -0.622038 0.218962 0.751747 
vn -0.664093 0.268027 0.697956 
vn -0.668517 0.281396 0.688405 
vn -0.667897 0.357538 0.652748 
vn -0.672741 0.325923 0.664224 
vn -0.671078 0.341659 0.657969 
vn -0.672867 0.310515 0.67144 
vn -0.671453 0.295614 0.679532 
vn -0.670512 0.290961 0.682463 
vn -0.640995 0.418779 0.643233 
vn -0.649705 0.404175 0.643837 
vn -0.657148 0.38898 0.64564 
vn -0.63112 0.432622 0.643837 
vn -0.620195 0.445541 0.64564 
vn -0.663236 0.373374 0.648622 
vn -0.664422 0.369415 0.649674 
vn -0.608349 0.457385 0.648622 
vn -0.54044 0.496147 0.679532 
vn -0.535801 0.497154 0.682463 
vn -0.59572 0.468015 0.652748 
vn -0.582456 0.477307 0.657969 
vn -0.6052 0.460062 0.649674 
vn -0.568714 0.485151 0.664224 
vn -0.554653 0.491456 0.67144 
vn -0.472862 0.494168 0.72952 
vn -0.461156 0.488718 0.740601 
vn -0.498544 0.500088 0.708072 
vn -0.485374 0.497973 0.718635 
vn -0.51222 0.500488 0.697956 
vn -0.52624 0.499169 0.688405 
vn -0.43219 0.463226 0.773714 
vn -0.424962 0.452015 0.784276 
vn -0.440701 0.473156 0.762828 
vn -0.419102 0.439652 0.794393 
vn -0.450394 0.481686 0.751747 
vn -0.414678 0.426283 0.803943 
vn -0.411742 0.412065 0.812817 
vn -0.410328 0.397164 0.820909 
vn -0.415298 0.350141 0.839601 
vn -0.412117 0.36602 0.83438 
vn -0.414423 0.35384 0.838481 
vn -0.410454 0.381756 0.828125 
vn -0.410381 0.392333 0.823203 
vn 0.640995 -0.418779 0.643233 
vn 0.649705 -0.404175 0.643837 
vn 0.657148 -0.38898 0.64564 
vn 0.63112 -0.432622 0.643837 
vn 0.663236 -0.373374 0.648622 
vn 0.620195 -0.445541 0.64564 
vn 0.608349 -0.457385 0.648622 
vn 0.664422 -0.369415 0.649674 
vn 0.54044 -0.496147 0.679532 
vn 0.535801 -0.497154 0.682463 
vn 0.59572 -0.468015 0.652748 
vn 0.582456 -0.477307 0.657969 
vn 0.6052 -0.460062 0.649674 
vn 0.568714 -0.485151 0.664224 
vn 0.554653 -0.491456 0.67144 
vn 0.472862 -0.494168 0.72952 
vn 0.461156 -0.488718 0.740601 
vn 0.498544 -0.500088 0.708072 
vn 0.485374 -0.497973 0.718635 
vn 0.51222 -0.500488 0.697956 
vn 0.52624 -0.499169 0.688405 
vn 0.43219 -0.463226 0.773714 
vn 0.424962 -0.452015 0.784276 
vn 0.440701 -0.473156 0.762828 
vn 0.419102 -0.439652 0.794393 
vn 0.450394 -0.481686 0.751747 
vn 0.414678 -0.426283 0.803943 
vn 0.411742 -0.412065 0.812817 
vn 0.410328 -0.397164 0.820909 
vn 0.415298 -0.350141 0.839601 
vn 0.410381 -0.392333 0.823203 
vn 0.410454 -0.381756 0.828125 
vn 0.412117 -0.36602 0.83438 
vn 0.433489 -0.303505 0.848512 
vn 0.442199 -0.2889 0.849115 
vn 0.452075 -0.275057 0.848512 
vn 0.426047 -0.318699 0.846708 
vn 0.419959 -0.334305 0.843726 
vn 0.463 -0.262138 0.846708 
vn 0.474846 -0.250294 0.843726 
vn 0.418802 -0.338284 0.842715 
vn 0.514481 -0.222528 0.828125 
vn 0.524138 -0.218212 0.823203 
vn 0.500739 -0.230372 0.83438 
vn 0.487475 -0.239664 0.839601 
vn 0.478024 -0.247636 0.842715 
vn 0.597821 -0.209707 0.773714 
vn 0.610333 -0.213511 0.762828 
vn 0.570975 -0.207191 0.794393 
vn 0.58465 -0.207591 0.784276 
vn 0.556955 -0.20851 0.803943 
vn 0.542755 -0.211532 0.812817 
vn 0.528542 -0.216224 0.820909 
vn 0.642494 -0.234523 0.72952 
vn 0.651005 -0.244453 0.718635 
vn 0.632801 -0.225993 0.740601 
vn 0.658232 -0.255664 0.708072 
vn 0.622038 -0.218962 0.751747 
vn 0.664093 -0.268027 0.697956 
vn 0.668517 -0.281396 0.688405 
vn 0.667897 -0.357538 0.652748 
vn 0.671078 -0.341659 0.657969 
vn 0.668772 -0.35384 0.653867 
vn 0.672741 -0.325923 0.664224 
vn 0.672867 -0.310515 0.67144 
vn 0.671453 -0.295614 0.679532 
vn 0.670512 -0.290961 0.682463 
vn -0.303505 -0.433489 0.848512 
vn -0.2889 -0.442199 0.849115 
vn -0.275057 -0.452075 0.848512 
vn -0.318699 -0.426047 0.846708 
vn -0.330135 -0.421602 0.844549 
vn -0.262138 -0.463 0.846708 
vn -0.216224 -0.528542 0.820909 
vn -0.216001 -0.529223 0.820528 
vn -0.250294 -0.474846 0.843726 
vn -0.239664 -0.487475 0.839601 
vn -0.230372 -0.500739 0.83438 
vn -0.253474 -0.471686 0.844549 
vn -0.222528 -0.514481 0.828125 
vn -0.194837 -0.543047 0.816785 
vn -0.211532 -0.542755 0.812817 
vn -0.20851 -0.556955 0.803943 
vn -0.213511 -0.610333 0.762828 
vn -0.208294 -0.559303 0.802368 
vn -0.207191 -0.570975 0.794393 
vn -0.207591 -0.58465 0.784276 
vn -0.209707 -0.597821 0.773714 
vn -0.218962 -0.622038 0.751747 
vn -0.244453 -0.651005 0.718635 
vn -0.234523 -0.642494 0.72952 
vn -0.255664 -0.658232 0.708072 
vn -0.225993 -0.632801 0.740601 
vn -0.268027 -0.664093 0.697956 
vn -0.281396 -0.668517 0.688405 
vn -0.222718 -0.627798 0.745833 
vn -0.295614 -0.671453 0.679532 
vn -0.307607 -0.672605 0.673038 
vn -0.299108 -0.671801 0.677656 
vn -0.373374 -0.663236 0.648622 
vn -0.357538 -0.667897 0.652748 
vn -0.341659 -0.671078 0.657969 
vn -0.325923 -0.672741 0.664224 
vn -0.310515 -0.672867 0.67144 
vn -0.418779 -0.640995 0.643233 
vn -0.404175 -0.649705 0.643837 
vn -0.432622 -0.63112 0.643837 
vn -0.38898 -0.657148 0.64564 
vn -0.445541 -0.620195 0.64564 
vn -0.446442 -0.619305 0.645872 
vn -0.457385 -0.608349 0.648622 
vn -0.468015 -0.59572 0.652748 
vn -0.477307 -0.582456 0.657969 
vn -0.485151 -0.568714 0.664224 
vn -0.491456 -0.554653 0.67144 
vn -0.492384 -0.551886 0.673038 
vn -0.500088 -0.498544 0.708072 
vn -0.497973 -0.485374 0.718635 
vn -0.500488 -0.51222 0.697956 
vn -0.494168 -0.472862 0.72952 
vn -0.499169 -0.52624 0.688405 
vn -0.496147 -0.54044 0.679532 
vn -0.488718 -0.461156 0.740601 
vn -0.495062 -0.543779 0.677656 
vn -0.439652 -0.419102 0.794393 
vn -0.42852 -0.415424 0.802368 
vn -0.452015 -0.424962 0.784276 
vn -0.463226 -0.43219 0.773714 
vn -0.473156 -0.440701 0.762828 
vn -0.481686 -0.450394 0.751747 
vn -0.485452 -0.456147 0.745833 
vn -0.426283 -0.414678 0.803943 
vn -0.412065 -0.411742 0.812817 
vn -0.350141 -0.415298 0.839601 
vn -0.36602 -0.412117 0.83438 
vn -0.35384 -0.414423 0.838481 
vn -0.381756 -0.410454 0.828125 
vn -0.334305 -0.419959 0.843726 
vn -0.397164 -0.410328 0.820909 
vn -0.397878 -0.410398 0.820528 
vn -0.111496 -0.906983 0.406141 
vn -0.0966751 -0.911727 0.399259 
vn -0.127072 -0.902565 0.411374 
vn -0.143221 -0.898526 0.414897 
vn -0.161649 -0.894567 0.416678 
vn -0.159753 -0.894911 0.416669 
vn -0.0699835 -0.921967 0.380892 
vn -0.0584255 -0.927344 0.369622 
vn -0.0827834 -0.916741 0.39081 
vn -0.0944243 -0.912558 0.397897 
vn -0.0395614 -0.938295 0.343567 
vn -0.0324764 -0.943741 0.329087 
vn -0.0482451 -0.932807 0.357131 
vn -0.0270731 -0.949082 0.313863 
vn -0.0234149 -0.954256 0.298072 
vn -0.0215446 -0.959202 0.281899 
vn -0.0214841 -0.963862 0.265535 
vn -0.0242053 -0.953163 0.301489 
vn -0.0232343 -0.968181 0.24917 
vn -0.0596404 -0.984553 0.164617 
vn -0.0577028 -0.983065 0.173938 
vn -0.026184 -0.971473 0.235702 
vn -0.0267745 -0.972109 0.232997 
vn -0.0320632 -0.975599 0.217206 
vn -0.0390385 -0.978611 0.201982 
vn -0.0476185 -0.981109 0.187502 
vn -0.110483 -0.985099 0.13181 
vn -0.126014 -0.984131 0.124928 
vn -0.0957185 -0.985477 0.140259 
vn -0.0818946 -0.985262 0.150177 
vn -0.0691729 -0.984454 0.161447 
vn -0.0686039 -0.984392 0.162068 
vn -0.14213 -0.982584 0.119695 
vn -0.208612 -0.971074 0.116172 
vn -0.2157 -0.969338 0.117721 
vn -0.19208 -0.974689 0.1144 
vn -0.175358 -0.977835 0.1144 
vn -0.158643 -0.980478 0.116172 
vn -0.158599 -0.980484 0.116182 
vn -0.255157 -0.957873 0.13181 
vn -0.265926 -0.954013 0.138358 
vn -0.240337 -0.962617 0.124928 
vn -0.22476 -0.967035 0.119695 
vn -0.269049 -0.952859 0.140259 
vn -0.281849 -0.947633 0.150177 
vn -0.293407 -0.942256 0.161447 
vn -0.293849 -0.942026 0.161988 
vn -0.282921 -0.947147 0.151221 
vn -0.303587 -0.936793 0.173938 
vn -0.312271 -0.931305 0.187502 
vn -0.319356 -0.925859 0.201982 
vn -0.324759 -0.920518 0.217206 
vn -0.325139 -0.919999 0.21883 
vn -0.325713 -0.919207 0.22129 
vn -0.328418 -0.915344 0.232997 
vn -0.330288 -0.910398 0.24917 
vn -0.330336 -0.907641 0.258973 
vn -0.330348 -0.905738 0.265535 
vn -0.328598 -0.901419 0.281899 
vn -0.325058 -0.897491 0.298072 
vn -0.319769 -0.894001 0.313863 
vn -0.312794 -0.890989 0.329087 
vn -0.307725 -0.889541 0.337672 
vn -0.304214 -0.888491 0.343567 
vn -0.269938 -0.884338 0.380892 
vn -0.268287 -0.884326 0.382086 
vn -0.28266 -0.885146 0.369622 
vn -0.29413 -0.886535 0.357131 
vn -0.300474 -0.887794 0.348623 
vn -0.24135 -0.884501 0.399259 
vn -0.225818 -0.885469 0.406141 
vn -0.256114 -0.884123 0.39081 
vn -0.209702 -0.887016 0.411374 
vn -0.175916 -0.891861 0.416697 
vn -0.176474 -0.891765 0.416669 
vn -0.193189 -0.889122 0.414897 
vn -0.208742 -0.887145 0.411582 
vn 0.418894 -0.834856 0.357131 
vn 0.405045 -0.869754 0.281899 
vn 0.404771 -0.864473 0.298072 
vn 0.406043 -0.858265 0.313863 
vn 0.405816 -0.871571 0.275094 
vn 0.408846 -0.851203 0.329087 
vn 0.413146 -0.84337 0.343567 
vn 0.419766 -0.833765 0.358654 
vn 0.426022 -0.825763 0.369622 
vn 0.466444 -0.785799 0.406141 
vn 0.454777 -0.796097 0.399259 
vn 0.444069 -0.806269 0.39081 
vn 0.434447 -0.816197 0.380892 
vn 0.429553 -0.821799 0.374339 
vn 0.478933 -0.775496 0.411374 
vn 0.492099 -0.76531 0.414897 
vn 0.562494 -0.720173 0.406141 
vn 0.570537 -0.716067 0.402165 
vn 0.505786 -0.755359 0.416669 
vn 0.519836 -0.74576 0.416669 
vn 0.534081 -0.736626 0.414897 
vn 0.548357 -0.728064 0.411374 
vn 0.493324 -0.764432 0.415059 
vn 0.576329 -0.713048 0.399259 
vn 0.589697 -0.706771 0.39081 
vn 0.6355 -0.691449 0.343567 
vn 0.644361 -0.69029 0.329087 
vn 0.62548 -0.693709 0.357131 
vn 0.614418 -0.697044 0.369622 
vn 0.602443 -0.701415 0.380892 
vn 0.591519 -0.706022 0.389408 
vn 0.651959 -0.690246 0.313863 
vn 0.663024 -0.693493 0.281899 
vn 0.666362 -0.696745 0.265535 
vn 0.658204 -0.691318 0.298072 
vn 0.668178 -0.701036 0.24917 
vn 0.652942 -0.690426 0.311415 
vn 0.668452 -0.706317 0.232997 
vn 0.667181 -0.712525 0.217206 
vn 0.65433 -0.735934 0.173938 
vn 0.648581 -0.743303 0.163842 
vn 0.660078 -0.72742 0.187502 
vn 0.664378 -0.719587 0.201982 
vn 0.665678 -0.716398 0.20892 
vn 0.594291 -0.795293 0.119695 
vn 0.618447 -0.774693 0.13181 
vn 0.60678 -0.784991 0.124928 
vn 0.629154 -0.764521 0.140259 
vn 0.581125 -0.80548 0.116172 
vn 0.638777 -0.754593 0.150177 
vn 0.647202 -0.745027 0.161447 
vn 0.539142 -0.834164 0.116172 
vn 0.524867 -0.842726 0.119695 
vn 0.553388 -0.82503 0.1144 
vn 0.510729 -0.850617 0.124928 
vn 0.567437 -0.815431 0.1144 
vn 0.496895 -0.857742 0.13181 
vn 0.483526 -0.864019 0.140259 
vn 0.569321 -0.814083 0.114645 
vn 0.447744 -0.877081 0.173938 
vn 0.438375 -0.879203 0.186627 
vn 0.458806 -0.873746 0.161447 
vn 0.47078 -0.869375 0.150177 
vn 0.472924 -0.868496 0.148519 
vn 0.415019 -0.879472 0.232997 
vn 0.421265 -0.880544 0.217206 
vn 0.4102 -0.877297 0.24917 
vn 0.428862 -0.8805 0.201982 
vn 0.406862 -0.874045 0.265535 
vn 0.437723 -0.879341 0.187502 
vn -0.921967 0.0699835 0.380892 
vn -0.925132 0.0632515 0.374339 
vn -0.902565 0.127072 0.411374 
vn -0.906983 0.111496 0.406141 
vn -0.911727 0.0966751 0.399259 
vn -0.916741 0.0827834 0.39081 
vn -0.898526 0.143221 0.414897 
vn -0.898214 0.144696 0.415059 
vn -0.927344 0.0584255 0.369622 
vn -0.954256 0.0234149 0.298072 
vn -0.949082 0.0270731 0.313863 
vn -0.943741 0.0324764 0.329087 
vn -0.959202 0.0215446 0.281899 
vn -0.938295 0.0395614 0.343567 
vn -0.932807 0.0482451 0.357131 
vn -0.932158 0.0494824 0.358654 
vn -0.968181 0.0232343 0.24917 
vn -0.972109 0.0267745 0.232997 
vn -0.963862 0.0214841 0.265535 
vn -0.975599 0.0320632 0.217206 
vn -0.961176 0.0215202 0.275094 
vn -0.978611 0.0390385 0.201982 
vn -0.981109 0.0476185 0.187502 
vn -0.985262 0.0818946 0.150177 
vn -0.985318 0.084211 0.148519 
vn -0.981244 0.0482707 0.186627 
vn -0.983065 0.0577028 0.173938 
vn -0.984454 0.0691729 0.161447 
vn -0.980478 0.158643 0.116172 
vn -0.984131 0.126014 0.124928 
vn -0.982584 0.14213 0.119695 
vn -0.985099 0.110483 0.13181 
vn -0.977835 0.175358 0.1144 
vn -0.985477 0.0957185 0.140259 
vn -0.974689 0.19208 0.1144 
vn -0.967035 0.22476 0.119695 
vn -0.962617 0.240337 0.124928 
vn -0.971074 0.208612 0.116172 
vn -0.957873 0.255157 0.13181 
vn -0.974211 0.194346 0.114645 
vn -0.952859 0.269049 0.140259 
vn -0.947633 0.281849 0.150177 
vn -0.942256 0.293407 0.161447 
vn -0.925859 0.319356 0.201982 
vn -0.923461 0.321827 0.20892 
vn -0.941232 0.295362 0.163842 
vn -0.936793 0.303587 0.173938 
vn -0.931305 0.312271 0.187502 
vn -0.905738 0.330348 0.265535 
vn -0.910398 0.330288 0.24917 
vn -0.901419 0.328598 0.281899 
vn -0.915344 0.328418 0.232997 
vn -0.897491 0.325058 0.298072 
vn -0.920518 0.324759 0.217206 
vn -0.884338 0.269938 0.380892 
vn -0.884169 0.258083 0.389408 
vn -0.890989 0.312794 0.329087 
vn -0.888491 0.304214 0.343567 
vn -0.894001 0.319769 0.313863 
vn -0.886535 0.29413 0.357131 
vn -0.885146 0.28266 0.369622 
vn -0.89456 0.320597 0.311415 
vn -0.878423 0.254333 0.404584 
vn -0.884123 0.256114 0.39081 
vn -0.884501 0.24135 0.399259 
vn -0.891765 0.176474 0.416669 
vn -0.891861 0.175916 0.416697 
vn -0.889122 0.193189 0.414897 
vn -0.894911 0.159753 0.416669 
vn -0.887016 0.209702 0.411374 
vn -0.885469 0.225818 0.406141 
vn -0.884939 0.234833 0.402165 
vn -0.851203 -0.408846 0.329087 
vn -0.858265 -0.406043 0.313863 
vn -0.84337 -0.413146 0.343567 
vn -0.863154 -0.405056 0.301489 
vn -0.825763 -0.426022 0.369622 
vn -0.816197 -0.434447 0.380892 
vn -0.834856 -0.418894 0.357131 
vn -0.806269 -0.444069 0.39081 
vn -0.796097 -0.454777 0.399259 
vn -0.785799 -0.466444 0.406141 
vn -0.775496 -0.478933 0.411374 
vn -0.797762 -0.453049 0.397897 
vn -0.76531 -0.492099 0.414897 
vn -0.755359 -0.505786 0.416669 
vn -0.736626 -0.534081 0.414897 
vn -0.728568 -0.54753 0.411582 
vn -0.754282 -0.507387 0.416675 
vn -0.74576 -0.519836 0.416669 
vn -0.710865 -0.559091 0.426718 
vn -0.728064 -0.548357 0.411374 
vn -0.720173 -0.562494 0.406141 
vn -0.713048 -0.576329 0.399259 
vn -0.706771 -0.589697 0.39081 
vn -0.701415 -0.602443 0.380892 
vn -0.697044 -0.614418 0.369622 
vn -0.702067 -0.600926 0.382086 
vn -0.693709 -0.62548 0.357131 
vn -0.691 -0.639137 0.337672 
vn -0.691449 -0.6355 0.343567 
vn -0.692313 -0.631795 0.348623 
vn -0.696745 -0.666362 0.265535 
vn -0.698492 -0.667114 0.258973 
vn -0.693493 -0.663024 0.281899 
vn -0.691318 -0.658204 0.298072 
vn -0.690246 -0.651959 0.313863 
vn -0.69029 -0.644361 0.329087 
vn -0.701036 -0.668178 0.24917 
vn -0.706317 -0.668452 0.232997 
vn -0.710941 -0.667527 0.22129 
vn -0.711897 -0.66732 0.21883 
vn -0.719587 -0.664378 0.201982 
vn -0.72742 -0.660078 0.187502 
vn -0.712525 -0.667181 0.217206 
vn -0.735934 -0.65433 0.173938 
vn -0.745027 -0.647202 0.161447 
vn -0.753718 -0.639564 0.151221 
vn -0.744638 -0.647514 0.161988 
vn -0.754593 -0.638777 0.150177 
vn -0.764521 -0.629154 0.140259 
vn -0.766832 -0.626758 0.138358 
vn -0.774693 -0.618447 0.13181 
vn -0.784991 -0.60678 0.124928 
vn -0.795293 -0.594291 0.119695 
vn -0.815431 -0.567437 0.1144 
vn -0.801042 -0.586918 0.117721 
vn -0.80548 -0.581125 0.116172 
vn -0.82503 -0.553388 0.1144 
vn -0.834164 -0.539142 0.116172 
vn -0.873746 -0.458806 0.161447 
vn -0.873918 -0.45826 0.162068 
vn -0.850617 -0.510729 0.124928 
vn -0.857742 -0.496895 0.13181 
vn -0.842726 -0.524867 0.119695 
vn -0.864019 -0.483526 0.140259 
vn -0.869375 -0.47078 0.150177 
vn -0.834187 -0.539105 0.116182 
vn -0.879472 -0.415019 0.232997 
vn -0.879127 -0.414223 0.235702 
vn -0.880544 -0.421265 0.217206 
vn -0.8805 -0.428862 0.201982 
vn -0.879341 -0.437723 0.187502 
vn -0.877081 -0.447744 0.173938 
vn -0.87608 -0.451166 0.170094 
vn -0.869754 -0.405045 0.281899 
vn -0.874045 -0.406862 0.265535 
vn -0.877297 -0.4102 0.24917 
vn -0.864473 -0.404771 0.298072 
vn 0.0712209 0.140077 0.987576 
vn 0.0859484 0.131555 0.987576 
vn 0.0556585 0.146956 0.987576 
vn 0.0996681 0.121491 0.987576 
vn 0.112219 0.110003 0.987576 
vn 0.0394435 0.152112 0.987576 
vn 0.123455 0.0972252 0.987576 
vn 0.0358885 0.152835 0.9876 
vn 0.156489 -0.0143149 0.987576 
vn 0.155908 0.0196604 0.987576 
vn 0.15712 0.00268853 0.987576 
vn 0.152869 0.0364018 0.987576 
vn 0.148037 0.0527164 0.987576 
vn 0.141469 0.068413 0.987576 
vn 0.133243 0.0833074 0.987576 
vn 0.125545 0.0942601 0.9876 
vn 0.154024 -0.0311505 0.987576 
vn 0.126709 -0.0929446 0.987576 
vn 0.136015 -0.0787001 0.987576 
vn 0.143727 -0.0635329 0.987576 
vn 0.149754 -0.0476208 0.987576 
vn 0.115917 -0.106099 0.987576 
vn 0.103766 -0.11801 0.987576 
vn 0.152962 -0.0352646 0.987603 
vn -0.0227661 -0.155485 0.987576 
vn 0.0759716 -0.137558 0.987576 
vn 0.0606536 -0.144966 0.987576 
vn 0.0903989 -0.128538 0.987576 
vn 0.0446245 -0.150674 0.987576 
vn 0.0280723 -0.154615 0.987576 
vn 0.0111909 -0.156744 0.987576 
vn -0.00582171 -0.157035 0.987576 
vn 0.0937397 -0.125912 0.987603 
vn -0.0859484 -0.131555 0.987576 
vn -0.0712209 -0.140077 0.987576 
vn -0.0556585 -0.146956 0.987576 
vn -0.0996681 -0.121491 0.987576 
vn -0.112219 -0.110003 0.987576 
vn -0.0394435 -0.152112 0.987576 
vn -0.0358885 -0.152835 0.9876 
vn -0.123455 -0.0972252 0.987576 
vn -0.156489 0.0143149 0.987576 
vn -0.155908 -0.0196604 0.987576 
vn -0.15712 -0.00268853 0.987576 
vn -0.152869 -0.0364018 0.987576 
vn -0.148037 -0.0527164 0.987576 
vn -0.141469 -0.068413 0.987576 
vn -0.133243 -0.0833074 0.987576 
vn -0.125545 -0.0942601 0.9876 
vn -0.154024 0.0311505 0.987576 
vn -0.126709 0.0929446 0.987576 
vn -0.136015 0.0787001 0.987576 
vn -0.143727 0.0635329 0.987576 
vn -0.149754 0.0476208 0.987576 
vn -0.115917 0.106099 0.987576 
vn -0.103766 0.11801 0.987576 
vn -0.152962 0.0352646 0.987603 
vn 0.0227661 0.155485 0.987576 
vn -0.0111909 0.156744 0.987576 
vn -3.05311e-16 0.157143 0.987576 
vn 0.00582171 0.157035 0.987576 
vn -0.0280723 0.154615 0.987576 
vn -0.0446245 0.150674 0.987576 
vn -0.0606536 0.144966 0.987576 
vn -0.0759716 0.137558 0.987576 
vn -0.0903989 0.128538 0.987576 
vn -0.0937397 0.125912 0.987603 
vn -0.415094 0.830706 0.370977 
vn -0.418894 0.834856 0.357131 
vn -0.405045 0.869754 0.281899 
vn -0.404771 0.864473 0.298072 
vn -0.406043 0.858265 0.313863 
vn -0.405816 0.871571 0.275094 
vn -0.408846 0.851203 0.329087 
vn -0.413146 0.84337 0.343567 
vn -0.419766 0.833765 0.358654 
vn -0.426022 0.825763 0.369622 
vn -0.466444 0.785799 0.406141 
vn -0.454777 0.796097 0.399259 
vn -0.444069 0.806269 0.39081 
vn -0.434447 0.816197 0.380892 
vn -0.429553 0.821799 0.374339 
vn -0.478933 0.775496 0.411374 
vn -0.492099 0.76531 0.414897 
vn -0.562494 0.720173 0.406141 
vn -0.570537 0.716067 0.402165 
vn -0.505786 0.755359 0.416669 
vn -0.519836 0.74576 0.416669 
vn -0.534081 0.736626 0.414897 
vn -0.548357 0.728064 0.411374 
vn -0.493324 0.764432 0.415059 
vn -0.576329 0.713048 0.399259 
vn -0.589697 0.706771 0.39081 
vn -0.6355 0.691449 0.343567 
vn -0.644361 0.69029 0.329087 
vn -0.62548 0.693709 0.357131 
vn -0.614418 0.697044 0.369622 
vn -0.602443 0.701415 0.380892 
vn -0.591519 0.706022 0.389408 
vn -0.651959 0.690246 0.313863 
vn -0.663024 0.693493 0.281899 
vn -0.666362 0.696745 0.265535 
vn -0.658204 0.691318 0.298072 
vn -0.668178 0.701036 0.24917 
vn -0.652942 0.690426 0.311415 
vn -0.668452 0.706317 0.232997 
vn -0.667181 0.712525 0.217206 
vn -0.65433 0.735934 0.173938 
vn -0.648581 0.743303 0.163842 
vn -0.660078 0.72742 0.187502 
vn -0.664378 0.719587 0.201982 
vn -0.665678 0.716398 0.20892 
vn -0.594291 0.795293 0.119695 
vn -0.618447 0.774693 0.13181 
vn -0.60678 0.784991 0.124928 
vn -0.629154 0.764521 0.140259 
vn -0.581125 0.80548 0.116172 
vn -0.638777 0.754593 0.150177 
vn -0.647202 0.745027 0.161447 
vn -0.539142 0.834164 0.116172 
vn -0.524867 0.842726 0.119695 
vn -0.553388 0.82503 0.1144 
vn -0.510729 0.850617 0.124928 
vn -0.567437 0.815431 0.1144 
vn -0.496895 0.857742 0.13181 
vn -0.483526 0.864019 0.140259 
vn -0.569321 0.814083 0.114645 
vn -0.447744 0.877081 0.173938 
vn -0.438375 0.879203 0.186627 
vn -0.458806 0.873746 0.161447 
vn -0.47078 0.869375 0.150177 
vn -0.472924 0.868496 0.148519 
vn -0.415019 0.879472 0.232997 
vn -0.421265 0.880544 0.217206 
vn -0.4102 0.877297 0.24917 
vn -0.428862 0.8805 0.201982 
vn -0.406862 0.874045 0.265535 
vn -0.437723 0.879341 0.187502 
vn 0.255157 0.957873 0.13181 
vn 0.265926 0.954013 0.138358 
vn 0.240337 0.962617 0.124928 
vn 0.22476 0.967035 0.119695 
vn 0.2157 0.969338 0.117721 
vn 0.269049 0.952859 0.140259 
vn 0.281849 0.947633 0.150177 
vn 0.293407 0.942256 0.161447 
vn 0.293849 0.942026 0.161988 
vn 0.282921 0.947147 0.151221 
vn 0.303587 0.936793 0.173938 
vn 0.312271 0.931305 0.187502 
vn 0.319356 0.925859 0.201982 
vn 0.324759 0.920518 0.217206 
vn 0.325139 0.919999 0.21883 
vn 0.325713 0.919207 0.22129 
vn 0.345261 0.906406 0.24336 
vn 0.328418 0.915344 0.232997 
vn 0.330288 0.910398 0.24917 
vn 0.330336 0.907641 0.258973 
vn 0.330348 0.905738 0.265535 
vn 0.328598 0.901419 0.281899 
vn 0.325058 0.897491 0.298072 
vn 0.319769 0.894001 0.313863 
vn 0.312794 0.890989 0.329087 
vn 0.307725 0.889541 0.337672 
vn 0.304214 0.888491 0.343567 
vn 0.269938 0.884338 0.380892 
vn 0.268287 0.884326 0.382086 
vn 0.28266 0.885146 0.369622 
vn 0.29413 0.886535 0.357131 
vn 0.300474 0.887794 0.348623 
vn 0.24135 0.884501 0.399259 
vn 0.225818 0.885469 0.406141 
vn 0.256114 0.884123 0.39081 
vn 0.209702 0.887016 0.411374 
vn 0.176474 0.891765 0.416669 
vn 0.161651 0.894568 0.416675 
vn 0.193189 0.889122 0.414897 
vn 0.208742 0.887145 0.411582 
vn 0.111496 0.906983 0.406141 
vn 0.0966751 0.911727 0.399259 
vn 0.127072 0.902565 0.411374 
vn 0.143221 0.898526 0.414897 
vn 0.159753 0.894911 0.416669 
vn 0.0699835 0.921967 0.380892 
vn 0.0584255 0.927344 0.369622 
vn 0.0827834 0.916741 0.39081 
vn 0.0944243 0.912558 0.397897 
vn 0.0395614 0.938295 0.343567 
vn 0.0324764 0.943741 0.329087 
vn 0.0482451 0.932807 0.357131 
vn 0.0270731 0.949082 0.313863 
vn 0.0234149 0.954256 0.298072 
vn 0.0215446 0.959202 0.281899 
vn 0.0214841 0.963862 0.265535 
vn 0.0242053 0.953163 0.301489 
vn 0.0232343 0.968181 0.24917 
vn 0.0577028 0.983065 0.173938 
vn 0.026184 0.971473 0.235702 
vn 0.0267745 0.972109 0.232997 
vn 0.0320632 0.975599 0.217206 
vn 0.0390385 0.978611 0.201982 
vn 0.0476185 0.981109 0.187502 
vn 0.110483 0.985099 0.13181 
vn 0.126014 0.984131 0.124928 
vn 0.0957185 0.985477 0.140259 
vn 0.0818946 0.985262 0.150177 
vn 0.0691729 0.984454 0.161447 
vn 0.0686039 0.984392 0.162068 
vn 0.14213 0.982584 0.119695 
vn 0.208612 0.971074 0.116172 
vn 0.175358 0.977835 0.1144 
vn 0.175916 0.977738 0.114372 
vn 0.158643 0.980478 0.116172 
vn 0.19208 0.974689 0.1144 
vn 0.158599 0.980484 0.116182 
vn 0.851203 0.408846 0.329087 
vn 0.858265 0.406043 0.313863 
vn 0.84337 0.413146 0.343567 
vn 0.863154 0.405056 0.301489 
vn 0.825763 0.426022 0.369622 
vn 0.816197 0.434447 0.380892 
vn 0.834856 0.418894 0.357131 
vn 0.806269 0.444069 0.39081 
vn 0.796097 0.454777 0.399259 
vn 0.785799 0.466444 0.406141 
vn 0.775496 0.478933 0.411374 
vn 0.797762 0.453049 0.397897 
vn 0.76531 0.492099 0.414897 
vn 0.755359 0.505786 0.416669 
vn 0.736626 0.534081 0.414897 
vn 0.728568 0.54753 0.411582 
vn 0.754282 0.507387 0.416675 
vn 0.74576 0.519836 0.416669 
vn 0.728064 0.548357 0.411374 
vn 0.720173 0.562494 0.406141 
vn 0.713048 0.576329 0.399259 
vn 0.706771 0.589697 0.39081 
vn 0.701415 0.602443 0.380892 
vn 0.697044 0.614418 0.369622 
vn 0.702067 0.600926 0.382086 
vn 0.693709 0.62548 0.357131 
vn 0.691 0.639137 0.337672 
vn 0.691449 0.6355 0.343567 
vn 0.692313 0.631795 0.348623 
vn 0.696745 0.666362 0.265535 
vn 0.698492 0.667114 0.258973 
vn 0.693493 0.663024 0.281899 
vn 0.691318 0.658204 0.298072 
vn 0.690246 0.651959 0.313863 
vn 0.69029 0.644361 0.329087 
vn 0.701036 0.668178 0.24917 
vn 0.706317 0.668452 0.232997 
vn 0.710941 0.667527 0.22129 
vn 0.711897 0.66732 0.21883 
vn 0.719587 0.664378 0.201982 
vn 0.72742 0.660078 0.187502 
vn 0.712525 0.667181 0.217206 
vn 0.735934 0.65433 0.173938 
vn 0.745027 0.647202 0.161447 
vn 0.753718 0.639564 0.151221 
vn 0.744638 0.647514 0.161988 
vn 0.760917 0.634847 0.134071 
vn 0.754593 0.638777 0.150177 
vn 0.764521 0.629154 0.140259 
vn 0.766832 0.626758 0.138358 
vn 0.774693 0.618447 0.13181 
vn 0.784991 0.60678 0.124928 
vn 0.795293 0.594291 0.119695 
vn 0.815431 0.567437 0.1144 
vn 0.801042 0.586918 0.117721 
vn 0.80548 0.581125 0.116172 
vn 0.82503 0.553388 0.1144 
vn 0.834164 0.539142 0.116172 
vn 0.873746 0.458806 0.161447 
vn 0.873918 0.45826 0.162068 
vn 0.850617 0.510729 0.124928 
vn 0.857742 0.496895 0.13181 
vn 0.842726 0.524867 0.119695 
vn 0.864019 0.483526 0.140259 
vn 0.869375 0.47078 0.150177 
vn 0.834187 0.539105 0.116182 
vn 0.879472 0.415019 0.232997 
vn 0.879127 0.414223 0.235702 
vn 0.880544 0.421265 0.217206 
vn 0.8805 0.428862 0.201982 
vn 0.879341 0.437723 0.187502 
vn 0.877081 0.447744 0.173938 
vn 0.87608 0.451166 0.170094 
vn 0.869754 0.405045 0.281899 
vn 0.874045 0.406862 0.265535 
vn 0.877297 0.4102 0.24917 
vn 0.864473 0.404771 0.298072 
vn 0.967035 -0.22476 0.119695 
vn 0.962617 -0.240337 0.124928 
vn 0.971074 -0.208612 0.116172 
vn 0.957873 -0.255157 0.13181 
vn 0.974211 -0.194346 0.114645 
vn 0.952859 -0.269049 0.140259 
vn 0.947633 -0.281849 0.150177 
vn 0.942256 -0.293407 0.161447 
vn 0.925859 -0.319356 0.201982 
vn 0.923461 -0.321827 0.20892 
vn 0.941232 -0.295362 0.163842 
vn 0.936793 -0.303587 0.173938 
vn 0.931305 -0.312271 0.187502 
vn 0.905738 -0.330348 0.265535 
vn 0.910398 -0.330288 0.24917 
vn 0.901419 -0.328598 0.281899 
vn 0.915344 -0.328418 0.232997 
vn 0.897491 -0.325058 0.298072 
vn 0.920518 -0.324759 0.217206 
vn 0.884338 -0.269938 0.380892 
vn 0.884169 -0.258083 0.389408 
vn 0.890989 -0.312794 0.329087 
vn 0.888491 -0.304214 0.343567 
vn 0.894001 -0.319769 0.313863 
vn 0.886535 -0.29413 0.357131 
vn 0.885146 -0.28266 0.369622 
vn 0.89456 -0.320597 0.311415 
vn 0.884123 -0.256114 0.39081 
vn 0.884501 -0.24135 0.399259 
vn 0.891765 -0.176474 0.416669 
vn 0.889122 -0.193189 0.414897 
vn 0.887016 -0.209702 0.411374 
vn 0.885469 -0.225818 0.406141 
vn 0.884939 -0.234833 0.402165 
vn 0.894911 -0.159753 0.416669 
vn 0.921967 -0.0699835 0.380892 
vn 0.925132 -0.0632515 0.374339 
vn 0.902565 -0.127072 0.411374 
vn 0.906983 -0.111496 0.406141 
vn 0.911727 -0.0966751 0.399259 
vn 0.916741 -0.0827834 0.39081 
vn 0.898526 -0.143221 0.414897 
vn 0.898214 -0.144696 0.415059 
vn 0.927344 -0.0584255 0.369622 
vn 0.954256 -0.0234149 0.298072 
vn 0.949082 -0.0270731 0.313863 
vn 0.943741 -0.0324764 0.329087 
vn 0.959202 -0.0215446 0.281899 
vn 0.938295 -0.0395614 0.343567 
vn 0.932807 -0.0482451 0.357131 
vn 0.932158 -0.0494824 0.358654 
vn 0.968181 -0.0232343 0.24917 
vn 0.972109 -0.0267745 0.232997 
vn 0.963862 -0.0214841 0.265535 
vn 0.975599 -0.0320632 0.217206 
vn 0.961176 -0.0215202 0.275094 
vn 0.978611 -0.0390385 0.201982 
vn 0.981109 -0.0476185 0.187502 
vn 0.985262 -0.0818946 0.150177 
vn 0.985318 -0.084211 0.148519 
vn 0.981244 -0.0482707 0.186627 
vn 0.983065 -0.0577028 0.173938 
vn 0.984454 -0.0691729 0.161447 
vn 0.977835 -0.175358 0.1144 
vn 0.977738 -0.175916 0.114372 
vn 0.980478 -0.158643 0.116172 
vn 0.974689 -0.19208 0.1144 
vn 0.982584 -0.14213 0.119695 
vn 0.984131 -0.126014 0.124928 
vn 0.985099 -0.110483 0.13181 
vn 0.985477 -0.0957185 0.140259 
vn 0.418779 0.640995 0.643233 
vn 0.404175 0.649705 0.643837 
vn 0.38898 0.657148 0.64564 
vn 0.432622 0.63112 0.643837 
vn 0.387803 0.657615 0.645872 
vn 0.445541 0.620195 0.64564 
vn 0.457385 0.608349 0.648622 
vn 0.468015 0.59572 0.652748 
vn 0.477307 0.582456 0.657969 
vn 0.485151 0.568714 0.664224 
vn 0.491456 0.554653 0.67144 
vn 0.492384 0.551886 0.673038 
vn 0.500088 0.498544 0.708072 
vn 0.497973 0.485374 0.718635 
vn 0.500488 0.51222 0.697956 
vn 0.494168 0.472862 0.72952 
vn 0.499169 0.52624 0.688405 
vn 0.496147 0.54044 0.679532 
vn 0.488718 0.461156 0.740601 
vn 0.495062 0.543779 0.677656 
vn 0.439652 0.419102 0.794393 
vn 0.42852 0.415424 0.802368 
vn 0.452015 0.424962 0.784276 
vn 0.463226 0.43219 0.773714 
vn 0.473156 0.440701 0.762828 
vn 0.481686 0.450394 0.751747 
vn 0.485452 0.456147 0.745833 
vn 0.426283 0.414678 0.803943 
vn 0.412065 0.411742 0.812817 
vn 0.350141 0.415298 0.839601 
vn 0.36602 0.412117 0.83438 
vn 0.381756 0.410454 0.828125 
vn 0.334305 0.419959 0.843726 
vn 0.397164 0.410328 0.820909 
vn 0.397878 0.410398 0.820528 
vn 0.303505 0.433489 0.848512 
vn 0.2889 0.442199 0.849115 
vn 0.275057 0.452075 0.848512 
vn 0.318699 0.426047 0.846708 
vn 0.330135 0.421602 0.844549 
vn 0.262138 0.463 0.846708 
vn 0.216224 0.528542 0.820909 
vn 0.216001 0.529223 0.820528 
vn 0.250294 0.474846 0.843726 
vn 0.239664 0.487475 0.839601 
vn 0.230372 0.500739 0.83438 
vn 0.253474 0.471686 0.844549 
vn 0.222528 0.514481 0.828125 
vn 0.211532 0.542755 0.812817 
vn 0.20851 0.556955 0.803943 
vn 0.213511 0.610333 0.762828 
vn 0.208294 0.559303 0.802368 
vn 0.207191 0.570975 0.794393 
vn 0.207591 0.58465 0.784276 
vn 0.209707 0.597821 0.773714 
vn 0.218962 0.622038 0.751747 
vn 0.244453 0.651005 0.718635 
vn 0.234523 0.642494 0.72952 
vn 0.255664 0.658232 0.708072 
vn 0.225993 0.632801 0.740601 
vn 0.268027 0.664093 0.697956 
vn 0.281396 0.668517 0.688405 
vn 0.222718 0.627798 0.745833 
vn 0.295614 0.671453 0.679532 
vn 0.307607 0.672605 0.673038 
vn 0.299108 0.671801 0.677656 
vn 0.373374 0.663236 0.648622 
vn 0.341659 0.671078 0.657969 
vn 0.35384 0.668772 0.653867 
vn 0.357538 0.667897 0.652748 
vn 0.325923 0.672741 0.664224 
vn 0.310515 0.672867 0.67144 
vn 0.0612393 0.983523 0.170094 
vn -0.0612393 -0.983523 0.170094 
vn -0.546944 -0.837169 3.31505e-18 
vn 0.546944 0.837169 9.90629e-18 
vn 0.18494 0.98275 -3.49242e-16 
vn 0.167875 0.983928 -0.0608573 
vn 0.170517 0.984003 -0.0516052 
vn 0.155287 0.982365 -0.104138 
vn 0.123813 0.970463 -0.207054 
vn 0.0908875 0.947184 -0.307543 
vn 0.0568966 0.912799 -0.404427 
vn 0.0222386 0.867713 -0.496569 
vn -0.0126801 0.812453 -0.582889 
vn -0.0169142 0.805088 -0.592915 
vn -0.0474502 0.747668 -0.662375 
vn -0.0391516 0.764026 -0.643997 
vn -0.0312976 0.778987 -0.626259 
vn -0.0474502 0.747668 -0.662375 
vn -0.0816639 0.674118 -0.734095 
vn -0.0618175 0.717996 -0.693297 
vn -0.11492 0.592664 -0.797209 
vn -0.0816639 0.674118 -0.734095 
vn -0.146829 0.504262 -0.850977 
vn -0.11492 0.592664 -0.797209 
vn -0.177017 0.409947 -0.894767 
vn -0.146829 0.504262 -0.850977 
vn -0.205129 0.310827 -0.928067 
vn -0.177017 0.409947 -0.894767 
vn -0.230836 0.208062 -0.950487 
vn -0.205129 0.310827 -0.928067 
vn -0.232997 0.198782 -0.951945 
vn -0.232741 0.199884 -0.951776 
vn -0.253837 0.102858 -0.961762 
vn -0.273245 -8.14898e-16 -0.961944 
vn -0.273862 -0.00355224 -0.961762 
vn -0.290676 -0.109921 -0.950487 
vn -0.304082 -0.215 -0.928067 
vn -0.313923 -0.317559 -0.894767 
vn -0.31795 -0.37541 -0.870618 
vn -0.320084 -0.416395 -0.850977 
vn -0.322492 -0.510349 -0.797209 
vn -0.32218 -0.483514 -0.813888 
vn -0.320994 -0.439091 -0.839144 
vn -0.321119 -0.59832 -0.734095 
vn -0.322527 -0.523224 -0.788805 
vn -0.315981 -0.679276 -0.662375 
vn -0.321119 -0.59832 -0.734095 
vn -0.307139 -0.752268 -0.582889 
vn -0.315981 -0.679276 -0.662375 
vn -0.294695 -0.81644 -0.496569 
vn -0.307139 -0.752268 -0.582889 
vn -0.278797 -0.87104 -0.404427 
vn -0.294695 -0.81644 -0.496569 
vn -0.25963 -0.915429 -0.307543 
vn -0.278797 -0.87104 -0.404427 
vn -0.256376 -0.921368 -0.292151 
vn -0.237419 -0.949084 -0.207054 
vn -0.254491 -0.924633 -0.283353 
vn -0.212425 -0.971613 -0.104138 
vn -0.18494 -0.98275 6.49978e-16 
vn -0.155287 -0.982365 0.104138 
vn -0.123813 -0.970463 0.207054 
vn -0.0908875 -0.947184 0.307543 
vn -0.0724762 -0.929805 0.360846 
vn -0.0805506 -0.937796 0.337714 
vn -0.0568966 -0.912799 0.404427 
vn -0.0222386 -0.867713 0.496569 
vn 0.0126801 -0.812453 0.582889 
vn 0.0408316 -0.76076 0.647748 
vn 0.0474502 -0.747668 0.662375 
vn 0.0816639 -0.674118 0.734095 
vn 0.0558977 -0.730432 0.680695 
vn 0.0474502 -0.747668 0.662375 
vn 0.11492 -0.592664 0.797209 
vn 0.146829 -0.504262 0.850977 
vn 0.177017 -0.409947 0.894767 
vn 0.205129 -0.310827 0.928067 
vn 0.230836 -0.208062 0.950487 
vn 0.250862 -0.11734 0.960885 
vn 0.253837 -0.102858 0.961762 
vn 0.251094 -0.116223 0.96096 
vn 0.273862 0.00355224 0.961762 
vn 0.290676 0.109921 0.950487 
vn 0.304082 0.215 0.928067 
vn 0.313923 0.317559 0.894767 
vn 0.320084 0.416395 0.850977 
vn 0.322492 0.510349 0.797209 
vn 0.321612 0.584067 0.745273 
vn 0.322378 0.547898 0.771933 
vn 0.321119 0.59832 0.734095 
vn 0.315981 0.679276 0.662375 
vn 0.307139 0.752268 0.582889 
vn 0.295604 0.812581 0.502325 
vn 0.294695 0.81644 0.496569 
vn 0.278797 0.87104 0.404427 
vn 0.292233 0.826413 0.481292 
vn 0.294695 0.81644 0.496569 
vn 0.25963 0.915429 0.307543 
vn 0.237419 0.949084 0.207054 
vn 0.212425 0.971613 0.104138 
vn 0.18494 0.98275 -3.49242e-16 
vn 0.804441 0.584833 -0.104138 
vn 0.825681 0.564137 -3.68644e-16 
vn 0.77377 0.598672 -0.207054 
vn 0.804441 0.584833 -0.104138 
vn 0.740774 0.604898 -0.292151 
vn 0.74452 0.604484 -0.283353 
vn 0.734027 0.605493 -0.307543 
vn 0.685678 0.605214 -0.404427 
vn 0.62929 0.59784 -0.496569 
vn 0.565525 0.583457 -0.582889 
vn 0.495129 0.562234 -0.662375 
vn 0.418928 0.534418 -0.734095 
vn 0.349592 0.505542 -0.788805 
vn 0.337816 0.500338 -0.797209 
vn 0.252743 0.460391 -0.850977 
vn 0.273162 0.470341 -0.839144 
vn 0.313367 0.489272 -0.813888 
vn 0.337816 0.500338 -0.797209 
vn 0.252743 0.460391 -0.850977 
vn 0.164707 0.415046 -0.894767 
vn 0.216067 0.441973 -0.870618 
vn 0.0747396 0.364836 -0.928067 
vn 0.164707 0.415046 -0.894767 
vn -0.0161038 0.310348 -0.950487 
vn 0.0747396 0.364836 -0.928067 
vn -0.106758 0.252221 -0.961762 
vn -0.0161038 0.310348 -0.950487 
vn -0.196161 0.191138 -0.961762 
vn -0.106758 0.252221 -0.961762 
vn -0.275634 0.13352 -0.951945 
vn -0.283265 0.127813 -0.950487 
vn -0.276541 0.132843 -0.951776 
vn -0.367047 0.0629904 -0.928067 
vn -0.446526 -0.00257104 -0.894767 
vn -0.520769 -0.0681023 -0.850977 
vn -0.588907 -0.132835 -0.797209 
vn -0.650141 -0.196011 -0.734095 
vn -0.682351 -0.231811 -0.693297 
vn -0.703753 -0.256888 -0.662375 
vn -0.744069 -0.307918 -0.592915 
vn -0.725944 -0.284261 -0.626259 
vn -0.749113 -0.314754 -0.582889 
vn -0.715399 -0.271058 -0.643997 
vn -0.785691 -0.368929 -0.496569 
vn -0.813058 -0.418779 -0.404427 
vn -0.830892 -0.46372 -0.307543 
vn -0.838984 -0.503223 -0.207054 
vn -0.837241 -0.536827 -0.104138 
vn -0.833615 -0.548983 -0.0608573 
vn -0.825681 -0.564137 2.13426e-16 
vn -0.832622 -0.551432 -0.0516052 
vn -0.804441 -0.584833 0.104138 
vn -0.77377 -0.598672 0.207054 
vn -0.734027 -0.605493 0.307543 
vn -0.685678 -0.605214 0.404427 
vn -0.62929 -0.59784 0.496569 
vn -0.639412 -0.599591 0.481292 
vn -0.565525 -0.583457 0.582889 
vn -0.625391 -0.597122 0.502325 
vn -0.495129 -0.562234 0.662375 
vn -0.565525 -0.583457 0.582889 
vn -0.418928 -0.534418 0.734095 
vn -0.495129 -0.562234 0.662375 
vn -0.405678 -0.529144 0.745273 
vn -0.337816 -0.500338 0.797209 
vn -0.372248 -0.515317 0.771933 
vn -0.252743 -0.460391 0.850977 
vn -0.164707 -0.415046 0.894767 
vn -0.0747396 -0.364836 0.928067 
vn 0.0161038 -0.310348 0.950487 
vn 0.106758 -0.252221 0.961762 
vn 0.196161 -0.191138 0.961762 
vn 0.208229 -0.182596 0.960885 
vn 0.207299 -0.183257 0.96096 
vn 0.283265 -0.127813 0.950487 
vn 0.367047 -0.0629904 0.928067 
vn 0.446526 0.00257104 0.894767 
vn 0.520769 0.0681023 0.850977 
vn 0.588907 0.132835 0.797209 
vn 0.650141 0.196011 0.734095 
vn 0.703753 0.256888 0.662375 
vn 0.691361 0.242228 0.680695 
vn 0.749113 0.314754 0.582889 
vn 0.713083 0.268208 0.647748 
vn 0.785691 0.368929 0.496569 
vn 0.749113 0.314754 0.582889 
vn 0.813058 0.418779 0.404427 
vn 0.785691 0.368929 0.496569 
vn 0.822373 0.439878 0.360846 
vn 0.830892 0.46372 0.307543 
vn 0.826447 0.450482 0.337714 
vn 0.838984 0.503223 0.207054 
vn 0.837241 0.536827 0.104138 
vn 0.982365 -0.155287 -0.104138 
vn 0.98275 -0.18494 -1.35816e-16 
vn 0.970463 -0.123813 -0.207054 
vn 0.982365 -0.155287 -0.104138 
vn 0.947184 -0.0908875 -0.307543 
vn 0.963828 -0.112783 -0.241488 
vn 0.970463 -0.123813 -0.207054 
vn 0.966396 -0.11682 -0.228978 
vn 0.912799 -0.0568966 -0.404427 
vn 0.867713 -0.0222386 -0.496569 
vn 0.812453 0.0126801 -0.582889 
vn 0.747668 0.0474502 -0.662375 
vn 0.674118 0.0816639 -0.734095 
vn 0.592664 0.11492 -0.797209 
vn 0.51901 0.141768 -0.84293 
vn 0.535643 0.13594 -0.833431 
vn 0.504262 0.146829 -0.850977 
vn 0.409947 0.177017 -0.894767 
vn 0.310827 0.205129 -0.928067 
vn 0.208062 0.230836 -0.950487 
vn 0.102858 0.253837 -0.961762 
vn 0.13547 0.247053 -0.959486 
vn -0.00355224 0.273862 -0.961762 
vn 0.0908454 0.256259 -0.96233 
vn -0.109921 0.290676 -0.950487 
vn -0.00355224 0.273862 -0.961762 
vn -0.208948 0.303399 -0.929672 
vn -0.215 0.304082 -0.928067 
vn -0.317559 0.313923 -0.894767 
vn -0.239892 0.306774 -0.921054 
vn -0.215 0.304082 -0.928067 
vn -0.416395 0.320084 -0.850977 
vn -0.510349 0.322492 -0.797209 
vn -0.438069 0.320957 -0.839692 
vn -0.416395 0.320084 -0.850977 
vn -0.588149 0.321482 -0.742112 
vn -0.59832 0.321119 -0.734095 
vn -0.679276 0.315981 -0.662375 
vn -0.752268 0.307139 -0.582889 
vn -0.81644 0.294695 -0.496569 
vn -0.791018 0.30027 -0.533037 
vn -0.793663 0.299733 -0.529394 
vn -0.752268 0.307139 -0.582889 
vn -0.87104 0.278797 -0.404427 
vn -0.839904 0.288619 -0.459631 
vn -0.81644 0.294695 -0.496569 
vn -0.915429 0.25963 -0.307543 
vn -0.87104 0.278797 -0.404427 
vn -0.949084 0.237419 -0.207054 
vn -0.919854 0.257226 -0.296149 
vn -0.915429 0.25963 -0.307543 
vn -0.971613 0.212425 -0.104138 
vn -0.98275 0.18494 -4.07449e-16 
vn -0.983227 0.160334 0.0869375 
vn -0.983982 0.173278 0.041871 
vn -0.982365 0.155287 0.104138 
vn -0.98275 0.18494 -4.07449e-16 
vn -0.970463 0.123813 0.207054 
vn -0.973505 0.129707 0.188319 
vn -0.954267 0.0995015 0.281911 
vn -0.947184 0.0908875 0.307543 
vn -0.950087 0.0943187 0.297387 
vn -0.912799 0.0568966 0.404427 
vn -0.94471 0.0880586 0.315863 
vn -0.947184 0.0908875 0.307543 
vn -0.867713 0.0222386 0.496569 
vn -0.812453 -0.0126801 0.582889 
vn -0.750652 -0.0459575 0.659097 
vn -0.759007 -0.0417283 0.649744 
vn -0.747668 -0.0474502 0.662375 
vn -0.681254 -0.0785391 0.727822 
vn -0.674118 -0.0816639 0.734095 
vn -0.592664 -0.11492 0.797209 
vn -0.608502 -0.108773 0.786062 
vn -0.601059 -0.11168 0.791363 
vn -0.504262 -0.146829 0.850977 
vn -0.573331 -0.122235 0.810154 
vn -0.409947 -0.177017 0.894767 
vn -0.504262 -0.146829 0.850977 
vn -0.310827 -0.205129 0.928067 
vn -0.333835 -0.198907 0.921407 
vn -0.253484 -0.219883 0.942018 
vn -0.208062 -0.230836 0.950487 
vn -0.102858 -0.253837 0.961762 
vn 4.36552e-16 -0.273245 0.961944 
vn 0.00355224 -0.273862 0.961762 
vn 0.109921 -0.290676 0.950487 
vn 0.110202 -0.290716 0.950442 
vn 0.215 -0.304082 0.928067 
vn 0.114589 -0.29134 0.949732 
vn 0.317559 -0.313923 0.894767 
vn 0.215 -0.304082 0.928067 
vn 0.416395 -0.320084 0.850977 
vn 0.317559 -0.313923 0.894767 
vn 0.510349 -0.322492 0.797209 
vn 0.416395 -0.320084 0.850977 
vn 0.59832 -0.321119 0.734095 
vn 0.510349 -0.322492 0.797209 
vn 0.679276 -0.315981 0.662375 
vn 0.59832 -0.321119 0.734095 
vn 0.752268 -0.307139 0.582889 
vn 0.739946 -0.308973 0.597508 
vn 0.683089 -0.315629 0.65861 
vn 0.730688 -0.310251 0.608143 
vn 0.7088 -0.312961 0.632185 
vn 0.679276 -0.315981 0.662375 
vn 0.81644 -0.294695 0.496569 
vn 0.87104 -0.278797 0.404427 
vn 0.915429 -0.25963 0.307543 
vn 0.949084 -0.237419 0.207054 
vn 0.971613 -0.212425 0.104138 
vn 0.961383 -0.225667 0.157532 
vn 0.953623 -0.233437 0.190028 
vn 0.949084 -0.237419 0.207054 
vn 0.584833 -0.804441 -0.104138 
vn 0.564137 -0.825681 -2.32828e-16 
vn 0.598672 -0.77377 -0.207054 
vn 0.584833 -0.804441 -0.104138 
vn 0.605493 -0.734027 -0.307543 
vn 0.605069 -0.739045 -0.296149 
vn 0.605214 -0.685678 -0.404427 
vn 0.601701 -0.653219 -0.459631 
vn 0.59784 -0.62929 -0.496569 
vn 0.593305 -0.606409 -0.529394 
vn 0.583457 -0.565525 -0.582889 
vn 0.592734 -0.60377 -0.533037 
vn 0.562234 -0.495129 -0.662375 
vn 0.534418 -0.418928 -0.734095 
vn 0.500338 -0.337816 -0.797209 
vn 0.530665 -0.409469 -0.742112 
vn 0.534418 -0.418928 -0.734095 
vn 0.500338 -0.337816 -0.797209 
vn 0.460391 -0.252743 -0.850977 
vn 0.469897 -0.27224 -0.839692 
vn 0.415046 -0.164707 -0.894767 
vn 0.364836 -0.0747396 -0.928067 
vn 0.3773 -0.0964531 -0.921054 
vn 0.310348 0.0161038 -0.950487 
vn 0.361779 -0.0694714 -0.929672 
vn 0.252221 0.106758 -0.961762 
vn 0.310348 0.0161038 -0.950487 
vn 0.198181 0.186134 -0.96233 
vn 0.191138 0.196161 -0.961762 
vn 0.127813 0.283265 -0.950487 
vn 0.171825 0.223302 -0.959486 
vn 0.191138 0.196161 -0.961762 
vn 0.0629904 0.367047 -0.928067 
vn -0.00257104 0.446526 -0.894767 
vn -0.0681023 0.520769 -0.850977 
vn -0.132835 0.588907 -0.797209 
vn -0.0906805 0.545133 -0.833431 
vn -0.0786619 0.532242 -0.84293 
vn -0.0681023 0.520769 -0.850977 
vn -0.196011 0.650141 -0.734095 
vn -0.256888 0.703753 -0.662375 
vn -0.314754 0.749113 -0.582889 
vn -0.368929 0.785691 -0.496569 
vn -0.418779 0.813058 -0.404427 
vn -0.46372 0.830892 -0.307543 
vn -0.503223 0.838984 -0.207054 
vn -0.490457 0.837338 -0.241488 
vn -0.495186 0.838069 -0.228978 
vn -0.46372 0.830892 -0.307543 
vn -0.536827 0.837241 -0.104138 
vn -0.503223 0.838984 -0.207054 
vn -0.564137 0.825681 1.16414e-16 
vn -0.536827 0.837241 -0.104138 
vn -0.584833 0.804441 0.104138 
vn -0.564137 0.825681 1.16414e-16 
vn -0.596849 0.779526 0.190028 
vn -0.59285 0.789754 0.157532 
vn -0.598672 0.77377 0.207054 
vn -0.605493 0.734027 0.307543 
vn -0.605214 0.685678 0.404427 
vn -0.59784 0.62929 0.496569 
vn -0.583457 0.565525 0.582889 
vn -0.563443 0.498762 0.65861 
vn -0.562234 0.495129 0.662375 
vn -0.571328 0.523379 0.632185 
vn -0.577639 0.544513 0.608143 
vn -0.562234 0.495129 0.662375 
vn -0.583457 0.565525 0.582889 
vn -0.580187 0.553505 0.597508 
vn -0.534418 0.418928 0.734095 
vn -0.500338 0.337816 0.797209 
vn -0.460391 0.252743 0.850977 
vn -0.415046 0.164707 0.894767 
vn -0.364836 0.0747396 0.928067 
vn -0.310498 -0.0158619 0.950442 
vn -0.312831 -0.0120955 0.949732 
vn -0.310348 -0.0161038 0.950487 
vn -0.252221 -0.106758 0.961762 
vn -0.191138 -0.196161 0.961762 
vn -0.127813 -0.283265 0.950487 
vn -0.0629904 -0.367047 0.928067 
vn -0.0995364 -0.32046 0.942018 
vn -0.127813 -0.283265 0.950487 
vn 0.00257104 -0.446526 0.894767 
vn -0.0480498 -0.385618 0.921407 
vn -0.0629904 -0.367047 0.928067 
vn 0.0681023 -0.520769 0.850977 
vn 0.11837 -0.574141 0.810154 
vn 0.132835 -0.588907 0.797209 
vn 0.196011 -0.650141 0.734095 
vn 0.144827 -0.600942 0.786062 
vn 0.132835 -0.588907 0.797209 
vn 0.139175 -0.595294 0.791363 
vn 0.256888 -0.703753 0.662375 
vn 0.201739 -0.655421 0.727822 
vn 0.259454 -0.705886 0.659097 
vn 0.314754 -0.749113 0.582889 
vn 0.266683 -0.711838 0.649744 
vn 0.368929 -0.785691 0.496569 
vn 0.418779 -0.813058 0.404427 
vn 0.46372 -0.830892 0.307543 
vn 0.460135 -0.829763 0.315863 
vn 0.503223 -0.838984 0.207054 
vn 0.474453 -0.833918 0.281911 
vn 0.468028 -0.832172 0.297387 
vn 0.536827 -0.837241 0.104138 
vn 0.509843 -0.839402 0.188319 
vn 0.503223 -0.838984 0.207054 
vn 0.541796 -0.836002 0.0869375 
vn 0.553953 -0.831495 0.041871 
vn -0.155287 -0.982365 -0.104138 
vn -0.170517 -0.984003 -0.0516052 
vn -0.167875 -0.983928 -0.0608573 
vn -0.18494 -0.98275 -3.49242e-16 
vn -0.123813 -0.970463 -0.207054 
vn -0.155287 -0.982365 -0.104138 
vn -0.0908875 -0.947184 -0.307543 
vn -0.123813 -0.970463 -0.207054 
vn -0.0568966 -0.912799 -0.404427 
vn -0.0908875 -0.947184 -0.307543 
vn -0.0222386 -0.867713 -0.496569 
vn -0.0568966 -0.912799 -0.404427 
vn 0.0126801 -0.812453 -0.582889 
vn -0.0222386 -0.867713 -0.496569 
vn 0.0474502 -0.747668 -0.662375 
vn 0.0391516 -0.764026 -0.643997 
vn 0.0312976 -0.778987 -0.626259 
vn 0.0474502 -0.747668 -0.662375 
vn 0.0169142 -0.805088 -0.592915 
vn 0.0126801 -0.812453 -0.582889 
vn 0.0816639 -0.674118 -0.734095 
vn 0.0618175 -0.717996 -0.693297 
vn 0.11492 -0.592664 -0.797209 
vn 0.0816639 -0.674118 -0.734095 
vn 0.146829 -0.504262 -0.850977 
vn 0.11492 -0.592664 -0.797209 
vn 0.177017 -0.409947 -0.894767 
vn 0.146829 -0.504262 -0.850977 
vn 0.205129 -0.310827 -0.928067 
vn 0.177017 -0.409947 -0.894767 
vn 0.230836 -0.208062 -0.950487 
vn 0.205129 -0.310827 -0.928067 
vn 0.253837 -0.102858 -0.961762 
vn 0.232741 -0.199884 -0.951776 
vn 0.232997 -0.198782 -0.951945 
vn 0.230836 -0.208062 -0.950487 
vn 0.273862 0.00355224 -0.961762 
vn 0.253837 -0.102858 -0.961762 
vn 0.290676 0.109921 -0.950487 
vn 0.273862 0.00355224 -0.961762 
vn 0.304082 0.215 -0.928067 
vn 0.290676 0.109921 -0.950487 
vn 0.313923 0.317559 -0.894767 
vn 0.304082 0.215 -0.928067 
vn 0.31795 0.37541 -0.870618 
vn 0.320084 0.416395 -0.850977 
vn 0.322492 0.510349 -0.797209 
vn 0.32218 0.483514 -0.813888 
vn 0.320994 0.439091 -0.839144 
vn 0.322492 0.510349 -0.797209 
vn 0.321119 0.59832 -0.734095 
vn 0.322527 0.523224 -0.788805 
vn 0.315981 0.679276 -0.662375 
vn 0.321119 0.59832 -0.734095 
vn 0.307139 0.752268 -0.582889 
vn 0.315981 0.679276 -0.662375 
vn 0.294695 0.81644 -0.496569 
vn 0.307139 0.752268 -0.582889 
vn 0.278797 0.87104 -0.404427 
vn 0.294695 0.81644 -0.496569 
vn 0.25963 0.915429 -0.307543 
vn 0.278797 0.87104 -0.404427 
vn 0.237419 0.949084 -0.207054 
vn 0.254491 0.924633 -0.283353 
vn 0.25963 0.915429 -0.307543 
vn 0.256376 0.921368 -0.292151 
vn 0.212425 0.971613 -0.104138 
vn 0.18494 0.98275 2.32828e-16 
vn 0.155287 0.982365 0.104138 
vn 0.123813 0.970463 0.207054 
vn 0.0908875 0.947184 0.307543 
vn 0.0568966 0.912799 0.404427 
vn 0.0805506 0.937796 0.337714 
vn 0.0724762 0.929805 0.360846 
vn 0.0908875 0.947184 0.307543 
vn 0.0222386 0.867713 0.496569 
vn 0.0568966 0.912799 0.404427 
vn -0.0126801 0.812453 0.582889 
vn 0.0222386 0.867713 0.496569 
vn -0.0408316 0.76076 0.647748 
vn -0.0474502 0.747668 0.662375 
vn -0.0816639 0.674118 0.734095 
vn -0.0558977 0.730432 0.680695 
vn -0.0474502 0.747668 0.662375 
vn -0.11492 0.592664 0.797209 
vn -0.146829 0.504262 0.850977 
vn -0.177017 0.409947 0.894767 
vn -0.205129 0.310827 0.928067 
vn -0.230836 0.208062 0.950487 
vn -0.253837 0.102858 0.961762 
vn -0.251094 0.116223 0.96096 
vn -0.230836 0.208062 0.950487 
vn -0.250862 0.11734 0.960885 
vn -0.273245 -7.66392e-16 0.961944 
vn -0.273862 -0.00355224 0.961762 
vn -0.290676 -0.109921 0.950487 
vn -0.304082 -0.215 0.928067 
vn -0.313923 -0.317559 0.894767 
vn -0.320084 -0.416395 0.850977 
vn -0.322492 -0.510349 0.797209 
vn -0.321612 -0.584067 0.745273 
vn -0.322378 -0.547898 0.771933 
vn -0.321119 -0.59832 0.734095 
vn -0.315981 -0.679276 0.662375 
vn -0.307139 -0.752268 0.582889 
vn -0.295604 -0.812581 0.502325 
vn -0.294695 -0.81644 0.496569 
vn -0.278797 -0.87104 0.404427 
vn -0.292233 -0.826413 0.481292 
vn -0.294695 -0.81644 0.496569 
vn -0.25963 -0.915429 0.307543 
vn -0.237419 -0.949084 0.207054 
vn -0.212425 -0.971613 0.104138 
vn -0.804441 -0.584833 -0.104138 
vn -0.825681 -0.564137 -3.49242e-16 
vn -0.77377 -0.598672 -0.207054 
vn -0.804441 -0.584833 -0.104138 
vn -0.740774 -0.604898 -0.292151 
vn -0.74452 -0.604484 -0.283353 
vn -0.734027 -0.605493 -0.307543 
vn -0.685678 -0.605214 -0.404427 
vn -0.62929 -0.59784 -0.496569 
vn -0.565525 -0.583457 -0.582889 
vn -0.495129 -0.562234 -0.662375 
vn -0.418928 -0.534418 -0.734095 
vn -0.349592 -0.505542 -0.788805 
vn -0.337816 -0.500338 -0.797209 
vn -0.252743 -0.460391 -0.850977 
vn -0.273162 -0.470341 -0.839144 
vn -0.313367 -0.489272 -0.813888 
vn -0.337816 -0.500338 -0.797209 
vn -0.252743 -0.460391 -0.850977 
vn -0.164707 -0.415046 -0.894767 
vn -0.216067 -0.441973 -0.870618 
vn -0.0747396 -0.364836 -0.928067 
vn -0.164707 -0.415046 -0.894767 
vn 0.0161038 -0.310348 -0.950487 
vn -0.0747396 -0.364836 -0.928067 
vn 0.106758 -0.252221 -0.961762 
vn 0.0161038 -0.310348 -0.950487 
vn 0.196161 -0.191138 -0.961762 
vn 0.106758 -0.252221 -0.961762 
vn 0.275634 -0.13352 -0.951945 
vn 0.283265 -0.127813 -0.950487 
vn 0.276541 -0.132843 -0.951776 
vn 0.367047 -0.0629904 -0.928067 
vn 0.446526 0.00257104 -0.894767 
vn 0.520769 0.0681023 -0.850977 
vn 0.588907 0.132835 -0.797209 
vn 0.650141 0.196011 -0.734095 
vn 0.682351 0.231811 -0.693297 
vn 0.703753 0.256888 -0.662375 
vn 0.744069 0.307918 -0.592915 
vn 0.725944 0.284261 -0.626259 
vn 0.749113 0.314754 -0.582889 
vn 0.715399 0.271058 -0.643997 
vn 0.785691 0.368929 -0.496569 
vn 0.813058 0.418779 -0.404427 
vn 0.830892 0.46372 -0.307543 
vn 0.838984 0.503223 -0.207054 
vn 0.837241 0.536827 -0.104138 
vn 0.833615 0.548983 -0.0608573 
vn 0.825681 0.564137 -2.13426e-16 
vn 0.832622 0.551432 -0.0516052 
vn 0.804441 0.584833 0.104138 
vn 0.77377 0.598672 0.207054 
vn 0.734027 0.605493 0.307543 
vn 0.685678 0.605214 0.404427 
vn 0.62929 0.59784 0.496569 
vn 0.639412 0.599591 0.481292 
vn 0.565525 0.583457 0.582889 
vn 0.625391 0.597122 0.502325 
vn 0.495129 0.562234 0.662375 
vn 0.565525 0.583457 0.582889 
vn 0.418928 0.534418 0.734095 
vn 0.495129 0.562234 0.662375 
vn 0.405678 0.529144 0.745273 
vn 0.337816 0.500338 0.797209 
vn 0.372248 0.515317 0.771933 
vn 0.252743 0.460391 0.850977 
vn 0.164707 0.415046 0.894767 
vn 0.0747396 0.364836 0.928067 
vn -0.0161038 0.310348 0.950487 
vn -0.106758 0.252221 0.961762 
vn -0.196161 0.191138 0.961762 
vn -0.208229 0.182596 0.960885 
vn -0.207299 0.183257 0.96096 
vn -0.283265 0.127813 0.950487 
vn -0.367047 0.0629904 0.928067 
vn -0.446526 -0.00257104 0.894767 
vn -0.520769 -0.0681023 0.850977 
vn -0.588907 -0.132835 0.797209 
vn -0.650141 -0.196011 0.734095 
vn -0.703753 -0.256888 0.662375 
vn -0.691361 -0.242228 0.680695 
vn -0.749113 -0.314754 0.582889 
vn -0.713083 -0.268208 0.647748 
vn -0.785691 -0.368929 0.496569 
vn -0.749113 -0.314754 0.582889 
vn -0.813058 -0.418779 0.404427 
vn -0.785691 -0.368929 0.496569 
vn -0.822373 -0.439878 0.360846 
vn -0.830892 -0.46372 0.307543 
vn -0.826447 -0.450482 0.337714 
vn -0.838984 -0.503223 0.207054 
vn -0.837241 -0.536827 0.104138 
vn -0.982365 0.155287 -0.104138 
vn -0.98275 0.18494 -1.35816e-16 
vn -0.970463 0.123813 -0.207054 
vn -0.982365 0.155287 -0.104138 
vn -0.947184 0.0908875 -0.307543 
vn -0.963828 0.112783 -0.241488 
vn -0.970463 0.123813 -0.207054 
vn -0.966396 0.11682 -0.228978 
vn -0.912799 0.0568966 -0.404427 
vn -0.867713 0.0222386 -0.496569 
vn -0.812453 -0.0126801 -0.582889 
vn -0.747668 -0.0474502 -0.662375 
vn -0.674118 -0.0816639 -0.734095 
vn -0.592664 -0.11492 -0.797209 
vn -0.51901 -0.141768 -0.84293 
vn -0.535643 -0.13594 -0.833431 
vn -0.504262 -0.146829 -0.850977 
vn -0.409947 -0.177017 -0.894767 
vn -0.310827 -0.205129 -0.928067 
vn -0.208062 -0.230836 -0.950487 
vn -0.102858 -0.253837 -0.961762 
vn -0.13547 -0.247053 -0.959486 
vn -3.10437e-16 -0.273245 -0.961944 
vn -0.09086 -0.256256 -0.962329 
vn 0.00355224 -0.273862 -0.961762 
vn 3.10437e-16 -0.273245 -0.961944 
vn 0.109921 -0.290676 -0.950487 
vn 0.208948 -0.303399 -0.929672 
vn 0.215 -0.304082 -0.928067 
vn 0.317559 -0.313923 -0.894767 
vn 0.239892 -0.306774 -0.921054 
vn 0.215 -0.304082 -0.928067 
vn 0.416395 -0.320084 -0.850977 
vn 0.510349 -0.322492 -0.797209 
vn 0.438069 -0.320957 -0.839692 
vn 0.416395 -0.320084 -0.850977 
vn 0.588149 -0.321482 -0.742112 
vn 0.59832 -0.321119 -0.734095 
vn 0.679276 -0.315981 -0.662375 
vn 0.752268 -0.307139 -0.582889 
vn 0.81644 -0.294695 -0.496569 
vn 0.791018 -0.30027 -0.533037 
vn 0.793663 -0.299733 -0.529394 
vn 0.752268 -0.307139 -0.582889 
vn 0.87104 -0.278797 -0.404427 
vn 0.839904 -0.288619 -0.459631 
vn 0.81644 -0.294695 -0.496569 
vn 0.915429 -0.25963 -0.307543 
vn 0.87104 -0.278797 -0.404427 
vn 0.949084 -0.237419 -0.207054 
vn 0.919854 -0.257226 -0.296149 
vn 0.915429 -0.25963 -0.307543 
vn 0.971613 -0.212425 -0.104138 
vn 0.98275 -0.18494 1.94023e-17 
vn 0.983227 -0.160334 0.0869375 
vn 0.983982 -0.173278 0.041871 
vn 0.982365 -0.155287 0.104138 
vn 0.98275 -0.18494 1.94023e-17 
vn 0.970463 -0.123813 0.207054 
vn 0.973505 -0.129707 0.188319 
vn 0.954267 -0.0995015 0.281911 
vn 0.947184 -0.0908875 0.307543 
vn 0.950087 -0.0943187 0.297387 
vn 0.912799 -0.0568966 0.404427 
vn 0.94471 -0.0880586 0.315863 
vn 0.947184 -0.0908875 0.307543 
vn 0.867713 -0.0222386 0.496569 
vn 0.812453 0.0126801 0.582889 
vn 0.750652 0.0459575 0.659097 
vn 0.759007 0.0417283 0.649744 
vn 0.747668 0.0474502 0.662375 
vn 0.681254 0.0785391 0.727822 
vn 0.674118 0.0816639 0.734095 
vn 0.592664 0.11492 0.797209 
vn 0.608502 0.108773 0.786062 
vn 0.601059 0.11168 0.791363 
vn 0.504262 0.146829 0.850977 
vn 0.573331 0.122235 0.810154 
vn 0.409947 0.177017 0.894767 
vn 0.504262 0.146829 0.850977 
vn 0.310827 0.205129 0.928067 
vn 0.333835 0.198907 0.921407 
vn 0.253484 0.219883 0.942018 
vn 0.208062 0.230836 0.950487 
vn 0.102858 0.253837 0.961762 
vn -0.00355224 0.273862 0.961762 
vn -0.109921 0.290676 0.950487 
vn -0.110202 0.290716 0.950442 
vn -0.215 0.304082 0.928067 
vn -0.114589 0.29134 0.949732 
vn -0.317559 0.313923 0.894767 
vn -0.215 0.304082 0.928067 
vn -0.416395 0.320084 0.850977 
vn -0.317559 0.313923 0.894767 
vn -0.510349 0.322492 0.797209 
vn -0.416395 0.320084 0.850977 
vn -0.59832 0.321119 0.734095 
vn -0.510349 0.322492 0.797209 
vn -0.679276 0.315981 0.662375 
vn -0.59832 0.321119 0.734095 
vn -0.752268 0.307139 0.582889 
vn -0.739946 0.308973 0.597508 
vn -0.683089 0.315629 0.65861 
vn -0.730688 0.310251 0.608143 
vn -0.7088 0.312961 0.632185 
vn -0.679276 0.315981 0.662375 
vn -0.81644 0.294695 0.496569 
vn -0.87104 0.278797 0.404427 
vn -0.915429 0.25963 0.307543 
vn -0.949084 0.237419 0.207054 
vn -0.971613 0.212425 0.104138 
vn -0.961383 0.225667 0.157532 
vn -0.953623 0.233437 0.190028 
vn -0.949084 0.237419 0.207054 
vn -0.320313 -0.68796 -0.651238 
vn -0.41325 -0.632533 -0.655078 
vn -0.223622 -0.735321 -0.639763 
vn -0.320313 -0.68796 -0.651238 
vn -0.151083 -0.764564 -0.62659 
vn -0.163595 -0.75989 -0.62913 
vn -0.124308 -0.774062 -0.620787 
vn -0.0235372 -0.803727 -0.594533 
vn 0.0775097 -0.823969 -0.561308 
vn -1.28055e-15 -0.80929 -0.587409 
vn -0.0235372 -0.803727 -0.594533 
vn 0.177648 -0.834551 -0.521503 
vn 0.275703 -0.835349 -0.475584 
vn 0.280303 -0.835142 -0.473252 
vn 0.370526 -0.826353 -0.424088 
vn 0.332771 -0.831153 -0.445476 
vn 0.275703 -0.835349 -0.475584 
vn 0.370526 -0.826353 -0.424088 
vn 0.461005 -0.807669 -0.367621 
vn 0.426487 -0.816056 -0.390078 
vn 0.546079 -0.779515 -0.306844 
vn 0.475569 -0.803632 -0.357785 
vn 0.624751 -0.742223 -0.242469 
vn 0.546079 -0.779515 -0.306844 
vn 0.696098 -0.696228 -0.175252 
vn 0.624751 -0.742223 -0.242469 
vn 0.759284 -0.642071 -0.10598 
vn 0.696098 -0.696228 -0.175252 
vn 0.813568 -0.580387 -0.0354652 
vn 0.759284 -0.642071 -0.10598 
vn 0.838644 -0.544675 0.00234653 
vn 0.858314 -0.511897 0.0354652 
vn 0.841456 -0.540282 0.00686868 
vn 0.892997 -0.437407 0.10598 
vn 0.91721 -0.357788 0.175252 
vn 0.93067 -0.273974 0.242469 
vn 0.933219 -0.186948 0.306844 
vn 0.924826 -0.0977305 0.367621 
vn 0.905591 -0.00736713 0.424088 
vn 0.907768 -0.0155447 0.419185 
vn 0.875738 0.0830826 0.475584 
vn 0.899552 0.0138097 0.436596 
vn 0.882391 0.0654524 0.465942 
vn 0.835618 0.172558 0.521503 
vn 0.862484 0.115396 0.492752 
vn 0.875738 0.0830826 0.475584 
vn 0.785702 0.260011 0.561308 
vn 0.726574 0.344415 0.594533 
vn 0.658927 0.424781 0.620787 
vn 0.589499 0.494667 0.638589 
vn 0.583555 0.500168 0.639763 
vn 0.501341 0.56969 0.651238 
vn 0.579537 0.503846 0.640527 
vn 0.583555 0.500168 0.639763 
vn 0.41325 0.632533 0.655078 
vn 0.320313 0.68796 0.651238 
vn 0.223622 0.735321 0.639763 
vn 0.124308 0.774062 0.620787 
vn 0.0235372 0.803727 0.594533 
vn -0.0775097 0.823969 0.561308 
vn -0.177648 0.834551 0.521503 
vn -0.275703 0.835349 0.475584 
vn -0.240788 0.836192 0.492752 
vn -0.294521 0.834359 0.465942 
vn -0.348707 0.82933 0.436596 
vn -0.370526 0.826353 0.424088 
vn -0.461005 0.807669 0.367621 
vn -0.378889 0.825062 0.419185 
vn -0.370526 0.826353 0.424088 
vn -0.546079 0.779515 0.306844 
vn -0.624751 0.742223 0.242469 
vn -0.696098 0.696228 0.175252 
vn -0.759284 0.642071 0.10598 
vn -0.813568 0.580387 0.0354652 
vn -0.835683 0.549206 0.00234653 
vn -0.83279 0.553546 0.00686868 
vn -0.858314 0.511897 -0.0354652 
vn -0.892997 0.437407 -0.10598 
vn -0.91721 0.357788 -0.175252 
vn -0.93067 0.273974 -0.242469 
vn -0.933219 0.186948 -0.306844 
vn -0.92698 0.11269 -0.357785 
vn -0.924826 0.0977305 -0.367621 
vn -0.905591 0.00736713 -0.424088 
vn -0.918641 0.0627502 -0.390078 
vn -0.924826 0.0977305 -0.367621 
vn -0.877397 -0.0787871 -0.473252 
vn -0.875738 -0.0830826 -0.475584 
vn -0.89482 -0.0291356 -0.445476 
vn -0.835618 -0.172558 -0.521503 
vn -0.785702 -0.260011 -0.561308 
vn -0.726574 -0.344415 -0.594533 
vn -0.658927 -0.424781 -0.620787 
vn -0.639474 -0.445486 -0.62659 
vn -0.583555 -0.500168 -0.639763 
vn -0.630167 -0.455066 -0.62913 
vn -0.501341 -0.56969 -0.651238 
vn 0.68796 -0.320313 0.651238 
vn 0.632533 -0.41325 0.655078 
vn 0.735321 -0.223622 0.639763 
vn 0.68796 -0.320313 0.651238 
vn 0.774062 -0.124308 0.620787 
vn 0.735321 -0.223622 0.639763 
vn 0.803727 -0.0235372 0.594533 
vn 0.776751 -0.116354 0.618967 
vn 0.782359 -0.0991602 0.614884 
vn 0.774062 -0.124308 0.620787 
vn 0.803727 -0.0235372 0.594533 
vn 0.823969 0.0775097 0.561308 
vn 0.834551 0.177648 0.521503 
vn 0.835349 0.275703 0.475584 
vn 0.826353 0.370526 0.424088 
vn 0.814353 0.434068 0.385246 
vn 0.821288 0.400711 0.406099 
vn 0.826353 0.370526 0.424088 
vn 0.807669 0.461005 0.367621 
vn 0.779515 0.546079 0.306844 
vn 0.742223 0.624751 0.242469 
vn 0.696228 0.696098 0.175252 
vn 0.642071 0.759284 0.10598 
vn 0.663416 0.736463 0.132294 
vn 0.580387 0.813568 0.0354652 
vn 0.511897 0.858314 -0.0354652 
vn 0.437407 0.892997 -0.10598 
vn 0.507706 0.86062 -0.0396011 
vn 0.511897 0.858314 -0.0354652 
vn 0.357788 0.91721 -0.175252 
vn 0.407933 0.903376 -0.132294 
vn 0.273974 0.93067 -0.242469 
vn 0.186948 0.933219 -0.306844 
vn 0.0977305 0.924826 -0.367621 
vn 0.00736713 0.905591 -0.424088 
vn -0.0830826 0.875738 -0.475584 
vn -0.0643431 0.882796 -0.465329 
vn -0.172558 0.835618 -0.521503 
vn -0.111348 0.86422 -0.490638 
vn -0.260011 0.785702 -0.561308 
vn -0.172558 0.835618 -0.521503 
vn -0.344415 0.726574 -0.594533 
vn -0.260011 0.785702 -0.561308 
vn -0.405085 0.676627 -0.614884 
vn -0.418578 0.664585 -0.618967 
vn -0.424781 0.658927 -0.620787 
vn -0.500168 0.583555 -0.639763 
vn -0.56969 0.501341 -0.651238 
vn -0.632533 0.41325 -0.655078 
vn -0.68796 0.320313 -0.651238 
vn -0.735321 0.223622 -0.639763 
vn -0.774062 0.124308 -0.620787 
vn -0.803727 0.0235372 -0.594533 
vn -0.776751 0.116354 -0.618967 
vn -0.782359 0.0991602 -0.614884 
vn -0.774062 0.124308 -0.620787 
vn -0.803727 0.0235372 -0.594533 
vn -0.80929 -2.5223e-16 -0.587409 
vn -0.823969 -0.0775097 -0.561308 
vn -0.834551 -0.177648 -0.521503 
vn -0.836155 -0.245192 -0.490638 
vn -0.835349 -0.275703 -0.475584 
vn -0.826353 -0.370526 -0.424088 
vn -0.834285 -0.295699 -0.465329 
vn -0.835349 -0.275703 -0.475584 
vn -0.807669 -0.461005 -0.367621 
vn -0.779515 -0.546079 -0.306844 
vn -0.742223 -0.624751 -0.242469 
vn -0.696228 -0.696098 -0.175252 
vn -0.642071 -0.759284 -0.10598 
vn -0.663416 -0.736463 -0.132294 
vn -0.580387 -0.813568 -0.0354652 
vn -0.584182 -0.810656 -0.0396011 
vn -0.511897 -0.858314 0.0354652 
vn -0.437407 -0.892997 0.10598 
vn -0.357788 -0.91721 0.175252 
vn -0.407933 -0.903376 0.132294 
vn -0.437407 -0.892997 0.10598 
vn -0.273974 -0.93067 0.242469 
vn -0.186948 -0.933219 0.306844 
vn -0.0977305 -0.924826 0.367621 
vn -0.0703771 -0.920126 0.385246 
vn -0.0370434 -0.913078 0.406099 
vn -0.00736713 -0.905591 0.424088 
vn 0.0830826 -0.875738 0.475584 
vn 0.172558 -0.835618 0.521503 
vn 0.260011 -0.785702 0.561308 
vn 0.344415 -0.726574 0.594533 
vn 0.405085 -0.676627 0.614884 
vn 0.418578 -0.664585 0.618967 
vn 0.424781 -0.658927 0.620787 
vn 0.500168 -0.583555 0.639763 
vn 0.56969 -0.501341 0.651238 
vn -0.320313 -0.68796 0.651238 
vn -0.41325 -0.632533 0.655078 
vn -0.223622 -0.735321 0.639763 
vn -0.228604 -0.73312 0.640527 
vn -0.124308 -0.774062 0.620787 
vn -0.216196 -0.738555 0.638589 
vn -0.0235372 -0.803727 0.594533 
vn -0.124308 -0.774062 0.620787 
vn 0.0775097 -0.823969 0.561308 
vn 1.82382e-15 -0.80929 0.587409 
vn -0.0235372 -0.803727 0.594533 
vn 0.177648 -0.834551 0.521503 
vn 0.275703 -0.835349 0.475584 
vn 0.240788 -0.836192 0.492752 
vn 0.294521 -0.834359 0.465942 
vn 0.348707 -0.82933 0.436596 
vn 0.370526 -0.826353 0.424088 
vn 0.461005 -0.807669 0.367621 
vn 0.378889 -0.825062 0.419185 
vn 0.370526 -0.826353 0.424088 
vn 0.546079 -0.779515 0.306844 
vn 0.624751 -0.742223 0.242469 
vn 0.696098 -0.696228 0.175252 
vn 0.759284 -0.642071 0.10598 
vn 0.813568 -0.580387 0.0354652 
vn 0.835683 -0.549206 0.00234653 
vn 0.83279 -0.553546 0.00686868 
vn 0.858314 -0.511897 -0.0354652 
vn 0.892997 -0.437407 -0.10598 
vn 0.91721 -0.357788 -0.175252 
vn 0.93067 -0.273974 -0.242469 
vn 0.933219 -0.186948 -0.306844 
vn 0.92698 -0.11269 -0.357785 
vn 0.924826 -0.0977305 -0.367621 
vn 0.905591 -0.00736713 -0.424088 
vn 0.918641 -0.0627502 -0.390078 
vn 0.924826 -0.0977305 -0.367621 
vn 0.877397 0.0787871 -0.473252 
vn 0.875738 0.0830826 -0.475584 
vn 0.89482 0.0291356 -0.445476 
vn 0.835618 0.172558 -0.521503 
vn 0.785702 0.260011 -0.561308 
vn 0.726574 0.344415 -0.594533 
vn 0.658927 0.424781 -0.620787 
vn 0.639474 0.445486 -0.62659 
vn 0.583555 0.500168 -0.639763 
vn 0.630167 0.455066 -0.62913 
vn 0.501341 0.56969 -0.651238 
vn 0.41325 0.632533 -0.655078 
vn 0.320313 0.68796 -0.651238 
vn 0.223622 0.735321 -0.639763 
vn 0.151083 0.764564 -0.62659 
vn 0.163595 0.75989 -0.62913 
vn 0.124308 0.774062 -0.620787 
vn 0.0235372 0.803727 -0.594533 
vn -0.0775097 0.823969 -0.561308 
vn -0.177648 0.834551 -0.521503 
vn -0.275703 0.835349 -0.475584 
vn -0.280303 0.835142 -0.473252 
vn -0.370526 0.826353 -0.424088 
vn -0.332771 0.831153 -0.445476 
vn -0.275703 0.835349 -0.475584 
vn -0.370526 0.826353 -0.424088 
vn -0.461005 0.807669 -0.367621 
vn -0.426487 0.816056 -0.390078 
vn -0.546079 0.779515 -0.306844 
vn -0.475569 0.803632 -0.357785 
vn -0.624751 0.742223 -0.242469 
vn -0.546079 0.779515 -0.306844 
vn -0.696098 0.696228 -0.175252 
vn -0.624751 0.742223 -0.242469 
vn -0.759284 0.642071 -0.10598 
vn -0.696098 0.696228 -0.175252 
vn -0.813568 0.580387 -0.0354652 
vn -0.759284 0.642071 -0.10598 
vn -0.838644 0.544675 0.00234653 
vn -0.858314 0.511897 0.0354652 
vn -0.841456 0.540282 0.00686868 
vn -0.892997 0.437407 0.10598 
vn -0.91721 0.357788 0.175252 
vn -0.93067 0.273974 0.242469 
vn -0.933219 0.186948 0.306844 
vn -0.924826 0.0977305 0.367621 
vn -0.905591 0.00736713 0.424088 
vn -0.907768 0.0155447 0.419185 
vn -0.875738 -0.0830826 0.475584 
vn -0.899552 -0.0138097 0.436596 
vn -0.882391 -0.0654524 0.465942 
vn -0.835618 -0.172558 0.521503 
vn -0.862484 -0.115396 0.492752 
vn -0.875738 -0.0830826 0.475584 
vn -0.785702 -0.260011 0.561308 
vn -0.726574 -0.344415 0.594533 
vn -0.658927 -0.424781 0.620787 
vn -0.583555 -0.500168 0.639763 
vn -0.501341 -0.56969 0.651238 
vn 0.68796 -0.320313 -0.651238 
vn 0.632533 -0.41325 -0.655078 
vn 0.735321 -0.223622 -0.639763 
vn 0.68796 -0.320313 -0.651238 
vn 0.774062 -0.124308 -0.620787 
vn 0.735321 -0.223622 -0.639763 
vn 0.803727 -0.0235372 -0.594533 
vn 0.776751 -0.116354 -0.618967 
vn 0.782359 -0.0991602 -0.614884 
vn 0.774062 -0.124308 -0.620787 
vn 0.803727 -0.0235372 -0.594533 
vn 0.823969 0.0775097 -0.561308 
vn 0.834551 0.177648 -0.521503 
vn 0.836155 0.245192 -0.490638 
vn 0.835349 0.275703 -0.475584 
vn 0.826353 0.370526 -0.424088 
vn 0.834285 0.295699 -0.465329 
vn 0.835349 0.275703 -0.475584 
vn 0.807669 0.461005 -0.367621 
vn 0.779515 0.546079 -0.306844 
vn 0.742223 0.624751 -0.242469 
vn 0.696228 0.696098 -0.175252 
vn 0.642071 0.759284 -0.10598 
vn 0.663416 0.736463 -0.132294 
vn 0.580387 0.813568 -0.0354652 
vn 0.584182 0.810656 -0.0396011 
vn 0.511897 0.858314 0.0354652 
vn 0.437407 0.892997 0.10598 
vn 0.357788 0.91721 0.175252 
vn 0.407933 0.903376 0.132294 
vn 0.437407 0.892997 0.10598 
vn 0.273974 0.93067 0.242469 
vn 0.186948 0.933219 0.306844 
vn 0.0977305 0.924826 0.367621 
vn 0.0703771 0.920126 0.385246 
vn 0.0370434 0.913078 0.406099 
vn 0.00736713 0.905591 0.424088 
vn -0.0830826 0.875738 0.475584 
vn -0.172558 0.835618 0.521503 
vn -0.260011 0.785702 0.561308 
vn -0.344415 0.726574 0.594533 
vn -0.405085 0.676627 0.614884 
vn -0.418578 0.664585 0.618967 
vn -0.424781 0.658927 0.620787 
vn -0.500168 0.583555 0.639763 
vn -0.56969 0.501341 0.651238 
vn -0.632533 0.41325 0.655078 
vn -0.68796 0.320313 0.651238 
vn -0.735321 0.223622 0.639763 
vn -0.774062 0.124308 0.620787 
vn -0.803727 0.0235372 0.594533 
vn -0.776751 0.116354 0.618967 
vn -0.782359 0.0991602 0.614884 
vn -0.774062 0.124308 0.620787 
vn -0.803727 0.0235372 0.594533 
vn -0.80929 2.69692e-15 0.587409 
vn -0.823969 -0.0775097 0.561308 
vn -0.834551 -0.177648 0.521503 
vn -0.835349 -0.275703 0.475584 
vn -0.826353 -0.370526 0.424088 
vn -0.814353 -0.434068 0.385246 
vn -0.821288 -0.400711 0.406099 
vn -0.826353 -0.370526 0.424088 
vn -0.807669 -0.461005 0.367621 
vn -0.779515 -0.546079 0.306844 
vn -0.742223 -0.624751 0.242469 
vn -0.696228 -0.696098 0.175252 
vn -0.642071 -0.759284 0.10598 
vn -0.663416 -0.736463 0.132294 
vn -0.580387 -0.813568 0.0354652 
vn -0.511897 -0.858314 -0.0354652 
vn -0.437407 -0.892997 -0.10598 
vn -0.507706 -0.86062 -0.0396011 
vn -0.511897 -0.858314 -0.0354652 
vn -0.357788 -0.91721 -0.175252 
vn -0.407933 -0.903376 -0.132294 
vn -0.273974 -0.93067 -0.242469 
vn -0.186948 -0.933219 -0.306844 
vn -0.0977305 -0.924826 -0.367621 
vn -0.00736713 -0.905591 -0.424088 
vn 0.0830826 -0.875738 -0.475584 
vn 0.0643431 -0.882796 -0.465329 
vn 0.172558 -0.835618 -0.521503 
vn 0.111348 -0.86422 -0.490638 
vn 0.260011 -0.785702 -0.561308 
vn 0.172558 -0.835618 -0.521503 
vn 0.344415 -0.726574 -0.594533 
vn 0.260011 -0.785702 -0.561308 
vn 0.405085 -0.676627 -0.614884 
vn 0.418578 -0.664585 -0.618967 
vn 0.424781 -0.658927 -0.620787 
vn 0.500168 -0.583555 -0.639763 
vn 0.56969 -0.501341 -0.651238 
vn -0.453224 -0.891397 0 
vn -0.546944 -0.837169 0 
vn -0.35419 -0.935173 0 
vn -0.362406 -0.93202 0 
vn -0.251004 -0.967986 0 
vn -0.144875 -0.98945 0 
vn -0.24688 -0.969046 0 
vn -0.228601 -0.97352 0 
vn -0.251004 -0.967986 0 
vn -0.144875 -0.98945 0 
vn -0.0370472 -0.999314 0 
vn 0.0712147 -0.997461 0 
vn 1.66533e-15 -1 0 
vn -0.0370472 -0.999314 0 
vn 0.178642 -0.983914 0 
vn 0.283974 -0.958832 0 
vn 0.385978 -0.922508 0 
vn 0.483456 -0.875369 0 
vn 0.575266 -0.817967 0 
vn 0.597165 -0.802118 0 
vn 0.660331 -0.750974 0 
vn 0.611665 -0.791117 0 
vn 0.737655 -0.675178 0 
vn 0.707512 -0.706701 0 
vn 0.80633 -0.591465 0 
vn 0.865552 -0.500819 0 
vn 0.914626 -0.4043 0 
vn 0.952977 -0.303042 0 
vn 0.931386 -0.364034 0 
vn 0.914626 -0.4043 0 
vn 0.974439 -0.224652 0 
vn 0.970189 -0.242349 0 
vn 0.980156 -0.19823 0 
vn 0.995842 -0.0910947 0 
vn 0.999854 0.0171088 0 
vn 0.992143 0.125112 0 
vn 0.9728 0.231648 0 
vn 0.942052 0.335468 0 
vn 0.900259 0.435355 0 
vn 0.847911 0.530138 0 
vn 0.79969 0.600413 0 
vn 0.78825 0.615355 0 
vn 0.785623 0.618706 0 
vn 0.714123 0.70002 0 
vn 0.634252 0.773127 0 
vn 0.707936 0.706277 0 
vn 0.714123 0.70002 0 
vn 0.546944 0.837169 0 
vn 0.453224 0.891397 0 
vn 0.35419 0.935173 0 
vn 0.362406 0.93202 0 
vn 0.251004 0.967986 0 
vn 0.144875 0.98945 0 
vn 0.24688 0.969046 0 
vn 0.228601 0.97352 0 
vn 0.251004 0.967986 0 
vn 0.144875 0.98945 0 
vn 0.0370472 0.999314 0 
vn -0.0712147 0.997461 0 
vn -0.178642 0.983914 0 
vn -0.283974 0.958832 0 
vn -0.385978 0.922508 0 
vn -0.483456 0.875369 0 
vn -0.575266 0.817967 0 
vn -0.597165 0.802118 0 
vn -0.660331 0.750974 0 
vn -0.611665 0.791117 0 
vn -0.737655 0.675178 0 
vn -0.707512 0.706701 0 
vn -0.80633 0.591465 0 
vn -0.865552 0.500819 0 
vn -0.914626 0.4043 0 
vn -0.952977 0.303042 0 
vn -0.931386 0.364034 0 
vn -0.914626 0.4043 0 
vn -0.974439 0.224652 0 
vn -0.970189 0.242349 0 
vn -0.980156 0.19823 0 
vn -0.995842 0.0910947 0 
vn -0.999854 -0.0171088 0 
vn -0.992143 -0.125112 0 
vn -0.9728 -0.231648 0 
vn -0.942052 -0.335468 0 
vn -0.900259 -0.435355 0 
vn -0.847911 -0.530138 0 
vn -0.79969 -0.600413 0 
vn -0.78825 -0.615355 0 
vn -0.785623 -0.618706 0 
vn -0.714123 -0.70002 0 
vn -0.634252 -0.773127 0 
vn -0.707936 -0.706277 0 
vn -0.714123 -0.70002 0 
vn 0.453224 0.891397 0 
vn 0.453755 0.89105 -0.0116897 
vn 0.355245 0.934484 -0.0232424 
vn 0.45534 0.890014 -0.0232424 
vn 0.358398 0.932424 -0.0462123 
vn 0.457962 0.888301 -0.0345226 
vn 0.363611 0.929019 -0.0686404 
vn 0.46159 0.885931 -0.045398 
vn 0.370824 0.924306 -0.0902637 
vn 0.46618 0.882932 -0.0557412 
vn 0.379951 0.918343 -0.110829 
vn 0.47168 0.879339 -0.0654308 
vn 0.390887 0.911199 -0.130095 
vn 0.478025 0.875193 -0.0743534 
vn 0.403502 0.902957 -0.147835 
vn 0.48514 0.870545 -0.0824042 
vn 0.417649 0.893714 -0.163842 
vn 0.492943 0.865447 -0.0894889 
vn 0.433162 0.883579 -0.177929 
vn 0.50134 0.859961 -0.0955245 
vn 0.449859 0.872671 -0.189929 
vn 0.510235 0.85415 -0.10044 
vn 0.467544 0.861116 -0.199703 
vn 0.519523 0.848082 -0.104178 
vn 0.486011 0.849052 -0.207135 
vn 0.529094 0.841829 -0.106695 
vn 0.505042 0.836618 -0.212139 
vn 0.538838 0.835463 -0.10796 
vn 0.524414 0.823962 -0.214655 
vn 0.548638 0.82906 -0.10796 
vn 0.5439 0.811231 -0.214655 
vn 0.558381 0.822695 -0.106695 
vn 0.563272 0.798575 -0.212139 
vn 0.567953 0.816441 -0.104178 
vn 0.582303 0.786141 -0.207135 
vn 0.577241 0.810373 -0.10044 
vn 0.600769 0.774077 -0.199703 
vn 0.586135 0.804562 -0.0955245 
vn 0.618455 0.762523 -0.189929 
vn 0.594533 0.799076 -0.0894889 
vn 0.635152 0.751614 -0.177929 
vn 0.602335 0.793978 -0.0824042 
vn 0.650665 0.741479 -0.163842 
vn 0.609451 0.78933 -0.0743534 
vn 0.664812 0.732236 -0.147835 
vn 0.615795 0.785185 -0.0654308 
vn 0.677427 0.723994 -0.130095 
vn 0.621295 0.781591 -0.0557412 
vn 0.688363 0.71685 -0.110829 
vn 0.625886 0.778592 -0.045398 
vn 0.69749 0.710887 -0.0902637 
vn 0.629514 0.776222 -0.0345226 
vn 0.704703 0.706175 -0.0686404 
vn 0.632136 0.774509 -0.0232424 
vn 0.709916 0.702769 -0.0462123 
vn 0.633721 0.773473 -0.0116897 
vn 0.713069 0.700709 -0.0232424 
vn 0.634252 0.773127 2.25068e-17 
vn 0.714123 0.70002 4.47497e-17 
vn 0.633721 0.773473 0.0116897 
vn 0.713069 0.700709 0.0232424 
vn 0.632136 0.774509 0.0232424 
vn 0.709916 0.702769 0.0462123 
vn 0.629514 0.776222 0.0345226 
vn 0.704703 0.706175 0.0686404 
vn 0.625886 0.778592 0.045398 
vn 0.69749 0.710887 0.0902637 
vn 0.621295 0.781591 0.0557412 
vn 0.688363 0.71685 0.110829 
vn 0.615795 0.785185 0.0654308 
vn 0.677427 0.723994 0.130095 
vn 0.609451 0.78933 0.0743534 
vn 0.664812 0.732236 0.147835 
vn 0.602335 0.793978 0.0824042 
vn 0.650665 0.741479 0.163842 
vn 0.594533 0.799076 0.0894889 
vn 0.635152 0.751614 0.177929 
vn 0.586135 0.804562 0.0955245 
vn 0.618455 0.762523 0.189929 
vn 0.577241 0.810373 0.10044 
vn 0.600769 0.774077 0.199703 
vn 0.567953 0.816441 0.104178 
vn 0.582303 0.786141 0.207135 
vn 0.558381 0.822695 0.106695 
vn 0.563272 0.798575 0.212139 
vn 0.548638 0.82906 0.10796 
vn 0.5439 0.811231 0.214655 
vn 0.538838 0.835463 0.10796 
vn 0.524414 0.823962 0.214655 
vn 0.46159 0.885931 0.045398 
vn 0.457962 0.888301 0.0345226 
vn 0.363611 0.929019 0.0686404 
vn 0.45534 0.890014 0.0232424 
vn 0.358398 0.932424 0.0462123 
vn 0.453755 0.89105 0.0116897 
vn 0.355245 0.934484 0.0232424 
vn 0.35419 0.935173 0 
vn 0.252571 0.966962 -0.0345226 
vn 0.257254 0.963903 -0.0686404 
vn 0.264997 0.958844 -0.101953 
vn 0.27571 0.951845 -0.134071 
vn 0.368303 0.891352 -0.264282 
vn 0.393103 0.875149 -0.282107 
vn 0.419372 0.857987 -0.296624 
vn 0.446801 0.840067 -0.307663 
vn 0.475068 0.8216 -0.315095 
vn 0.503842 0.802801 -0.318833 
vn 0.532785 0.783891 -0.318833 
vn 0.561559 0.765092 -0.315095 
vn 0.589826 0.746625 -0.307663 
vn 0.617255 0.728705 -0.296624 
vn 0.643523 0.711543 -0.282107 
vn 0.668324 0.69534 -0.264282 
vn 0.691366 0.680286 -0.24336 
vn 0.77163 0.627848 -0.101953 
vn 0.779373 0.622789 -0.0686404 
vn 0.784056 0.61973 -0.0345226 
vn 0.785623 0.618706 6.6468e-17 
vn 0.784056 0.61973 0.0345226 
vn 0.779373 0.622789 0.0686404 
vn 0.77163 0.627848 0.101953 
vn 0.760917 0.634847 0.134071 
vn 0.747359 0.643704 0.164617 
vn 0.731116 0.654316 0.193233 
vn 0.712379 0.666558 0.219583 
vn 0.691366 0.680286 0.24336 
vn 0.668324 0.69534 0.264282 
vn 0.643523 0.711543 0.282107 
vn 0.617255 0.728705 0.296624 
vn 0.589826 0.746625 0.307663 
vn 0.561559 0.765092 0.315095 
vn 0.532785 0.783891 0.318833 
vn 0.370824 0.924306 0.0902637 
vn 0.264997 0.958844 0.101953 
vn 0.257254 0.963903 0.0686404 
vn 0.252571 0.966962 0.0345226 
vn 0.251004 0.967986 0 
vn 0.146935 0.988104 -0.045398 
vn 0.153093 0.984081 -0.0902637 
vn 0.366283 0.844799 -0.390067 
vn 0.402352 0.821234 -0.404584 
vn 0.439524 0.796948 -0.414358 
vn 0.477362 0.772227 -0.419273 
vn 0.515424 0.747361 -0.419273 
vn 0.553262 0.72264 -0.414358 
vn 0.590434 0.698355 -0.404584 
vn 0.626503 0.67479 -0.390067 
vn 0.661047 0.652221 -0.370977 
vn 0.845851 0.531484 -0.045398 
vn 0.847911 0.530138 8.7407e-17 
vn 0.845851 0.531484 0.045398 
vn 0.839693 0.535507 0.0902637 
vn 0.82951 0.54216 0.134071 
vn 0.815422 0.551364 0.176307 
vn 0.797594 0.563012 0.216475 
vn 0.776234 0.576967 0.254106 
vn 0.751594 0.593065 0.288758 
vn 0.723961 0.611118 0.320024 
vn 0.693661 0.630914 0.347538 
vn 0.661047 0.652221 0.370977 
vn 0.626503 0.67479 0.390067 
vn 0.590434 0.698355 0.404584 
vn 0.553262 0.72264 0.414358 
vn 0.515424 0.747361 0.419273 
vn 0.503842 0.802801 0.318833 
vn 0.477362 0.772227 0.419273 
vn 0.27571 0.951845 0.134071 
vn 0.163276 0.977428 0.134071 
vn 0.153093 0.984081 0.0902637 
vn 0.146935 0.988104 0.045398 
vn 0.144875 0.98945 0 
vn 0.0395773 0.997661 -0.0557412 
vn 0.047138 0.992721 -0.110829 
vn 0.331739 0.867367 -0.370977 
vn 0.308899 0.821706 -0.478938 
vn 0.353186 0.792772 -0.496762 
vn 0.398827 0.762954 -0.508762 
vn 0.445286 0.7326 -0.514798 
vn 0.49202 0.702068 -0.514798 
vn 0.538479 0.671715 -0.508762 
vn 0.58412 0.641897 -0.496762 
vn 0.628407 0.612963 -0.478938 
vn 0.670821 0.585253 -0.455498 
vn 0.839693 0.535507 -0.0902637 
vn 0.897729 0.437008 -0.0557412 
vn 0.900259 0.435355 1.07321e-16 
vn 0.897729 0.437008 0.0557412 
vn 0.890168 0.441948 0.110829 
vn 0.748069 0.534785 0.392936 
vn 0.710865 0.559091 0.426718 
vn 0.670821 0.585253 0.455498 
vn 0.628407 0.612963 0.478938 
vn 0.58412 0.641897 0.496762 
vn 0.538479 0.671715 0.508762 
vn 0.49202 0.702068 0.514798 
vn 0.445286 0.7326 0.514798 
vn 0.439524 0.796948 0.414358 
vn 0.398827 0.762954 0.508762 
vn 0.195192 0.956576 0.216475 
vn 0.177364 0.968224 0.176307 
vn 0.0769382 0.973252 0.216475 
vn 0.0596404 0.984553 0.164617 
vn 0.047138 0.992721 0.110829 
vn 0.0395773 0.997661 0.0557412 
vn 0.0370472 0.999314 0 
vn -0.0682448 0.995521 -0.0654308 
vn -0.0593699 0.989722 -0.130095 
vn 0.226441 0.875577 -0.426718 
vn 0.266485 0.849416 -0.455498 
vn 0.198107 0.821506 -0.534679 
vn 0.247894 0.788979 -0.562193 
vn 0.29988 0.755015 -0.583116 
vn 0.353454 0.720014 -0.597202 
vn 0.40799 0.684384 -0.604287 
vn 0.462847 0.648545 -0.604287 
vn 0.517383 0.612915 -0.597202 
vn 0.570957 0.577914 -0.583116 
vn 0.622943 0.54395 -0.562193 
vn 0.67273 0.511423 -0.534679 
vn 0.710865 0.559091 -0.426718 
vn 0.719734 0.480714 -0.500896 
vn 0.890168 0.441948 -0.110829 
vn 0.939082 0.337408 -0.0654308 
vn 0.942052 0.335468 1.25977e-16 
vn 0.939082 0.337408 0.0654308 
vn 0.781997 0.512619 0.354546 
vn 0.763406 0.452182 0.461241 
vn 0.719734 0.480714 0.500896 
vn 0.67273 0.511423 0.534679 
vn 0.622943 0.54395 0.562193 
vn 0.570957 0.577914 0.583116 
vn 0.517383 0.612915 0.597202 
vn 0.462847 0.648545 0.604287 
vn 0.40799 0.684384 0.604287 
vn 0.353454 0.720014 0.597202 
vn 0.353186 0.792772 0.496762 
vn 0.29988 0.755015 0.583116 
vn 0.308899 0.821706 0.478938 
vn 0.247894 0.788979 0.562193 
vn 0.266485 0.849416 0.455498 
vn 0.198107 0.821506 0.534679 
vn 0.226441 0.875577 0.426718 
vn 0.151102 0.852215 0.500896 
vn 0.189237 0.899884 0.392936 
vn 0.107431 0.880747 0.461241 
vn 0.155309 0.92205 0.354546 
vn 0.067605 0.906766 0.416178 
vn 0.125055 0.941816 0.312 
vn 0.0320913 0.929969 0.366236 
vn 0.0988285 0.95895 0.265796 
vn 0.00130618 0.950081 0.312 
vn -0.0243894 0.966869 0.254106 
vn -0.0446941 0.980134 0.193233 
vn -0.0593699 0.989722 0.130095 
vn -0.0682448 0.995521 0.0654308 
vn -0.0712147 0.997461 0 
vn -0.175267 0.981709 -0.0743534 
vn -0.165182 0.97512 -0.147835 
vn -0.0446941 0.980134 -0.193233 
vn -0.148505 0.964225 -0.219583 
vn -0.0243894 0.966869 -0.254106 
vn -0.125431 0.94915 -0.288758 
vn 0.00130618 0.950081 -0.312 
vn -0.0962315 0.930073 -0.354546 
vn 0.0320913 0.929969 -0.366236 
vn -0.0612483 0.907218 -0.416178 
vn 0.067605 0.906766 -0.416178 
vn -0.0208917 0.880852 -0.472931 
vn 0.107431 0.880747 -0.461241 
vn 0.0243653 0.851284 -0.524138 
vn 0.151102 0.852215 -0.500896 
vn 0.0739919 0.818862 -0.569201 
vn 0.127407 0.783965 -0.607591 
vn 0.183983 0.747002 -0.638857 
vn 0.243057 0.708407 -0.662633 
vn 0.610175 0.46856 -0.638857 
vn 0.666751 0.431597 -0.607591 
vn 0.720166 0.3967 -0.569201 
vn 0.763406 0.452182 -0.461241 
vn 0.769793 0.364278 -0.524138 
vn 0.803232 0.426163 -0.416178 
vn 0.81505 0.33471 -0.472931 
vn 0.838746 0.402961 -0.366236 
vn 0.855406 0.308344 -0.416178 
vn 0.869531 0.382848 -0.312 
vn 0.890389 0.285489 -0.354546 
vn 0.895226 0.36606 -0.254106 
vn 0.919589 0.266412 -0.288758 
vn 0.915531 0.352795 -0.193233 
vn 0.942663 0.251337 -0.219583 
vn 0.930207 0.343207 -0.130095 
vn 0.95934 0.240442 -0.147835 
vn 0.969425 0.233853 -0.0743534 
vn 0.9728 0.231648 1.43156e-16 
vn 0.969425 0.233853 0.0743534 
vn 0.803232 0.426163 0.416178 
vn 0.769793 0.364278 0.524138 
vn 0.720166 0.3967 0.569201 
vn 0.666751 0.431597 0.607591 
vn 0.610175 0.46856 0.638857 
vn 0.551101 0.507155 0.662633 
vn 0.49022 0.546929 0.67864 
vn 0.428248 0.587418 0.686691 
vn 0.36591 0.628144 0.686691 
vn 0.303938 0.668633 0.67864 
vn 0.243057 0.708407 0.662633 
vn 0.183983 0.747002 0.638857 
vn 0.127407 0.783965 0.607591 
vn 0.0739919 0.818862 0.569201 
vn 0.0243653 0.851284 0.524138 
vn -0.0208917 0.880852 0.472931 
vn -0.0612483 0.907218 0.416178 
vn -0.0962315 0.930073 0.354546 
vn -0.125431 0.94915 0.288758 
vn -0.148505 0.964225 0.219583 
vn -0.165182 0.97512 0.147835 
vn -0.175267 0.981709 0.0743534 
vn -0.178642 0.983914 0 
vn -0.280234 0.956388 -0.0824042 
vn -0.269057 0.949086 -0.163842 
vn -0.250574 0.937011 -0.24336 
vn -0.225002 0.920304 -0.320024 
vn -0.192641 0.899161 -0.392936 
vn -0.15387 0.873831 -0.461241 
vn -0.109143 0.84461 -0.524138 
vn -0.0589862 0.811841 -0.580891 
vn -0.00398606 0.775908 -0.630833 
vn 0.0552121 0.737233 -0.673379 
vn 0.117914 0.696268 -0.708031 
vn 0.183385 0.653494 -0.734381 
vn 0.551101 0.507155 -0.662633 
vn 0.590254 0.387676 -0.708031 
vn 0.652956 0.346711 -0.673379 
vn 0.712154 0.308035 -0.630833 
vn 0.767154 0.272102 -0.580891 
vn 0.817312 0.239333 -0.524138 
vn 0.862038 0.210112 -0.461241 
vn 0.900809 0.184782 -0.392936 
vn 0.93317 0.16364 -0.320024 
vn 0.958742 0.146933 -0.24336 
vn 0.977225 0.134858 -0.163842 
vn 0.988402 0.127555 -0.0824042 
vn 0.992143 0.125112 1.58657e-16 
vn 0.988402 0.127555 0.0824042 
vn 0.95934 0.240442 0.147835 
vn 0.977225 0.134858 0.163842 
vn 0.81505 0.33471 0.472931 
vn 0.767154 0.272102 0.580891 
vn 0.712154 0.308035 0.630833 
vn 0.652956 0.346711 0.673379 
vn 0.590254 0.387676 0.708031 
vn 0.524783 0.43045 0.734381 
vn 0.457311 0.474531 0.752122 
vn 0.388628 0.519403 0.761044 
vn 0.31954 0.56454 0.761044 
vn 0.250858 0.609412 0.752122 
vn 0.183385 0.653494 0.734381 
vn -0.0589862 0.811841 0.580891 
vn -0.109143 0.84461 0.524138 
vn -0.15387 0.873831 0.461241 
vn -0.192641 0.899161 0.392936 
vn -0.283974 0.958832 0 
vn -0.381916 0.919854 -0.0894889 
vn -0.369778 0.911924 -0.177929 
vn -0.349706 0.898811 -0.264282 
vn -0.321935 0.880668 -0.347538 
vn -0.286792 0.857707 -0.426718 
vn -0.244687 0.8302 -0.500896 
vn -0.196116 0.798466 -0.569201 
vn -0.141646 0.76288 -0.630833 
vn -0.0819173 0.723858 -0.685069 
vn -0.0176296 0.681857 -0.731273 
vn 0.0504635 0.63737 -0.768904 
vn 0.121563 0.590918 -0.79752 
vn 0.524783 0.43045 -0.734381 
vn 0.563412 0.302247 -0.768904 
vn 0.631506 0.25776 -0.731273 
vn 0.695793 0.215759 -0.685069 
vn 0.755522 0.176737 -0.630833 
vn 0.809992 0.141151 -0.569201 
vn 0.858563 0.109417 -0.500896 
vn 0.900668 0.0819095 -0.426718 
vn 0.935811 0.0589494 -0.347538 
vn 0.963582 0.0408062 -0.264282 
vn 0.983654 0.0276927 -0.177929 
vn 0.995792 0.0197626 -0.0894889 
vn 0.999854 0.0171088 1.72297e-16 
vn 0.995792 0.0197626 0.0894889 
vn 0.983654 0.0276927 0.177929 
vn 0.958742 0.146933 0.24336 
vn 0.963582 0.0408062 0.264282 
vn 0.93317 0.16364 0.320024 
vn 0.935811 0.0589494 0.347538 
vn 0.900809 0.184782 0.392936 
vn 0.900668 0.0819095 0.426718 
vn 0.862038 0.210112 0.461241 
vn 0.858563 0.109417 0.500896 
vn 0.817312 0.239333 0.524138 
vn 0.809992 0.141151 0.569201 
vn 0.755522 0.176737 0.630833 
vn 0.695793 0.215759 0.685069 
vn 0.631506 0.25776 0.731273 
vn 0.563412 0.302247 0.768904 
vn 0.492313 0.348698 0.79752 
vn 0.419039 0.39657 0.816785 
vn 0.344452 0.4453 0.826475 
vn 0.269424 0.494317 0.826475 
vn 0.194837 0.543047 0.816785 
vn -0.196116 0.798466 0.569201 
vn -0.244687 0.8302 0.500896 
vn -0.286792 0.857707 0.426718 
vn -0.280234 0.956388 0.0824042 
vn -0.385978 0.922508 0 
vn -0.47912 0.872536 -0.0955245 
vn -0.37758 0.806198 -0.455498 
vn -0.332636 0.776835 -0.534679 
vn -0.280789 0.742961 -0.607591 
vn -0.222645 0.704975 -0.673379 
vn -0.158888 0.66332 -0.731273 
vn -0.0902646 0.618487 -0.780594 
vn -0.0175791 0.571 -0.820762 
vn 0.0583162 0.521415 -0.851308 
vn 0.194837 0.543047 -0.816785 
vn 0.136531 0.470315 -0.871873 
vn 0.419039 0.39657 -0.816785 
vn 0.492313 0.348698 -0.79752 
vn 0.45407 0.262859 -0.851308 
vn 0.529966 0.213275 -0.820762 
vn 0.602651 0.165787 -0.780594 
vn 0.671275 0.120954 -0.731273 
vn 0.735032 0.0792995 -0.673379 
vn 0.793175 0.041313 -0.607591 
vn 0.845023 0.00743964 -0.534679 
vn 0.889967 -0.0219235 -0.455498 
vn 0.92748 -0.0464322 -0.370977 
vn 0.995842 -0.0910947 1.83918e-16 
vn 0.991506 -0.0882619 0.0955245 
vn 0.97855 -0.079797 0.189929 
vn 0.957124 -0.065799 0.282107 
vn 0.92748 -0.0464322 0.370977 
vn 0.889967 -0.0219235 0.455498 
vn 0.845023 0.00743964 0.534679 
vn 0.793175 0.041313 0.607591 
vn 0.529966 0.213275 0.820762 
vn 0.45407 0.262859 0.851308 
vn 0.375855 0.313959 0.871873 
vn 0.296237 0.365975 0.882216 
vn 0.216149 0.418299 0.882216 
vn 0.136531 0.470315 0.871873 
vn -0.141646 0.76288 0.630833 
vn -0.280789 0.742961 0.607591 
vn -0.332636 0.776835 0.534679 
vn -0.37758 0.806198 0.455498 
vn -0.381916 0.919854 0.0894889 
vn -0.483456 0.875369 0 
vn -0.570707 0.814988 -0.10044 
vn -0.416685 0.714362 -0.562193 
vn -0.36217 0.678745 -0.638857 
vn -0.301034 0.638804 -0.708031 
vn -0.233996 0.595006 -0.768904 
vn -0.161841 0.547866 -0.820762 
vn -0.0854155 0.497935 -0.862998 
vn -0.00561473 0.445799 -0.895116 
vn 0.0766253 0.392069 -0.916739 
vn 0.216149 0.418299 -0.882216 
vn 0.16034 0.337376 -0.927614 
vn 0.296237 0.365975 -0.882216 
vn 0.244549 0.28236 -0.927614 
vn 0.375855 0.313959 -0.871873 
vn 0.328264 0.227667 -0.916739 
vn 0.410505 0.173938 -0.895116 
vn 0.490305 0.121802 -0.862998 
vn 0.566731 0.0718707 -0.820762 
vn 0.638886 0.02473 -0.768904 
vn 0.705924 -0.0190677 -0.708031 
vn 0.767059 -0.0590089 -0.638857 
vn 0.821575 -0.0946254 -0.562193 
vn 0.868832 -0.1255 -0.478938 
vn 0.991506 -0.0882619 -0.0955245 
vn 0.980156 -0.19823 1.93382e-16 
vn 0.975597 -0.195252 0.10044 
vn 0.961973 -0.186351 0.199703 
vn 0.939445 -0.171633 0.296624 
vn 0.908276 -0.151269 0.390067 
vn 0.868832 -0.1255 0.478938 
vn 0.821575 -0.0946254 0.562193 
vn 0.767059 -0.0590089 0.638857 
vn 0.410505 0.173938 0.895116 
vn 0.328264 0.227667 0.916739 
vn 0.244549 0.28236 0.927614 
vn 0.16034 0.337376 0.927614 
vn 0.0766253 0.392069 0.916739 
vn 0.0583162 0.521415 0.851308 
vn -0.00561473 0.445799 0.895116 
vn -0.222645 0.704975 0.673379 
vn -0.36217 0.678745 0.638857 
vn -0.416685 0.714362 0.562193 
vn -0.463942 0.745236 0.478938 
vn -0.47912 0.872536 0.0955245 
vn -0.575266 0.817967 0 
vn -0.655603 0.747885 -0.104178 
vn -0.463942 0.745236 -0.478938 
vn -0.495849 0.643514 -0.583116 
vn -0.439304 0.606572 -0.662633 
vn -0.375894 0.565144 -0.734381 
vn -0.306361 0.519717 -0.79752 
vn -0.231521 0.470821 -0.851308 
vn -0.15225 0.419032 -0.895116 
vn -0.0694798 0.364956 -0.928429 
vn 0.0158209 0.309227 -0.950857 
vn 0.102652 0.252498 -0.962137 
vn 0.189994 0.195435 -0.962137 
vn 0.276825 0.138706 -0.950857 
vn 0.362126 0.0829769 -0.928429 
vn 0.444897 0.0289007 -0.895116 
vn 0.524167 -0.0228885 -0.851308 
vn 0.599007 -0.0717836 -0.79752 
vn 0.66854 -0.117211 -0.734381 
vn 0.73195 -0.158639 -0.662633 
vn 0.788495 -0.195581 -0.583116 
vn 0.837511 -0.227604 -0.496762 
vn 0.975597 -0.195252 -0.10044 
vn 0.952977 -0.303042 2.00579e-16 
vn 0.948249 -0.299952 0.104178 
vn 0.837511 -0.227604 0.496762 
vn 0.788495 -0.195581 0.583116 
vn 0.73195 -0.158639 0.662633 
vn 0.490305 0.121802 0.862998 
vn 0.362126 0.0829769 0.928429 
vn 0.276825 0.138706 0.950857 
vn 0.189994 0.195435 0.962137 
vn 0.102652 0.252498 0.962137 
vn 0.0158209 0.309227 0.950857 
vn -0.0694798 0.364956 0.928429 
vn -0.0854155 0.497935 0.862998 
vn -0.15225 0.419032 0.895116 
vn -0.161841 0.547866 0.820762 
vn -0.231521 0.470821 0.851308 
vn -0.233996 0.595006 0.768904 
vn -0.306361 0.519717 0.79752 
vn -0.301034 0.638804 0.708031 
vn -0.375894 0.565144 0.734381 
vn -0.439304 0.606572 0.662633 
vn -0.495849 0.643514 0.583116 
vn -0.544864 0.675537 0.496762 
vn -0.503386 0.771006 0.390067 
vn -0.585777 0.702266 0.404584 
vn -0.534555 0.791369 0.296624 
vn -0.618105 0.723387 0.307663 
vn -0.557083 0.806088 0.199703 
vn -0.641472 0.738653 0.207135 
vn -0.570707 0.814988 0.10044 
vn -0.655603 0.747885 0.104178 
vn -0.660331 0.750974 0 
vn -0.732812 0.672014 -0.106695 
vn -0.585777 0.702266 -0.404584 
vn -0.544864 0.675537 -0.496762 
vn -0.619399 0.597918 -0.508762 
vn -0.569199 0.565121 -0.597202 
vn -0.511289 0.527287 -0.67864 
vn -0.298486 0.388257 -0.871873 
vn -0.2173 0.335217 -0.916739 
vn -0.13253 0.279834 -0.950857 
vn -0.045169 0.222759 -0.973827 
vn 0.0437594 0.16466 -0.985379 
vn 0.22214 0.0481188 -0.973827 
vn 0.309502 -0.00895658 -0.950857 
vn 0.394272 -0.0643391 -0.916739 
vn 0.475457 -0.117379 -0.871873 
vn 0.552105 -0.167456 -0.816785 
vn 0.746171 -0.294244 -0.597202 
vn 0.79637 -0.32704 -0.508762 
vn 0.878423 -0.254333 -0.404584 
vn 0.838271 -0.354415 -0.414358 
vn 0.948249 -0.299952 -0.104178 
vn 0.914626 -0.4043 2.05425e-16 
vn 0.746171 -0.294244 0.597202 
vn 0.68826 -0.256409 0.67864 
vn 0.444897 0.0289007 0.895116 
vn 0.309502 -0.00895658 0.950857 
vn 0.22214 0.0481188 0.973827 
vn 0.133212 0.106218 0.985379 
vn -0.045169 0.222759 0.973827 
vn -0.13253 0.279834 0.950857 
vn -0.2173 0.335217 0.916739 
vn -0.298486 0.388257 0.871873 
vn -0.375134 0.438333 0.816785 
vn -0.446346 0.484859 0.752122 
vn -0.511289 0.527287 0.67864 
vn -0.569199 0.565121 0.597202 
vn -0.619399 0.597918 0.508762 
vn -0.661299 0.625293 0.414358 
vn -0.694409 0.646924 0.315095 
vn -0.71834 0.662559 0.212139 
vn -0.732812 0.672014 0.106695 
vn -0.737655 0.675178 0 
vn -0.80143 0.588264 -0.10796 
vn -0.71834 0.662559 -0.212139 
vn -0.786787 0.578697 -0.214655 
vn -0.694409 0.646924 -0.315095 
vn -0.762571 0.562877 -0.318833 
vn -0.661299 0.625293 -0.414358 
vn -0.729069 0.540988 -0.419273 
vn -0.686671 0.513289 -0.514798 
vn -0.635876 0.480103 -0.604287 
vn -0.279803 0.247471 -0.927614 
vn -0.194027 0.191432 -0.962137 
vn -0.105629 0.133679 -0.985379 
vn 0.253249 -0.100785 -0.962137 
vn 0.339025 -0.156825 -0.927614 
vn 0.421173 -0.210494 -0.882216 
vn 0.745893 -0.422642 -0.514798 
vn 0.788291 -0.450342 -0.419273 
vn 0.871381 -0.376046 -0.315095 
vn 0.821793 -0.47223 -0.318833 
vn 0.895312 -0.391681 -0.212139 
vn 0.846008 -0.48805 -0.214655 
vn 0.909784 -0.401136 -0.106695 
vn 0.860652 -0.497617 -0.10796 
vn 0.865552 -0.500819 2.07862e-16 
vn 0.909784 -0.401136 0.106695 
vn 0.860652 -0.497617 0.10796 
vn 0.79637 -0.32704 0.508762 
vn 0.695098 -0.389456 0.604287 
vn 0.636501 -0.351173 0.686691 
vn 0.623318 -0.213981 0.752122 
vn 0.570788 -0.308241 0.761044 
vn 0.552105 -0.167456 0.816785 
vn 0.49873 -0.261164 0.826475 
vn 0.475457 -0.117379 0.871873 
vn 0.421173 -0.210494 0.882216 
vn 0.394272 -0.0643391 0.916739 
vn 0.339025 -0.156825 0.927614 
vn 0.253249 -0.100785 0.962137 
vn 0.164851 -0.0430325 0.985379 
vn -0.194027 0.191432 0.962137 
vn -0.279803 0.247471 0.927614 
vn -0.361951 0.301141 0.882216 
vn -0.439508 0.351811 0.826475 
vn -0.511566 0.398888 0.761044 
vn -0.577279 0.44182 0.686691 
vn -0.635876 0.480103 0.604287 
vn -0.686671 0.513289 0.514798 
vn -0.729069 0.540988 0.419273 
vn -0.762571 0.562877 0.318833 
vn -0.786787 0.578697 0.214655 
vn -0.80143 0.588264 0.10796 
vn -0.80633 0.591465 0 
vn -0.860652 0.497617 -0.10796 
vn -0.846008 0.48805 -0.214655 
vn -0.821793 0.47223 -0.318833 
vn -0.788291 0.450342 -0.419273 
vn -0.745893 0.422642 -0.514798 
vn -0.695098 0.389456 -0.604287 
vn -0.361951 0.301141 -0.882216 
vn -0.339025 0.156825 -0.927614 
vn -0.253249 0.100785 -0.962137 
vn 0.279803 -0.247471 -0.927614 
vn 0.361951 -0.301141 -0.882216 
vn 0.695098 -0.389456 -0.604287 
vn 0.686671 -0.513289 -0.514798 
vn 0.729069 -0.540988 -0.419273 
vn 0.762571 -0.562877 -0.318833 
vn 0.786787 -0.578697 -0.214655 
vn 0.80143 -0.588264 -0.10796 
vn 0.80633 -0.591465 2.07862e-16 
vn 0.80143 -0.588264 0.10796 
vn 0.788291 -0.450342 0.419273 
vn 0.745893 -0.422642 0.514798 
vn 0.686671 -0.513289 0.514798 
vn 0.635876 -0.480103 0.604287 
vn 0.577279 -0.44182 0.686691 
vn 0.511566 -0.398888 0.761044 
vn 0.439508 -0.351811 0.826475 
vn 0.361951 -0.301141 0.882216 
vn 0.279803 -0.247471 0.927614 
vn 0.194027 -0.191432 0.962137 
vn -0.339025 0.156825 0.927614 
vn -0.421173 0.210494 0.882216 
vn -0.49873 0.261164 0.826475 
vn -0.570788 0.308241 0.761044 
vn -0.636501 0.351173 0.686691 
vn -0.695098 0.389456 0.604287 
vn -0.745893 0.422642 0.514798 
vn -0.788291 0.450342 0.419273 
vn -0.865552 0.500819 0 
vn -0.909784 0.401136 -0.106695 
vn -0.895312 0.391681 -0.212139 
vn -0.871381 0.376046 -0.315095 
vn -0.838271 0.354415 -0.414358 
vn -0.79637 0.32704 -0.508762 
vn -0.746171 0.294244 -0.597202 
vn -0.421173 0.210494 -0.882216 
vn -0.394272 0.0643391 -0.916739 
vn -0.309502 0.00895658 -0.950857 
vn -0.164851 0.0430325 -0.985379 
vn -0.22214 -0.0481188 -0.973827 
vn 0.105629 -0.133679 -0.985379 
vn 0.194027 -0.191432 -0.962137 
vn 0.13253 -0.279834 -0.950857 
vn 0.2173 -0.335217 -0.916739 
vn 0.298486 -0.388257 -0.871873 
vn 0.635876 -0.480103 -0.604287 
vn 0.619399 -0.597918 -0.508762 
vn 0.661299 -0.625293 -0.414358 
vn 0.694409 -0.646924 -0.315095 
vn 0.71834 -0.662559 -0.212139 
vn 0.732812 -0.672014 -0.106695 
vn 0.737655 -0.675178 2.05425e-16 
vn 0.732812 -0.672014 0.106695 
vn 0.786787 -0.578697 0.214655 
vn 0.71834 -0.662559 0.212139 
vn 0.762571 -0.562877 0.318833 
vn 0.694409 -0.646924 0.315095 
vn 0.729069 -0.540988 0.419273 
vn 0.661299 -0.625293 0.414358 
vn 0.619399 -0.597918 0.508762 
vn 0.569199 -0.565121 0.597202 
vn 0.511289 -0.527287 0.67864 
vn 0.446346 -0.484859 0.752122 
vn 0.375134 -0.438333 0.816785 
vn 0.298486 -0.388257 0.871873 
vn 0.2173 -0.335217 0.916739 
vn 0.13253 -0.279834 0.950857 
vn 0.105629 -0.133679 0.985379 
vn 0.045169 -0.222759 0.973827 
vn -0.164851 0.0430325 0.985379 
vn -0.253249 0.100785 0.962137 
vn -0.309502 0.00895658 0.950857 
vn -0.394272 0.0643391 0.916739 
vn -0.475457 0.117379 0.871873 
vn -0.552105 0.167456 0.816785 
vn -0.623318 0.213981 0.752122 
vn -0.68826 0.256409 0.67864 
vn -0.746171 0.294244 0.597202 
vn -0.79637 0.32704 0.508762 
vn -0.860652 0.497617 0.10796 
vn -0.914626 0.4043 0 
vn -0.948249 0.299952 -0.104178 
vn -0.837511 0.227604 -0.496762 
vn -0.788495 0.195581 -0.583116 
vn -0.68826 0.256409 -0.67864 
vn -0.73195 0.158639 -0.662633 
vn -0.552105 0.167456 -0.816785 
vn -0.475457 0.117379 -0.871873 
vn -0.524167 0.0228885 -0.851308 
vn -0.444897 -0.0289007 -0.895116 
vn -0.362126 -0.0829769 -0.928429 
vn -0.276825 -0.138706 -0.950857 
vn -0.133212 -0.106218 -0.985379 
vn -0.189994 -0.195435 -0.962137 
vn -0.0437594 -0.16466 -0.985379 
vn 0.045169 -0.222759 -0.973827 
vn -0.0158209 -0.309227 -0.950857 
vn 0.0694798 -0.364956 -0.928429 
vn 0.15225 -0.419032 -0.895116 
vn 0.231521 -0.470821 -0.851308 
vn 0.375134 -0.438333 -0.816785 
vn 0.306361 -0.519717 -0.79752 
vn 0.511289 -0.527287 -0.67864 
vn 0.569199 -0.565121 -0.597202 
vn 0.495849 -0.643514 -0.583116 
vn 0.544864 -0.675537 -0.496762 
vn 0.585777 -0.702266 -0.404584 
vn 0.660331 -0.750974 2.00579e-16 
vn 0.655603 -0.747885 0.104178 
vn 0.641472 -0.738653 0.207135 
vn 0.618105 -0.723387 0.307663 
vn 0.585777 -0.702266 0.404584 
vn 0.544864 -0.675537 0.496762 
vn 0.495849 -0.643514 0.583116 
vn 0.439304 -0.606572 0.662633 
vn 0.375894 -0.565144 0.734381 
vn 0.306361 -0.519717 0.79752 
vn 0.231521 -0.470821 0.851308 
vn 0.15225 -0.419032 0.895116 
vn 0.0694798 -0.364956 0.928429 
vn -0.0158209 -0.309227 0.950857 
vn -0.0437594 -0.16466 0.985379 
vn -0.102652 -0.252498 0.962137 
vn -0.133212 -0.106218 0.985379 
vn -0.22214 -0.0481188 0.973827 
vn -0.276825 -0.138706 0.950857 
vn -0.362126 -0.0829769 0.928429 
vn -0.444897 -0.0289007 0.895116 
vn -0.788495 0.195581 0.583116 
vn -0.837511 0.227604 0.496762 
vn -0.952977 0.303042 0 
vn -0.975597 0.195252 -0.10044 
vn -0.821575 0.0946254 -0.562193 
vn -0.767059 0.0590089 -0.638857 
vn -0.66854 0.117211 -0.734381 
vn -0.705924 0.0190677 -0.708031 
vn -0.599007 0.0717836 -0.79752 
vn -0.638886 -0.02473 -0.768904 
vn -0.566731 -0.0718707 -0.820762 
vn -0.490305 -0.121802 -0.862998 
vn -0.410505 -0.173938 -0.895116 
vn -0.328264 -0.227667 -0.916739 
vn -0.244549 -0.28236 -0.927614 
vn -0.102652 -0.252498 -0.962137 
vn -0.16034 -0.337376 -0.927614 
vn -0.0766253 -0.392069 -0.916739 
vn 0.00561473 -0.445799 -0.895116 
vn 0.0854155 -0.497935 -0.862998 
vn 0.161841 -0.547866 -0.820762 
vn 0.233996 -0.595006 -0.768904 
vn 0.375894 -0.565144 -0.734381 
vn 0.301034 -0.638804 -0.708031 
vn 0.439304 -0.606572 -0.662633 
vn 0.36217 -0.678745 -0.638857 
vn 0.416685 -0.714362 -0.562193 
vn 0.463942 -0.745236 -0.478938 
vn 0.655603 -0.747885 -0.104178 
vn 0.575266 -0.817967 1.93382e-16 
vn 0.570707 -0.814988 0.10044 
vn 0.557083 -0.806088 0.199703 
vn 0.534555 -0.791369 0.296624 
vn 0.503386 -0.771006 0.390067 
vn 0.463942 -0.745236 0.478938 
vn 0.416685 -0.714362 0.562193 
vn 0.36217 -0.678745 0.638857 
vn 0.301034 -0.638804 0.708031 
vn 0.233996 -0.595006 0.768904 
vn 0.161841 -0.547866 0.820762 
vn 0.0854155 -0.497935 0.862998 
vn 0.00561473 -0.445799 0.895116 
vn -0.0766253 -0.392069 0.916739 
vn -0.16034 -0.337376 0.927614 
vn -0.189994 -0.195435 0.962137 
vn -0.244549 -0.28236 0.927614 
vn -0.328264 -0.227667 0.916739 
vn -0.410505 -0.173938 0.895116 
vn -0.490305 -0.121802 0.862998 
vn -0.73195 0.158639 0.662633 
vn -0.821575 0.0946254 0.562193 
vn -0.868832 0.1255 0.478938 
vn -0.878423 0.254333 0.404584 
vn -0.908276 0.151269 0.390067 
vn -0.948249 0.299952 0.104178 
vn -0.980156 0.19823 0 
vn -0.991506 0.0882619 -0.0955245 
vn -0.868832 0.1255 -0.478938 
vn -0.845023 -0.00743964 -0.534679 
vn -0.793175 -0.041313 -0.607591 
vn -0.735032 -0.0792995 -0.673379 
vn -0.671275 -0.120954 -0.731273 
vn -0.602651 -0.165787 -0.780594 
vn -0.529966 -0.213275 -0.820762 
vn -0.45407 -0.262859 -0.851308 
vn -0.375855 -0.313959 -0.871873 
vn -0.296237 -0.365975 -0.882216 
vn -0.216149 -0.418299 -0.882216 
vn -0.136531 -0.470315 -0.871873 
vn -0.0583162 -0.521415 -0.851308 
vn 0.0175791 -0.571 -0.820762 
vn 0.0902646 -0.618487 -0.780594 
vn 0.158888 -0.66332 -0.731273 
vn 0.222645 -0.704975 -0.673379 
vn 0.280789 -0.742961 -0.607591 
vn 0.332636 -0.776835 -0.534679 
vn 0.37758 -0.806198 -0.455498 
vn 0.570707 -0.814988 -0.10044 
vn 0.483456 -0.875369 1.83918e-16 
vn 0.47912 -0.872536 0.0955245 
vn 0.332636 -0.776835 0.534679 
vn 0.280789 -0.742961 0.607591 
vn 0.222645 -0.704975 0.673379 
vn -0.136531 -0.470315 0.871873 
vn -0.216149 -0.418299 0.882216 
vn -0.296237 -0.365975 0.882216 
vn -0.375855 -0.313959 0.871873 
vn -0.45407 -0.262859 0.851308 
vn -0.529966 -0.213275 0.820762 
vn -0.767059 0.0590089 0.638857 
vn -0.845023 -0.00743964 0.534679 
vn -0.889967 0.0219235 0.455498 
vn -0.92748 0.0464322 0.370977 
vn -0.939445 0.171633 0.296624 
vn -0.957124 0.065799 0.282107 
vn -0.961973 0.186351 0.199703 
vn -0.97855 0.079797 0.189929 
vn -0.975597 0.195252 0.10044 
vn -0.991506 0.0882619 0.0955245 
vn -0.995842 0.0910947 0 
vn -0.995792 -0.0197626 -0.0894889 
vn -0.92748 0.0464322 -0.370977 
vn -0.889967 0.0219235 -0.455498 
vn -0.900668 -0.0819095 -0.426718 
vn -0.858563 -0.109417 -0.500896 
vn -0.809992 -0.141151 -0.569201 
vn -0.755522 -0.176737 -0.630833 
vn -0.695793 -0.215759 -0.685069 
vn -0.631506 -0.25776 -0.731273 
vn -0.563412 -0.302247 -0.768904 
vn -0.492313 -0.348698 -0.79752 
vn -0.419039 -0.39657 -0.816785 
vn -0.121563 -0.590918 -0.79752 
vn -0.0504635 -0.63737 -0.768904 
vn 0.0176296 -0.681857 -0.731273 
vn 0.0819173 -0.723858 -0.685069 
vn 0.141646 -0.76288 -0.630833 
vn 0.196116 -0.798466 -0.569201 
vn 0.244687 -0.8302 -0.500896 
vn 0.286792 -0.857707 -0.426718 
vn 0.415094 -0.830706 -0.370977 
vn 0.321935 -0.880668 -0.347538 
vn 0.47912 -0.872536 -0.0955245 
vn 0.385978 -0.922508 1.72297e-16 
vn 0.381916 -0.919854 0.0894889 
vn 0.37758 -0.806198 0.455498 
vn 0.244687 -0.8302 0.500896 
vn 0.196116 -0.798466 0.569201 
vn 0.141646 -0.76288 0.630833 
vn -0.269424 -0.494317 0.826475 
vn -0.344452 -0.4453 0.826475 
vn -0.419039 -0.39657 0.816785 
vn -0.492313 -0.348698 0.79752 
vn -0.563412 -0.302247 0.768904 
vn -0.602651 -0.165787 0.780594 
vn -0.631506 -0.25776 0.731273 
vn -0.793175 -0.041313 0.607591 
vn -0.858563 -0.109417 0.500896 
vn -0.900668 -0.0819095 0.426718 
vn -0.935811 -0.0589494 0.347538 
vn -0.963582 -0.0408062 0.264282 
vn -0.983654 -0.0276927 0.177929 
vn -0.995792 -0.0197626 0.0894889 
vn -0.999854 -0.0171088 0 
vn -0.988402 -0.127555 -0.0824042 
vn -0.983654 -0.0276927 -0.177929 
vn -0.977225 -0.134858 -0.163842 
vn -0.963582 -0.0408062 -0.264282 
vn -0.958742 -0.146933 -0.24336 
vn -0.935811 -0.0589494 -0.347538 
vn -0.93317 -0.16364 -0.320024 
vn -0.900809 -0.184782 -0.392936 
vn -0.862038 -0.210112 -0.461241 
vn -0.817312 -0.239333 -0.524138 
vn -0.767154 -0.272102 -0.580891 
vn -0.712154 -0.308035 -0.630833 
vn -0.652956 -0.346711 -0.673379 
vn -0.590254 -0.387676 -0.708031 
vn -0.524783 -0.43045 -0.734381 
vn -0.117914 -0.696268 -0.708031 
vn -0.0552121 -0.737233 -0.673379 
vn 0.00398606 -0.775908 -0.630833 
vn 0.0589862 -0.811841 -0.580891 
vn 0.109143 -0.84461 -0.524138 
vn 0.15387 -0.873831 -0.461241 
vn 0.192641 -0.899161 -0.392936 
vn 0.225002 -0.920304 -0.320024 
vn 0.349706 -0.898811 -0.264282 
vn 0.250574 -0.937011 -0.24336 
vn 0.369778 -0.911924 -0.177929 
vn 0.269057 -0.949086 -0.163842 
vn 0.381916 -0.919854 -0.0894889 
vn 0.280234 -0.956388 -0.0824042 
vn 0.283974 -0.958832 1.58657e-16 
vn 0.280234 -0.956388 0.0824042 
vn 0.286792 -0.857707 0.426718 
vn 0.15387 -0.873831 0.461241 
vn 0.109143 -0.84461 0.524138 
vn 0.0589862 -0.811841 0.580891 
vn -0.194837 -0.543047 0.816785 
vn -0.31954 -0.56454 0.761044 
vn -0.388628 -0.519403 0.761044 
vn -0.457311 -0.474531 0.752122 
vn -0.524783 -0.43045 0.734381 
vn -0.590254 -0.387676 0.708031 
vn -0.652956 -0.346711 0.673379 
vn -0.695793 -0.215759 0.685069 
vn -0.712154 -0.308035 0.630833 
vn -0.755522 -0.176737 0.630833 
vn -0.767154 -0.272102 0.580891 
vn -0.809992 -0.141151 0.569201 
vn -0.817312 -0.239333 0.524138 
vn -0.862038 -0.210112 0.461241 
vn -0.900809 -0.184782 0.392936 
vn -0.93317 -0.16364 0.320024 
vn -0.958742 -0.146933 0.24336 
vn -0.977225 -0.134858 0.163842 
vn -0.988402 -0.127555 0.0824042 
vn -0.992143 -0.125112 0 
vn -0.969425 -0.233853 -0.0743534 
vn -0.95934 -0.240442 -0.147835 
vn -0.942663 -0.251337 -0.219583 
vn -0.919589 -0.266412 -0.288758 
vn -0.890389 -0.285489 -0.354546 
vn -0.855406 -0.308344 -0.416178 
vn -0.81505 -0.33471 -0.472931 
vn -0.769793 -0.364278 -0.524138 
vn -0.720166 -0.3967 -0.569201 
vn -0.666751 -0.431597 -0.607591 
vn -0.610175 -0.46856 -0.638857 
vn -0.551101 -0.507155 -0.662633 
vn -0.183385 -0.653494 -0.734381 
vn -0.183983 -0.747002 -0.638857 
vn -0.127407 -0.783965 -0.607591 
vn -0.0739919 -0.818862 -0.569201 
vn -0.0243653 -0.851284 -0.524138 
vn 0.0208917 -0.880852 -0.472931 
vn 0.0612483 -0.907218 -0.416178 
vn 0.0962315 -0.930073 -0.354546 
vn 0.125431 -0.94915 -0.288758 
vn 0.148505 -0.964225 -0.219583 
vn 0.165182 -0.97512 -0.147835 
vn 0.175267 -0.981709 -0.0743534 
vn 0.178642 -0.983914 1.43156e-16 
vn 0.175267 -0.981709 0.0743534 
vn 0.192641 -0.899161 0.392936 
vn 0.0612483 -0.907218 0.416178 
vn 0.0208917 -0.880852 0.472931 
vn -0.0243653 -0.851284 0.524138 
vn 0.00398606 -0.775908 0.630833 
vn -0.0739919 -0.818862 0.569201 
vn -0.183385 -0.653494 0.734381 
vn -0.250858 -0.609412 0.752122 
vn -0.303938 -0.668633 0.67864 
vn -0.36591 -0.628144 0.686691 
vn -0.428248 -0.587418 0.686691 
vn -0.49022 -0.546929 0.67864 
vn -0.551101 -0.507155 0.662633 
vn -0.610175 -0.46856 0.638857 
vn -0.666751 -0.431597 0.607591 
vn -0.720166 -0.3967 0.569201 
vn -0.769793 -0.364278 0.524138 
vn -0.81505 -0.33471 0.472931 
vn -0.969425 -0.233853 0.0743534 
vn -0.9728 -0.231648 0 
vn -0.939082 -0.337408 -0.0654308 
vn -0.930207 -0.343207 -0.130095 
vn -0.915531 -0.352795 -0.193233 
vn -0.895226 -0.36606 -0.254106 
vn -0.869531 -0.382848 -0.312 
vn -0.838746 -0.402961 -0.366236 
vn -0.803232 -0.426163 -0.416178 
vn -0.763406 -0.452182 -0.461241 
vn -0.719734 -0.480714 -0.500896 
vn -0.67273 -0.511423 -0.534679 
vn -0.622943 -0.54395 -0.562193 
vn -0.570957 -0.577914 -0.583116 
vn -0.243057 -0.708407 -0.662633 
vn -0.247894 -0.788979 -0.562193 
vn -0.198107 -0.821506 -0.534679 
vn -0.151102 -0.852215 -0.500896 
vn -0.107431 -0.880747 -0.461241 
vn -0.067605 -0.906766 -0.416178 
vn -0.0320913 -0.929969 -0.366236 
vn -0.00130618 -0.950081 -0.312 
vn 0.0243894 -0.966869 -0.254106 
vn 0.0446941 -0.980134 -0.193233 
vn 0.0593699 -0.989722 -0.130095 
vn 0.0682448 -0.995521 -0.0654308 
vn 0.0712147 -0.997461 1.25977e-16 
vn 0.0682448 -0.995521 0.0654308 
vn 0.165182 -0.97512 0.147835 
vn 0.0593699 -0.989722 0.130095 
vn 0.148505 -0.964225 0.219583 
vn 0.0446941 -0.980134 0.193233 
vn 0.125431 -0.94915 0.288758 
vn 0.0243894 -0.966869 0.254106 
vn 0.0962315 -0.930073 0.354546 
vn -0.00130618 -0.950081 0.312 
vn -0.0320913 -0.929969 0.366236 
vn -0.067605 -0.906766 0.416178 
vn -0.107431 -0.880747 0.461241 
vn -0.151102 -0.852215 0.500896 
vn -0.127407 -0.783965 0.607591 
vn -0.198107 -0.821506 0.534679 
vn -0.183983 -0.747002 0.638857 
vn -0.247894 -0.788979 0.562193 
vn -0.243057 -0.708407 0.662633 
vn -0.29988 -0.755015 0.583116 
vn -0.353454 -0.720014 0.597202 
vn -0.40799 -0.684384 0.604287 
vn -0.462847 -0.648545 0.604287 
vn -0.517383 -0.612915 0.597202 
vn -0.570957 -0.577914 0.583116 
vn -0.622943 -0.54395 0.562193 
vn -0.67273 -0.511423 0.534679 
vn -0.719734 -0.480714 0.500896 
vn -0.763406 -0.452182 0.461241 
vn -0.803232 -0.426163 0.416178 
vn -0.942052 -0.335468 0 
vn -0.897729 -0.437008 -0.0557412 
vn -0.890168 -0.441948 -0.110829 
vn -0.670821 -0.585253 -0.455498 
vn -0.628407 -0.612963 -0.478938 
vn -0.58412 -0.641897 -0.496762 
vn -0.517383 -0.612915 -0.597202 
vn -0.538479 -0.671715 -0.508762 
vn -0.462847 -0.648545 -0.604287 
vn -0.49202 -0.702068 -0.514798 
vn -0.40799 -0.684384 -0.604287 
vn -0.445286 -0.7326 -0.514798 
vn -0.353454 -0.720014 -0.597202 
vn -0.398827 -0.762954 -0.508762 
vn -0.29988 -0.755015 -0.583116 
vn -0.353186 -0.792772 -0.496762 
vn -0.308899 -0.821706 -0.478938 
vn -0.266485 -0.849416 -0.455498 
vn -0.226441 -0.875577 -0.426718 
vn -0.0395773 -0.997661 -0.0557412 
vn -0.0370472 -0.999314 1.07321e-16 
vn -0.0395773 -0.997661 0.0557412 
vn -0.047138 -0.992721 0.110829 
vn -0.0596404 -0.984553 0.164617 
vn -0.0769382 -0.973252 0.216475 
vn -0.0988285 -0.95895 0.265796 
vn -0.125055 -0.941816 0.312 
vn -0.155309 -0.92205 0.354546 
vn -0.189237 -0.899884 0.392936 
vn -0.226441 -0.875577 0.426718 
vn -0.266485 -0.849416 0.455498 
vn -0.308899 -0.821706 0.478938 
vn -0.353186 -0.792772 0.496762 
vn -0.398827 -0.762954 0.508762 
vn -0.445286 -0.7326 0.514798 
vn -0.49202 -0.702068 0.514798 
vn -0.538479 -0.671715 0.508762 
vn -0.58412 -0.641897 0.496762 
vn -0.628407 -0.612963 0.478938 
vn -0.670821 -0.585253 0.455498 
vn -0.710865 -0.559091 0.426718 
vn -0.748069 -0.534785 0.392936 
vn -0.781997 -0.512619 0.354546 
vn -0.939082 -0.337408 0.0654308 
vn -0.900259 -0.435355 0 
vn -0.845851 -0.531484 -0.045398 
vn -0.839693 -0.535507 -0.0902637 
vn -0.626503 -0.67479 -0.390067 
vn -0.590434 -0.698355 -0.404584 
vn -0.553262 -0.72264 -0.414358 
vn -0.515424 -0.747361 -0.419273 
vn -0.477362 -0.772227 -0.419273 
vn -0.439524 -0.796948 -0.414358 
vn -0.402352 -0.821234 -0.404584 
vn -0.366283 -0.844799 -0.390067 
vn -0.331739 -0.867367 -0.370977 
vn -0.047138 -0.992721 -0.110829 
vn -0.146935 -0.988104 -0.045398 
vn -0.144875 -0.98945 8.7407e-17 
vn -0.146935 -0.988104 0.045398 
vn -0.153093 -0.984081 0.0902637 
vn -0.163276 -0.977428 0.134071 
vn -0.177364 -0.968224 0.176307 
vn -0.195192 -0.956576 0.216475 
vn -0.477362 -0.772227 0.419273 
vn -0.515424 -0.747361 0.419273 
vn -0.553262 -0.72264 0.414358 
vn -0.590434 -0.698355 0.404584 
vn -0.626503 -0.67479 0.390067 
vn -0.661047 -0.652221 0.370977 
vn -0.693661 -0.630914 0.347538 
vn -0.723961 -0.611118 0.320024 
vn -0.751594 -0.593065 0.288758 
vn -0.890168 -0.441948 0.110829 
vn -0.897729 -0.437008 0.0557412 
vn -0.845851 -0.531484 0.045398 
vn -0.847911 -0.530138 0 
vn -0.784056 -0.61973 -0.0345226 
vn -0.779373 -0.622789 -0.0686404 
vn -0.661047 -0.652221 -0.370977 
vn -0.617255 -0.728705 -0.296624 
vn -0.589826 -0.746625 -0.307663 
vn -0.561559 -0.765092 -0.315095 
vn -0.532785 -0.783891 -0.318833 
vn -0.503842 -0.802801 -0.318833 
vn -0.475068 -0.8216 -0.315095 
vn -0.446801 -0.840067 -0.307663 
vn -0.419372 -0.857987 -0.296624 
vn -0.393103 -0.875149 -0.282107 
vn -0.153093 -0.984081 -0.0902637 
vn -0.252571 -0.966962 -0.0345226 
vn -0.251004 -0.967986 6.6468e-17 
vn -0.252571 -0.966962 0.0345226 
vn -0.257254 -0.963903 0.0686404 
vn -0.264997 -0.958844 0.101953 
vn -0.27571 -0.951845 0.134071 
vn -0.532785 -0.783891 0.318833 
vn -0.561559 -0.765092 0.315095 
vn -0.589826 -0.746625 0.307663 
vn -0.617255 -0.728705 0.296624 
vn -0.643523 -0.711543 0.282107 
vn -0.668324 -0.69534 0.264282 
vn -0.691366 -0.680286 0.24336 
vn -0.712379 -0.666558 0.219583 
vn -0.776234 -0.576967 0.254106 
vn -0.731116 -0.654316 0.193233 
vn -0.797594 -0.563012 0.216475 
vn -0.747359 -0.643704 0.164617 
vn -0.815422 -0.551364 0.176307 
vn -0.760917 -0.634847 0.134071 
vn -0.82951 -0.54216 0.134071 
vn -0.77163 -0.627848 0.101953 
vn -0.839693 -0.535507 0.0902637 
vn -0.779373 -0.622789 0.0686404 
vn -0.784056 -0.61973 0.0345226 
vn -0.785623 -0.618706 0 
vn -0.713069 -0.700709 -0.0232424 
vn -0.709916 -0.702769 -0.0462123 
vn -0.77163 -0.627848 -0.101953 
vn -0.704703 -0.706175 -0.0686404 
vn -0.760917 -0.634847 -0.134071 
vn -0.69749 -0.710887 -0.0902637 
vn -0.691366 -0.680286 -0.24336 
vn -0.668324 -0.69534 -0.264282 
vn -0.635152 -0.751614 -0.177929 
vn -0.643523 -0.711543 -0.282107 
vn -0.618455 -0.762523 -0.189929 
vn -0.600769 -0.774077 -0.199703 
vn -0.582303 -0.786141 -0.207135 
vn -0.563272 -0.798575 -0.212139 
vn -0.5439 -0.811231 -0.214655 
vn -0.524414 -0.823962 -0.214655 
vn -0.505042 -0.836618 -0.212139 
vn -0.486011 -0.849052 -0.207135 
vn -0.467544 -0.861116 -0.199703 
vn -0.449859 -0.872671 -0.189929 
vn -0.368303 -0.891352 -0.264282 
vn -0.433162 -0.883579 -0.177929 
vn -0.345261 -0.906406 -0.24336 
vn -0.417649 -0.893714 -0.163842 
vn -0.27571 -0.951845 -0.134071 
vn -0.264997 -0.958844 -0.101953 
vn -0.363611 -0.929019 -0.0686404 
vn -0.257254 -0.963903 -0.0686404 
vn -0.358398 -0.932424 -0.0462123 
vn -0.355245 -0.934484 -0.0232424 
vn -0.35419 -0.935173 4.47497e-17 
vn -0.355245 -0.934484 0.0232424 
vn -0.358398 -0.932424 0.0462123 
vn -0.363611 -0.929019 0.0686404 
vn -0.370824 -0.924306 0.0902637 
vn -0.563272 -0.798575 0.212139 
vn -0.582303 -0.786141 0.207135 
vn -0.600769 -0.774077 0.199703 
vn -0.618455 -0.762523 0.189929 
vn -0.635152 -0.751614 0.177929 
vn -0.650665 -0.741479 0.163842 
vn -0.664812 -0.732236 0.147835 
vn -0.677427 -0.723994 0.130095 
vn -0.688363 -0.71685 0.110829 
vn -0.69749 -0.710887 0.0902637 
vn -0.704703 -0.706175 0.0686404 
vn -0.709916 -0.702769 0.0462123 
vn -0.713069 -0.700709 0.0232424 
vn -0.714123 -0.70002 0 
vn -0.633721 -0.773473 -0.0116897 
vn -0.632136 -0.774509 -0.0232424 
vn -0.629514 -0.776222 -0.0345226 
vn -0.625886 -0.778592 -0.045398 
vn -0.688363 -0.71685 -0.110829 
vn -0.621295 -0.781591 -0.0557412 
vn -0.677427 -0.723994 -0.130095 
vn -0.615795 -0.785185 -0.0654308 
vn -0.664812 -0.732236 -0.147835 
vn -0.609451 -0.78933 -0.0743534 
vn -0.650665 -0.741479 -0.163842 
vn -0.602335 -0.793978 -0.0824042 
vn -0.594533 -0.799076 -0.0894889 
vn -0.586135 -0.804562 -0.0955245 
vn -0.577241 -0.810373 -0.10044 
vn -0.567953 -0.816441 -0.104178 
vn -0.558381 -0.822695 -0.106695 
vn -0.548638 -0.82906 -0.10796 
vn -0.538838 -0.835463 -0.10796 
vn -0.529094 -0.841829 -0.106695 
vn -0.519523 -0.848082 -0.104178 
vn -0.510235 -0.85415 -0.10044 
vn -0.50134 -0.859961 -0.0955245 
vn -0.492943 -0.865447 -0.0894889 
vn -0.48514 -0.870545 -0.0824042 
vn -0.403502 -0.902957 -0.147835 
vn -0.478025 -0.875193 -0.0743534 
vn -0.390887 -0.911199 -0.130095 
vn -0.47168 -0.879339 -0.0654308 
vn -0.379951 -0.918343 -0.110829 
vn -0.46618 -0.882932 -0.0557412 
vn -0.370824 -0.924306 -0.0902637 
vn -0.46159 -0.885931 -0.045398 
vn -0.457962 -0.888301 -0.0345226 
vn -0.45534 -0.890014 -0.0232424 
vn -0.453755 -0.89105 -0.0116897 
vn -0.453224 -0.891397 2.25068e-17 
vn -0.453755 -0.89105 0.0116897 
vn -0.45534 -0.890014 0.0232424 
vn -0.457962 -0.888301 0.0345226 
vn -0.46159 -0.885931 0.045398 
vn -0.524414 -0.823962 0.214655 
vn -0.5439 -0.811231 0.214655 
vn -0.548638 -0.82906 0.10796 
vn -0.558381 -0.822695 0.106695 
vn -0.567953 -0.816441 0.104178 
vn -0.577241 -0.810373 0.10044 
vn -0.586135 -0.804562 0.0955245 
vn -0.594533 -0.799076 0.0894889 
vn -0.602335 -0.793978 0.0824042 
vn -0.609451 -0.78933 0.0743534 
vn -0.615795 -0.785185 0.0654308 
vn -0.621295 -0.781591 0.0557412 
vn -0.625886 -0.778592 0.045398 
vn -0.629514 -0.776222 0.0345226 
vn -0.632136 -0.774509 0.0232424 
vn -0.633721 -0.773473 0.0116897 
vn -0.634252 -0.773127 0 
vn -0.674456 0.277099 -0.684343 
vn -0.669799 0.263026 -0.694397 
vn -0.66363 0.250013 -0.705045 
vn -0.675417 0.281653 -0.68153 
vn -0.656022 0.238211 -0.716164 
vn -0.647064 0.227759 -0.727622 
vn -0.650467 0.231711 -0.723327 
vn -0.63686 0.21878 -0.739287 
vn -0.625531 0.211379 -0.751019 
vn -0.608264 0.204138 -0.767035 
vn -0.613209 0.205642 -0.762683 
vn -0.624816 0.211045 -0.751708 
vn -0.57178 0.198988 -0.795909 
vn -0.557022 0.200377 -0.805962 
vn -0.542075 0.203558 -0.815303 
vn -0.586175 0.19941 -0.785261 
vn -0.600039 0.201636 -0.774142 
vn -0.483885 0.23317 -0.843497 
vn -0.497847 0.22339 -0.838001 
vn -0.512313 0.215133 -0.831417 
vn -0.527113 0.208496 -0.823821 
vn -0.530237 0.207475 -0.822072 
vn -0.436227 0.284998 -0.853512 
vn -0.446622 0.270427 -0.852877 
vn -0.458122 0.256827 -0.850978 
vn -0.427058 0.300371 -0.852877 
vn -0.419224 0.316365 -0.850978 
vn -0.470592 0.24436 -0.847839 
vn -0.471653 0.243474 -0.847504 
vn -0.412816 0.332793 -0.847839 
vn -0.402678 0.39896 -0.823821 
vn -0.402998 0.402231 -0.822072 
vn -0.412431 0.334121 -0.847504 
vn -0.407909 0.349462 -0.843497 
vn -0.404561 0.366176 -0.838001 
vn -0.40281 0.382741 -0.831417 
vn -0.375134 0.438333 -0.816785 
vn -0.404166 0.414645 -0.815303 
vn -0.407257 0.429612 -0.805962 
vn -0.411914 0.443684 -0.795909 
vn -0.418083 0.456698 -0.785261 
vn -0.425691 0.468499 -0.774142 
vn -0.431286 0.475026 -0.767035 
vn -0.434649 0.478951 -0.762683 
vn -0.468503 0.501069 -0.727622 
vn -0.473489 0.502599 -0.723327 
vn -0.456181 0.495332 -0.739287 
vn -0.444852 0.487931 -0.751019 
vn -0.44426 0.48741 -0.751708 
vn -0.495537 0.507301 -0.705045 
vn -0.509932 0.507722 -0.694397 
vn -0.481673 0.505074 -0.716164 
vn -0.52469 0.506334 -0.684343 
vn -0.597827 0.47354 -0.646809 
vn -0.5694 0.491578 -0.658889 
vn -0.583866 0.483321 -0.652305 
vn -0.554599 0.498214 -0.666485 
vn -0.539638 0.503152 -0.675003 
vn -0.529247 0.505385 -0.68153 
vn -0.635091 0.436284 -0.637429 
vn -0.645486 0.421712 -0.636794 
vn -0.654654 0.406339 -0.637429 
vn -0.623591 0.449883 -0.639328 
vn -0.611121 0.462351 -0.642466 
vn -0.662488 0.390345 -0.639328 
vn -0.610072 0.463245 -0.642819 
vn -0.668897 0.373918 -0.642466 
vn -0.677546 0.292065 -0.675003 
vn -0.673804 0.357249 -0.646809 
vn -0.674724 0.353355 -0.647988 
vn -0.669294 0.372598 -0.642819 
vn -0.677152 0.340534 -0.652305 
vn -0.678902 0.32397 -0.658889 
vn -0.679034 0.30775 -0.666485 
vn 0.101037 -0.13068 -0.986263 
vn 0.109228 -0.124221 -0.986224 
vn 0.151292 -0.0668767 -0.986224 
vn 0.153852 -0.0601334 -0.986262 
vn 0.133378 -0.0978364 -0.986224 
vn 0.143174 -0.0828422 -0.986224 
vn 0.122018 -0.111684 -0.986224 
vn 0.116871 -0.116737 -0.986262 
vn 0.164851 -0.0430325 -0.985379 
vn 0.157635 -0.0501272 -0.986224 
vn 0.133212 0.106218 -0.985379 
vn 0.140256 0.087692 -0.986224 
vn 0.164726 -0.0150683 -0.986224 
vn 0.165389 0.00283003 -0.986224 
vn 0.162131 -0.0327899 -0.986224 
vn 0.164114 0.0206952 -0.986224 
vn 0.160914 0.0383177 -0.986224 
vn 0.155828 0.055491 -0.986224 
vn 0.148915 0.0720136 -0.986224 
vn 0.16026 -0.0400322 -0.986263 
vn 0.130359 0.101766 -0.98623 
vn 0.129953 0.102342 -0.986224 
vn 0.118126 0.115793 -0.986224 
vn 0.0749694 0.147449 -0.986224 
vn 0.0599213 0.154103 -0.986236 
vn 0.090472 0.138479 -0.986224 
vn 0.104914 0.127886 -0.986224 
vn 0.117052 0.116778 -0.986236 
vn 0.0585879 0.15469 -0.986224 
vn 0.0415195 0.160118 -0.986224 
vn -0.0799701 0.144798 -0.986224 
vn -0.0951567 0.135303 -0.986224 
vn -0.0469732 0.158604 -0.986224 
vn -0.0638459 0.152595 -0.986224 
vn -0.0295498 0.162753 -0.986224 
vn -0.0117799 0.164994 -0.986224 
vn 0.00612812 0.1653 -0.986224 
vn 0.0239643 0.163668 -0.986224 
vn 0.0408286 0.160259 -0.98623 
vn -0.101037 0.13068 -0.986263 
vn -0.109228 0.124221 -0.986224 
vn -0.151292 0.0668767 -0.986224 
vn -0.153852 0.0601334 -0.986262 
vn -0.133378 0.0978364 -0.986224 
vn -0.143174 0.0828422 -0.986224 
vn -0.122018 0.111684 -0.986224 
vn -0.116871 0.116737 -0.986262 
vn -0.157635 0.0501272 -0.986224 
vn -0.140256 -0.087692 -0.986224 
vn -0.164726 0.0150683 -0.986224 
vn -0.165389 -0.00283003 -0.986224 
vn -0.162131 0.0327899 -0.986224 
vn -0.164114 -0.0206952 -0.986224 
vn -0.160914 -0.0383177 -0.986224 
vn -0.155828 -0.055491 -0.986224 
vn -0.148915 -0.0720136 -0.986224 
vn -0.16026 0.0400322 -0.986263 
vn -0.130359 -0.101766 -0.98623 
vn -0.129953 -0.102342 -0.986224 
vn -0.118126 -0.115793 -0.986224 
vn -0.0749694 -0.147449 -0.986224 
vn -0.0599213 -0.154103 -0.986236 
vn -0.090472 -0.138479 -0.986224 
vn -0.104914 -0.127886 -0.986224 
vn -0.117052 -0.116778 -0.986236 
vn -0.0585879 -0.15469 -0.986224 
vn -0.0415195 -0.160118 -0.986224 
vn 0.0799701 -0.144798 -0.986224 
vn 0.0951567 -0.135303 -0.986224 
vn -0.00612812 -0.1653 -0.986224 
vn 1.38778e-16 -0.165414 -0.986224 
vn -0.0239643 -0.163668 -0.986224 
vn 0.0117799 -0.164994 -0.986224 
vn -0.0408286 -0.160259 -0.98623 
vn 0.0295498 -0.162753 -0.986224 
vn 0.0469732 -0.158604 -0.986224 
vn 0.0638459 -0.152595 -0.986224 
vn -0.292065 -0.677546 -0.675003 
vn -0.313591 -0.679012 -0.66378 
vn -0.30775 -0.679034 -0.666485 
vn -0.250013 -0.66363 -0.705045 
vn -0.238211 -0.656022 -0.716164 
vn -0.263026 -0.669799 -0.694397 
vn -0.227759 -0.647064 -0.727622 
vn -0.277099 -0.674456 -0.684343 
vn -0.290716 -0.677276 -0.675856 
vn -0.21878 -0.63686 -0.739287 
vn -0.200377 -0.557022 -0.805962 
vn -0.201619 -0.551242 -0.809618 
vn -0.211379 -0.625531 -0.751019 
vn -0.205642 -0.613209 -0.762683 
vn -0.201636 -0.600039 -0.774142 
vn -0.19941 -0.586175 -0.785261 
vn -0.198988 -0.57178 -0.795909 
vn -0.215803 -0.632315 -0.744047 
vn -0.194837 -0.543047 -0.816785 
vn -0.203558 -0.542075 -0.815303 
vn -0.23317 -0.483885 -0.843497 
vn -0.24436 -0.470592 -0.847839 
vn -0.22339 -0.497847 -0.838001 
vn -0.215133 -0.512313 -0.831417 
vn -0.208496 -0.527113 -0.823821 
vn -0.205557 -0.536064 -0.818768 
vn -0.284998 -0.436227 -0.853512 
vn -0.270427 -0.446622 -0.852877 
vn -0.300371 -0.427058 -0.852877 
vn -0.256827 -0.458122 -0.850978 
vn -0.249273 -0.465705 -0.849106 
vn -0.316365 -0.419224 -0.850978 
vn -0.39896 -0.402678 -0.823821 
vn -0.408338 -0.403582 -0.818768 
vn -0.332793 -0.412816 -0.847839 
vn -0.349462 -0.407909 -0.843497 
vn -0.326345 -0.415352 -0.849106 
vn -0.366176 -0.404561 -0.838001 
vn -0.382741 -0.40281 -0.831417 
vn -0.414645 -0.404166 -0.815303 
vn -0.478951 -0.434649 -0.762683 
vn -0.468499 -0.425691 -0.774142 
vn -0.456698 -0.418083 -0.785261 
vn -0.443684 -0.411914 -0.795909 
vn -0.429612 -0.407257 -0.805962 
vn -0.42382 -0.406073 -0.809618 
vn -0.487931 -0.444852 -0.751019 
vn -0.505074 -0.481673 -0.716164 
vn -0.501069 -0.468503 -0.727622 
vn -0.507301 -0.495537 -0.705045 
vn -0.495332 -0.456181 -0.739287 
vn -0.507722 -0.509932 -0.694397 
vn -0.506334 -0.52469 -0.684343 
vn -0.492366 -0.45163 -0.744047 
vn -0.498214 -0.554599 -0.666485 
vn -0.495848 -0.559939 -0.66378 
vn -0.503152 -0.539638 -0.675003 
vn -0.503447 -0.538293 -0.675856 
vn -0.462351 -0.611121 -0.642466 
vn -0.47354 -0.597827 -0.646809 
vn -0.483321 -0.583866 -0.652305 
vn -0.491578 -0.5694 -0.658889 
vn -0.436284 -0.635091 -0.637429 
vn -0.421712 -0.645486 -0.636794 
vn -0.449883 -0.623591 -0.639328 
vn -0.406339 -0.654654 -0.637429 
vn -0.357249 -0.673804 -0.646809 
vn -0.353355 -0.674724 -0.647988 
vn -0.373918 -0.668897 -0.642466 
vn -0.340534 -0.677152 -0.652305 
vn -0.390345 -0.662488 -0.639328 
vn -0.391162 -0.662095 -0.639236 
vn -0.32397 -0.678902 -0.658889 
vn -0.982267 0.0406253 -0.183032 
vn -0.986809 0.0851784 -0.137671 
vn -0.986638 0.0767053 -0.143742 
vn -0.985788 0.0633141 -0.155605 
vn -0.984326 0.0512402 -0.168753 
vn -0.972793 0.0186841 -0.230922 
vn -0.976467 0.0242512 -0.214299 
vn -0.968659 0.0149576 -0.247945 
vn -0.979637 0.0315936 -0.198273 
vn -0.964112 0.0131154 -0.265171 
vn -0.981842 0.0390897 -0.185629 
vn -0.931423 0.0412848 -0.361589 
vn -0.959207 0.013179 -0.282397 
vn -0.954001 0.0151477 -0.299421 
vn -0.948555 0.0189985 -0.316043 
vn -0.961724 0.0131474 -0.273706 
vn -0.942932 0.0246862 -0.332069 
vn -0.937199 0.0321441 -0.34731 
vn -0.90424 0.107865 -0.413178 
vn -0.909233 0.0922638 -0.405934 
vn -0.914511 0.0776409 -0.39704 
vn -0.89959 0.124261 -0.418686 
vn -0.920012 0.0641673 -0.3866 
vn -0.925672 0.052001 -0.374737 
vn -0.927078 0.0494319 -0.371594 
vn -0.895337 0.141259 -0.422394 
vn -0.880574 0.244553 -0.405934 
vn -0.880506 0.248237 -0.403842 
vn -0.891533 0.158661 -0.42426 
vn -0.88822 0.176263 -0.42426 
vn -0.885439 0.193858 -0.422394 
vn -0.895049 0.142628 -0.422546 
vn -0.883221 0.211239 -0.418686 
vn -0.881593 0.228204 -0.413178 
vn -0.884774 0.310726 -0.34731 
vn -0.887404 0.319757 -0.332069 
vn -0.882716 0.300111 -0.361589 
vn -0.881253 0.288037 -0.374737 
vn -0.890574 0.3271 -0.316043 
vn -0.880403 0.274646 -0.3866 
vn -0.880176 0.260094 -0.39704 
vn -0.878423 0.254333 -0.404584 
vn -0.880322 0.255567 -0.399649 
vn -0.898383 0.336393 -0.282397 
vn -0.902929 0.338236 -0.265171 
vn -0.894248 0.332667 -0.299421 
vn -0.907834 0.338172 -0.247945 
vn -0.91304 0.336203 -0.230922 
vn -0.891496 0.328467 -0.312 
vn -0.918487 0.332352 -0.214299 
vn -0.94137 0.29935 -0.155605 
vn -0.942785 0.296376 -0.152702 
vn -0.920245 0.330617 -0.209385 
vn -0.924109 0.326665 -0.198273 
vn -0.929842 0.319207 -0.183032 
vn -0.935618 0.310066 -0.168753 
vn -0.967452 0.22709 -0.111656 
vn -0.971704 0.210092 -0.107948 
vn -0.957808 0.259087 -0.124408 
vn -0.962802 0.243486 -0.117165 
vn -0.95253 0.27371 -0.133302 
vn -0.947029 0.287184 -0.143742 
vn -0.978719 0.175675 -0.106052 
vn -0.978821 0.175088 -0.106083 
vn -0.975509 0.19269 -0.106083 
vn -0.975045 0.194891 -0.10632 
vn -0.981602 0.157493 -0.107948 
vn -0.98382 0.140112 -0.111656 
vn -0.985448 0.123147 -0.117165 
vn -0.986467 0.106798 -0.124408 
vn -0.986865 0.0912568 -0.133302 
vn -0.882277 -0.405449 -0.239161 
vn -0.883349 -0.407885 -0.230922 
vn -0.884477 -0.414459 -0.214299 
vn -0.884431 -0.422457 -0.198273 
vn -0.883211 -0.431784 -0.183032 
vn -0.880832 -0.442332 -0.168753 
vn -0.880229 -0.444409 -0.166424 
vn -0.852974 -0.508633 -0.117165 
vn -0.867083 -0.479998 -0.133302 
vn -0.860475 -0.49407 -0.124408 
vn -0.87272 -0.466581 -0.143742 
vn -0.844669 -0.523514 -0.111656 
vn -0.877321 -0.453976 -0.155605 
vn -0.878727 -0.449442 -0.160751 
vn -0.79474 -0.596592 -0.111656 
vn -0.792282 -0.599615 -0.112919 
vn -0.805462 -0.582733 -0.107948 
vn -0.815937 -0.568325 -0.106083 
vn -0.826041 -0.553537 -0.106083 
vn -0.835656 -0.538541 -0.107948 
vn -0.836059 -0.537881 -0.108112 
vn -0.762347 -0.633291 -0.133302 
vn -0.783895 -0.609739 -0.117165 
vn -0.773055 -0.62202 -0.124408 
vn -0.741827 -0.652288 -0.155605 
vn -0.740259 -0.653544 -0.157785 
vn -0.751897 -0.64342 -0.143742 
vn -0.760404 -0.635208 -0.135265 
vn -0.732256 -0.659791 -0.168753 
vn -0.723294 -0.665841 -0.183032 
vn -0.715048 -0.670368 -0.198273 
vn -0.70108 -0.674657 -0.230922 
vn -0.700076 -0.67462 -0.234054 
vn -0.708251 -0.673078 -0.212949 
vn -0.707615 -0.673318 -0.214299 
vn -0.695522 -0.674368 -0.247945 
vn -0.694788 -0.674066 -0.250808 
vn -0.691004 -0.672456 -0.265171 
vn -0.687581 -0.668943 -0.282397 
vn -0.685292 -0.663869 -0.299421 
vn -0.684163 -0.657295 -0.316043 
vn -0.684209 -0.649298 -0.332069 
vn -0.684305 -0.658063 -0.314134 
vn -0.685429 -0.639971 -0.34731 
vn -0.701558 -0.591757 -0.39704 
vn -0.706692 -0.58088 -0.403936 
vn -0.69592 -0.605174 -0.3866 
vn -0.691319 -0.617778 -0.374737 
vn -0.687808 -0.629423 -0.361589 
vn -0.68644 -0.635632 -0.353231 
vn -0.710865 -0.559091 -0.426718 
vn -0.708165 -0.577685 -0.405934 
vn -0.715666 -0.563122 -0.413178 
vn -0.752703 -0.50343 -0.42426 
vn -0.755959 -0.499004 -0.423699 
vn -0.742599 -0.518218 -0.42426 
vn -0.732984 -0.533214 -0.422394 
vn -0.723971 -0.54824 -0.418686 
vn -0.721997 -0.551831 -0.417375 
vn -0.784745 -0.462016 -0.413178 
vn -0.795585 -0.449735 -0.405934 
vn -0.773901 -0.475163 -0.418686 
vn -0.763178 -0.489022 -0.422394 
vn -0.816743 -0.428335 -0.3866 
vn -0.826813 -0.419467 -0.374737 
vn -0.806293 -0.438464 -0.39704 
vn -0.799329 -0.445841 -0.402863 
vn -0.845346 -0.405913 -0.34731 
vn -0.853592 -0.401387 -0.332069 
vn -0.836385 -0.411964 -0.361589 
vn -0.861026 -0.398437 -0.316043 
vn -0.86756 -0.397098 -0.299421 
vn -0.873119 -0.397386 -0.282397 
vn -0.877636 -0.399299 -0.265171 
vn -0.865373 -0.397567 -0.305075 
vn -0.881059 -0.402812 -0.247945 
vn -0.123147 -0.985448 -0.117165 
vn -0.106798 -0.986467 -0.124408 
vn -0.140112 -0.98382 -0.111656 
vn -0.0912568 -0.986865 -0.133302 
vn -0.156727 -0.981707 -0.108112 
vn -0.0767053 -0.986638 -0.143742 
vn -0.0633141 -0.985788 -0.155605 
vn -0.0533844 -0.984608 -0.166424 
vn -0.0585965 -0.985254 -0.160751 
vn -0.0186841 -0.972793 -0.230922 
vn -0.0168833 -0.970833 -0.239161 
vn -0.0242512 -0.976467 -0.214299 
vn -0.0315936 -0.979637 -0.198273 
vn -0.0406253 -0.982267 -0.183032 
vn -0.0512402 -0.984326 -0.168753 
vn -0.013179 -0.959207 -0.282397 
vn -0.0131154 -0.964112 -0.265171 
vn -0.0149576 -0.968659 -0.247945 
vn -0.0151477 -0.954001 -0.299421 
vn -0.0246862 -0.942932 -0.332069 
vn -0.0189985 -0.948555 -0.316043 
vn -0.0321441 -0.937199 -0.34731 
vn -0.0164557 -0.952186 -0.305075 
vn -0.052001 -0.925672 -0.374737 
vn -0.0641673 -0.920012 -0.3866 
vn -0.0412848 -0.931423 -0.361589 
vn -0.0776409 -0.914511 -0.39704 
vn -0.0922638 -0.909233 -0.405934 
vn -0.107865 -0.90424 -0.413178 
vn -0.0871939 -0.911097 -0.402863 
vn -0.124261 -0.89959 -0.418686 
vn -0.141259 -0.895337 -0.422394 
vn -0.193858 -0.885439 -0.422394 
vn -0.211239 -0.883221 -0.418686 
vn -0.1533 -0.892736 -0.423699 
vn -0.158661 -0.891533 -0.42426 
vn -0.176263 -0.88822 -0.42426 
vn -0.215321 -0.882856 -0.417375 
vn -0.228204 -0.881593 -0.413178 
vn -0.244553 -0.880574 -0.405934 
vn -0.274646 -0.880403 -0.3866 
vn -0.288037 -0.881253 -0.374737 
vn -0.248071 -0.880509 -0.403936 
vn -0.260094 -0.880176 -0.39704 
vn -0.300111 -0.882716 -0.361589 
vn -0.3271 -0.890574 -0.316043 
vn -0.327746 -0.891012 -0.314134 
vn -0.319757 -0.887404 -0.332069 
vn -0.310726 -0.884774 -0.34731 
vn -0.306346 -0.883957 -0.353231 
vn -0.338236 -0.902929 -0.265171 
vn -0.33819 -0.907041 -0.250808 
vn -0.336393 -0.898383 -0.282397 
vn -0.332667 -0.894248 -0.299421 
vn -0.338172 -0.907834 -0.247945 
vn -0.332352 -0.918487 -0.214299 
vn -0.331877 -0.918973 -0.212949 
vn -0.336203 -0.91304 -0.230922 
vn -0.336573 -0.912106 -0.234054 
vn -0.326665 -0.924109 -0.198273 
vn -0.319207 -0.929842 -0.183032 
vn -0.310066 -0.935618 -0.168753 
vn -0.287184 -0.947029 -0.143742 
vn -0.276247 -0.95152 -0.135265 
vn -0.301131 -0.940438 -0.157785 
vn -0.29935 -0.94137 -0.155605 
vn -0.27371 -0.95253 -0.133302 
vn -0.259087 -0.957808 -0.124408 
vn -0.275051 -0.951998 -0.13434 
vn -0.243486 -0.962802 -0.117165 
vn -0.19269 -0.975509 -0.106083 
vn -0.175675 -0.978719 -0.106052 
vn -0.175088 -0.978821 -0.106083 
vn -0.210092 -0.971704 -0.107948 
vn -0.22709 -0.967452 -0.111656 
vn -0.230846 -0.966416 -0.112919 
vn -0.157493 -0.981602 -0.107948 
vn 0.466581 -0.87272 -0.143742 
vn 0.474409 -0.869473 -0.137671 
vn 0.453976 -0.877321 -0.155605 
vn 0.442332 -0.880832 -0.168753 
vn 0.431784 -0.883211 -0.183032 
vn 0.430207 -0.883438 -0.185629 
vn 0.538541 -0.835656 -0.107948 
vn 0.553537 -0.826041 -0.106083 
vn 0.508633 -0.852974 -0.117165 
vn 0.523514 -0.844669 -0.111656 
vn 0.49407 -0.860475 -0.124408 
vn 0.479998 -0.867083 -0.133302 
vn 0.568325 -0.815937 -0.106083 
vn 0.596592 -0.79474 -0.111656 
vn 0.609739 -0.783895 -0.117165 
vn 0.582733 -0.805462 -0.107948 
vn 0.62202 -0.773055 -0.124408 
vn 0.570155 -0.814628 -0.10632 
vn 0.633291 -0.762347 -0.133302 
vn 0.64342 -0.751897 -0.143742 
vn 0.670368 -0.715048 -0.198273 
vn 0.665841 -0.723294 -0.183032 
vn 0.659791 -0.732256 -0.168753 
vn 0.652288 -0.741827 -0.155605 
vn 0.650133 -0.744318 -0.152702 
vn 0.672456 -0.691004 -0.265171 
vn 0.674368 -0.695522 -0.247945 
vn 0.668943 -0.687581 -0.282397 
vn 0.674657 -0.70108 -0.230922 
vn 0.673318 -0.707615 -0.214299 
vn 0.663869 -0.685292 -0.299421 
vn 0.672435 -0.709921 -0.209385 
vn 0.591757 -0.701558 -0.39704 
vn 0.649298 -0.684209 -0.332069 
vn 0.639971 -0.685429 -0.34731 
vn 0.657295 -0.684163 -0.316043 
vn 0.629423 -0.687808 -0.361589 
vn 0.658917 -0.684459 -0.312 
vn 0.617778 -0.691319 -0.374737 
vn 0.605174 -0.69592 -0.3866 
vn 0.518218 -0.742599 -0.42426 
vn 0.533214 -0.732984 -0.422394 
vn 0.54824 -0.723971 -0.418686 
vn 0.50343 -0.752703 -0.42426 
vn 0.563122 -0.715666 -0.413178 
vn 0.577685 -0.708165 -0.405934 
vn 0.581031 -0.706622 -0.403842 
vn 0.419467 -0.826813 -0.374737 
vn 0.41768 -0.829133 -0.371594 
vn 0.475163 -0.773901 -0.418686 
vn 0.462016 -0.784745 -0.413178 
vn 0.449735 -0.795585 -0.405934 
vn 0.489022 -0.763178 -0.422394 
vn 0.438464 -0.806293 -0.39704 
vn 0.428335 -0.816743 -0.3866 
vn 0.490159 -0.762364 -0.422546 
vn 0.397098 -0.86756 -0.299421 
vn 0.398437 -0.861026 -0.316043 
vn 0.401387 -0.853592 -0.332069 
vn 0.397386 -0.873119 -0.282397 
vn 0.405913 -0.845346 -0.34731 
vn 0.411964 -0.836385 -0.361589 
vn 0.415988 -0.831305 -0.368626 
vn 0.402812 -0.881059 -0.247945 
vn 0.407885 -0.883349 -0.230922 
vn 0.399299 -0.877636 -0.265171 
vn 0.414459 -0.884477 -0.214299 
vn 0.398368 -0.875436 -0.273706 
vn 0.422457 -0.884431 -0.198273 
vn 0.404166 -0.414645 -0.815303 
vn 0.407257 -0.429612 -0.805962 
vn 0.402998 -0.402231 -0.822072 
vn 0.411914 -0.443684 -0.795909 
vn 0.418083 -0.456698 -0.785261 
vn 0.425691 -0.468499 -0.774142 
vn 0.431286 -0.475026 -0.767035 
vn 0.434649 -0.478951 -0.762683 
vn 0.468503 -0.501069 -0.727622 
vn 0.473489 -0.502599 -0.723327 
vn 0.456181 -0.495332 -0.739287 
vn 0.444852 -0.487931 -0.751019 
vn 0.44426 -0.48741 -0.751708 
vn 0.495537 -0.507301 -0.705045 
vn 0.509932 -0.507722 -0.694397 
vn 0.481673 -0.505074 -0.716164 
vn 0.52469 -0.506334 -0.684343 
vn 0.597827 -0.47354 -0.646809 
vn 0.5694 -0.491578 -0.658889 
vn 0.583866 -0.483321 -0.652305 
vn 0.554599 -0.498214 -0.666485 
vn 0.539638 -0.503152 -0.675003 
vn 0.529247 -0.505385 -0.68153 
vn 0.645486 -0.421712 -0.636794 
vn 0.635091 -0.436284 -0.637429 
vn 0.623591 -0.449883 -0.639328 
vn 0.654654 -0.406339 -0.637429 
vn 0.611121 -0.462351 -0.642466 
vn 0.662488 -0.390345 -0.639328 
vn 0.610072 -0.463245 -0.642819 
vn 0.668897 -0.373918 -0.642466 
vn 0.677546 -0.292065 -0.675003 
vn 0.675417 -0.281653 -0.68153 
vn 0.673804 -0.357249 -0.646809 
vn 0.677152 -0.340534 -0.652305 
vn 0.669294 -0.372598 -0.642819 
vn 0.678902 -0.32397 -0.658889 
vn 0.679034 -0.30775 -0.666485 
vn 0.68826 -0.256409 -0.67864 
vn 0.674456 -0.277099 -0.684343 
vn 0.669799 -0.263026 -0.694397 
vn 0.66363 -0.250013 -0.705045 
vn 0.656022 -0.238211 -0.716164 
vn 0.647064 -0.227759 -0.727622 
vn 0.650467 -0.231711 -0.723327 
vn 0.63686 -0.21878 -0.739287 
vn 0.625531 -0.211379 -0.751019 
vn 0.608264 -0.204138 -0.767035 
vn 0.613209 -0.205642 -0.762683 
vn 0.624816 -0.211045 -0.751708 
vn 0.57178 -0.198988 -0.795909 
vn 0.557022 -0.200377 -0.805962 
vn 0.542075 -0.203558 -0.815303 
vn 0.586175 -0.19941 -0.785261 
vn 0.600039 -0.201636 -0.774142 
vn 0.483885 -0.23317 -0.843497 
vn 0.497847 -0.22339 -0.838001 
vn 0.512313 -0.215133 -0.831417 
vn 0.527113 -0.208496 -0.823821 
vn 0.530237 -0.207475 -0.822072 
vn 0.436227 -0.284998 -0.853512 
vn 0.446622 -0.270427 -0.852877 
vn 0.458122 -0.256827 -0.850978 
vn 0.427058 -0.300371 -0.852877 
vn 0.419224 -0.316365 -0.850978 
vn 0.470592 -0.24436 -0.847839 
vn 0.471653 -0.243474 -0.847504 
vn 0.412816 -0.332793 -0.847839 
vn 0.402678 -0.39896 -0.823821 
vn 0.407909 -0.349462 -0.843497 
vn 0.406989 -0.353355 -0.842318 
vn 0.412431 -0.334121 -0.847504 
vn 0.404561 -0.366176 -0.838001 
vn 0.40281 -0.382741 -0.831417 
vn 0.882277 0.405449 -0.239161 
vn 0.883349 0.407885 -0.230922 
vn 0.884477 0.414459 -0.214299 
vn 0.884431 0.422457 -0.198273 
vn 0.883211 0.431784 -0.183032 
vn 0.880832 0.442332 -0.168753 
vn 0.880229 0.444409 -0.166424 
vn 0.852974 0.508633 -0.117165 
vn 0.867083 0.479998 -0.133302 
vn 0.860475 0.49407 -0.124408 
vn 0.87272 0.466581 -0.143742 
vn 0.844669 0.523514 -0.111656 
vn 0.877321 0.453976 -0.155605 
vn 0.878727 0.449442 -0.160751 
vn 0.79474 0.596592 -0.111656 
vn 0.792282 0.599615 -0.112919 
vn 0.805462 0.582733 -0.107948 
vn 0.815937 0.568325 -0.106083 
vn 0.826041 0.553537 -0.106083 
vn 0.835656 0.538541 -0.107948 
vn 0.836059 0.537881 -0.108112 
vn 0.760917 0.634847 -0.134071 
vn 0.762347 0.633291 -0.133302 
vn 0.783895 0.609739 -0.117165 
vn 0.773055 0.62202 -0.124408 
vn 0.741827 0.652288 -0.155605 
vn 0.740259 0.653544 -0.157785 
vn 0.751897 0.64342 -0.143742 
vn 0.760404 0.635208 -0.135265 
vn 0.732256 0.659791 -0.168753 
vn 0.723294 0.665841 -0.183032 
vn 0.715048 0.670368 -0.198273 
vn 0.70108 0.674657 -0.230922 
vn 0.700076 0.67462 -0.234054 
vn 0.708251 0.673078 -0.212949 
vn 0.707615 0.673318 -0.214299 
vn 0.695522 0.674368 -0.247945 
vn 0.694788 0.674066 -0.250808 
vn 0.691004 0.672456 -0.265171 
vn 0.687581 0.668943 -0.282397 
vn 0.685292 0.663869 -0.299421 
vn 0.684163 0.657295 -0.316043 
vn 0.684209 0.649298 -0.332069 
vn 0.684305 0.658063 -0.314134 
vn 0.685429 0.639971 -0.34731 
vn 0.701558 0.591757 -0.39704 
vn 0.706692 0.58088 -0.403936 
vn 0.69592 0.605174 -0.3866 
vn 0.691319 0.617778 -0.374737 
vn 0.687808 0.629423 -0.361589 
vn 0.68644 0.635632 -0.353231 
vn 0.708165 0.577685 -0.405934 
vn 0.715666 0.563122 -0.413178 
vn 0.752703 0.50343 -0.42426 
vn 0.755959 0.499004 -0.423699 
vn 0.742599 0.518218 -0.42426 
vn 0.732984 0.533214 -0.422394 
vn 0.723971 0.54824 -0.418686 
vn 0.721997 0.551831 -0.417375 
vn 0.784745 0.462016 -0.413178 
vn 0.795585 0.449735 -0.405934 
vn 0.773901 0.475163 -0.418686 
vn 0.763178 0.489022 -0.422394 
vn 0.816743 0.428335 -0.3866 
vn 0.826813 0.419467 -0.374737 
vn 0.806293 0.438464 -0.39704 
vn 0.799329 0.445841 -0.402863 
vn 0.845346 0.405913 -0.34731 
vn 0.853592 0.401387 -0.332069 
vn 0.836385 0.411964 -0.361589 
vn 0.861026 0.398437 -0.316043 
vn 0.86756 0.397098 -0.299421 
vn 0.873119 0.397386 -0.282397 
vn 0.877636 0.399299 -0.265171 
vn 0.865373 0.397567 -0.305075 
vn 0.881059 0.402812 -0.247945 
vn 0.884774 -0.310726 -0.34731 
vn 0.887404 -0.319757 -0.332069 
vn 0.882716 -0.300111 -0.361589 
vn 0.881253 -0.288037 -0.374737 
vn 0.890574 -0.3271 -0.316043 
vn 0.880403 -0.274646 -0.3866 
vn 0.880176 -0.260094 -0.39704 
vn 0.880322 -0.255567 -0.399649 
vn 0.898383 -0.336393 -0.282397 
vn 0.902929 -0.338236 -0.265171 
vn 0.894248 -0.332667 -0.299421 
vn 0.907834 -0.338172 -0.247945 
vn 0.91304 -0.336203 -0.230922 
vn 0.891496 -0.328467 -0.312 
vn 0.918487 -0.332352 -0.214299 
vn 0.94137 -0.29935 -0.155605 
vn 0.942785 -0.296376 -0.152702 
vn 0.920245 -0.330617 -0.209385 
vn 0.924109 -0.326665 -0.198273 
vn 0.929842 -0.319207 -0.183032 
vn 0.935618 -0.310066 -0.168753 
vn 0.967452 -0.22709 -0.111656 
vn 0.971704 -0.210092 -0.107948 
vn 0.957808 -0.259087 -0.124408 
vn 0.962802 -0.243486 -0.117165 
vn 0.95253 -0.27371 -0.133302 
vn 0.947029 -0.287184 -0.143742 
vn 0.981602 -0.157493 -0.107948 
vn 0.98382 -0.140112 -0.111656 
vn 0.978821 -0.175088 -0.106083 
vn 0.985448 -0.123147 -0.117165 
vn 0.975509 -0.19269 -0.106083 
vn 0.986467 -0.106798 -0.124408 
vn 0.975045 -0.194891 -0.10632 
vn 0.986865 -0.0912568 -0.133302 
vn 0.982267 -0.0406253 -0.183032 
vn 0.986809 -0.0851784 -0.137671 
vn 0.986638 -0.0767053 -0.143742 
vn 0.985788 -0.0633141 -0.155605 
vn 0.984326 -0.0512402 -0.168753 
vn 0.972793 -0.0186841 -0.230922 
vn 0.976467 -0.0242512 -0.214299 
vn 0.968659 -0.0149576 -0.247945 
vn 0.979637 -0.0315936 -0.198273 
vn 0.964112 -0.0131154 -0.265171 
vn 0.981842 -0.0390897 -0.185629 
vn 0.931423 -0.0412848 -0.361589 
vn 0.959207 -0.013179 -0.282397 
vn 0.954001 -0.0151477 -0.299421 
vn 0.948555 -0.0189985 -0.316043 
vn 0.961724 -0.0131474 -0.273706 
vn 0.942932 -0.0246862 -0.332069 
vn 0.937199 -0.0321441 -0.34731 
vn 0.90424 -0.107865 -0.413178 
vn 0.909233 -0.0922638 -0.405934 
vn 0.914511 -0.0776409 -0.39704 
vn 0.89959 -0.124261 -0.418686 
vn 0.920012 -0.0641673 -0.3866 
vn 0.925672 -0.052001 -0.374737 
vn 0.927078 -0.0494319 -0.371594 
vn 0.895337 -0.141259 -0.422394 
vn 0.880574 -0.244553 -0.405934 
vn 0.880506 -0.248237 -0.403842 
vn 0.891533 -0.158661 -0.42426 
vn 0.888322 -0.175675 -0.42429 
vn 0.88822 -0.176263 -0.42426 
vn 0.895049 -0.142628 -0.422546 
vn 0.885439 -0.193858 -0.422394 
vn 0.883221 -0.211239 -0.418686 
vn 0.881593 -0.228204 -0.413178 
vn -0.466581 0.87272 -0.143742 
vn -0.474409 0.869473 -0.137671 
vn -0.453976 0.877321 -0.155605 
vn -0.442332 0.880832 -0.168753 
vn -0.431784 0.883211 -0.183032 
vn -0.430207 0.883438 -0.185629 
vn -0.538541 0.835656 -0.107948 
vn -0.553537 0.826041 -0.106083 
vn -0.508633 0.852974 -0.117165 
vn -0.523514 0.844669 -0.111656 
vn -0.49407 0.860475 -0.124408 
vn -0.479998 0.867083 -0.133302 
vn -0.568325 0.815937 -0.106083 
vn -0.596592 0.79474 -0.111656 
vn -0.609739 0.783895 -0.117165 
vn -0.582733 0.805462 -0.107948 
vn -0.62202 0.773055 -0.124408 
vn -0.570155 0.814628 -0.10632 
vn -0.633291 0.762347 -0.133302 
vn -0.64342 0.751897 -0.143742 
vn -0.670368 0.715048 -0.198273 
vn -0.665841 0.723294 -0.183032 
vn -0.659791 0.732256 -0.168753 
vn -0.652288 0.741827 -0.155605 
vn -0.650133 0.744318 -0.152702 
vn -0.672456 0.691004 -0.265171 
vn -0.674368 0.695522 -0.247945 
vn -0.668943 0.687581 -0.282397 
vn -0.674657 0.70108 -0.230922 
vn -0.673318 0.707615 -0.214299 
vn -0.663869 0.685292 -0.299421 
vn -0.672435 0.709921 -0.209385 
vn -0.591757 0.701558 -0.39704 
vn -0.649298 0.684209 -0.332069 
vn -0.639971 0.685429 -0.34731 
vn -0.657295 0.684163 -0.316043 
vn -0.629423 0.687808 -0.361589 
vn -0.658917 0.684459 -0.312 
vn -0.617778 0.691319 -0.374737 
vn -0.605174 0.69592 -0.3866 
vn -0.518218 0.742599 -0.42426 
vn -0.533214 0.732984 -0.422394 
vn -0.54824 0.723971 -0.418686 
vn -0.50343 0.752703 -0.42426 
vn -0.563122 0.715666 -0.413178 
vn -0.577685 0.708165 -0.405934 
vn -0.581031 0.706622 -0.403842 
vn -0.419467 0.826813 -0.374737 
vn -0.41768 0.829133 -0.371594 
vn -0.475163 0.773901 -0.418686 
vn -0.462016 0.784745 -0.413178 
vn -0.449735 0.795585 -0.405934 
vn -0.489022 0.763178 -0.422394 
vn -0.438464 0.806293 -0.39704 
vn -0.428335 0.816743 -0.3866 
vn -0.490159 0.762364 -0.422546 
vn -0.397098 0.86756 -0.299421 
vn -0.398437 0.861026 -0.316043 
vn -0.401387 0.853592 -0.332069 
vn -0.397386 0.873119 -0.282397 
vn -0.405913 0.845346 -0.34731 
vn -0.411964 0.836385 -0.361589 
vn -0.415094 0.830706 -0.370977 
vn -0.415988 0.831305 -0.368626 
vn -0.402812 0.881059 -0.247945 
vn -0.407885 0.883349 -0.230922 
vn -0.399299 0.877636 -0.265171 
vn -0.414459 0.884477 -0.214299 
vn -0.398368 0.875436 -0.273706 
vn -0.422457 0.884431 -0.198273 
vn 0.215321 0.882856 -0.417375 
vn 0.228204 0.881593 -0.413178 
vn 0.244553 0.880574 -0.405934 
vn 0.274646 0.880403 -0.3866 
vn 0.288037 0.881253 -0.374737 
vn 0.248071 0.880509 -0.403936 
vn 0.260094 0.880176 -0.39704 
vn 0.300111 0.882716 -0.361589 
vn 0.3271 0.890574 -0.316043 
vn 0.327746 0.891012 -0.314134 
vn 0.319757 0.887404 -0.332069 
vn 0.310726 0.884774 -0.34731 
vn 0.306346 0.883957 -0.353231 
vn 0.338236 0.902929 -0.265171 
vn 0.33819 0.907041 -0.250808 
vn 0.336393 0.898383 -0.282397 
vn 0.332667 0.894248 -0.299421 
vn 0.345261 0.906406 -0.24336 
vn 0.338172 0.907834 -0.247945 
vn 0.332352 0.918487 -0.214299 
vn 0.331877 0.918973 -0.212949 
vn 0.336203 0.91304 -0.230922 
vn 0.336573 0.912106 -0.234054 
vn 0.326665 0.924109 -0.198273 
vn 0.319207 0.929842 -0.183032 
vn 0.310066 0.935618 -0.168753 
vn 0.287184 0.947029 -0.143742 
vn 0.276247 0.95152 -0.135265 
vn 0.301131 0.940438 -0.157785 
vn 0.29935 0.94137 -0.155605 
vn 0.27371 0.95253 -0.133302 
vn 0.259087 0.957808 -0.124408 
vn 0.275051 0.951998 -0.13434 
vn 0.243486 0.962802 -0.117165 
vn 0.19269 0.975509 -0.106083 
vn 0.230846 0.966416 -0.112919 
vn 0.22709 0.967452 -0.111656 
vn 0.210092 0.971704 -0.107948 
vn 0.175088 0.978821 -0.106083 
vn 0.157493 0.981602 -0.107948 
vn 0.123147 0.985448 -0.117165 
vn 0.106798 0.986467 -0.124408 
vn 0.140112 0.98382 -0.111656 
vn 0.0912568 0.986865 -0.133302 
vn 0.156727 0.981707 -0.108112 
vn 0.0767053 0.986638 -0.143742 
vn 0.0633141 0.985788 -0.155605 
vn 0.0533844 0.984608 -0.166424 
vn 0.0585965 0.985254 -0.160751 
vn 0.0186841 0.972793 -0.230922 
vn 0.0168833 0.970833 -0.239161 
vn 0.0242512 0.976467 -0.214299 
vn 0.0315936 0.979637 -0.198273 
vn 0.0406253 0.982267 -0.183032 
vn 0.0512402 0.984326 -0.168753 
vn 0.013179 0.959207 -0.282397 
vn 0.0131154 0.964112 -0.265171 
vn 0.0149576 0.968659 -0.247945 
vn 0.0151477 0.954001 -0.299421 
vn 0.0246862 0.942932 -0.332069 
vn 0.0189985 0.948555 -0.316043 
vn 0.0321441 0.937199 -0.34731 
vn 0.0164557 0.952186 -0.305075 
vn 0.052001 0.925672 -0.374737 
vn 0.0641673 0.920012 -0.3866 
vn 0.0412848 0.931423 -0.361589 
vn 0.0776409 0.914511 -0.39704 
vn 0.0922638 0.909233 -0.405934 
vn 0.107865 0.90424 -0.413178 
vn 0.0871939 0.911097 -0.402863 
vn 0.124261 0.89959 -0.418686 
vn 0.141259 0.895337 -0.422394 
vn 0.193858 0.885439 -0.422394 
vn 0.211239 0.883221 -0.418686 
vn 0.158661 0.891533 -0.42426 
vn 0.175675 0.888322 -0.42429 
vn 0.176263 0.88822 -0.42426 
vn 0.1533 0.892736 -0.423699 
vn 0.408338 0.403582 -0.818768 
vn 0.414645 0.404166 -0.815303 
vn 0.478951 0.434649 -0.762683 
vn 0.468499 0.425691 -0.774142 
vn 0.456698 0.418083 -0.785261 
vn 0.443684 0.411914 -0.795909 
vn 0.429612 0.407257 -0.805962 
vn 0.42382 0.406073 -0.809618 
vn 0.487931 0.444852 -0.751019 
vn 0.505074 0.481673 -0.716164 
vn 0.501069 0.468503 -0.727622 
vn 0.507301 0.495537 -0.705045 
vn 0.495332 0.456181 -0.739287 
vn 0.507722 0.509932 -0.694397 
vn 0.506334 0.52469 -0.684343 
vn 0.492366 0.45163 -0.744047 
vn 0.498214 0.554599 -0.666485 
vn 0.495848 0.559939 -0.66378 
vn 0.503152 0.539638 -0.675003 
vn 0.503447 0.538293 -0.675856 
vn 0.462351 0.611121 -0.642466 
vn 0.47354 0.597827 -0.646809 
vn 0.483321 0.583866 -0.652305 
vn 0.449883 0.623591 -0.639328 
vn 0.491578 0.5694 -0.658889 
vn 0.436284 0.635091 -0.637429 
vn 0.421712 0.645486 -0.636794 
vn 0.406339 0.654654 -0.637429 
vn 0.449195 0.62418 -0.639236 
vn 0.390345 0.662488 -0.639328 
vn 0.373918 0.668897 -0.642466 
vn 0.357249 0.673804 -0.646809 
vn 0.340534 0.677152 -0.652305 
vn 0.32397 0.678902 -0.658889 
vn 0.292065 0.677546 -0.675003 
vn 0.313591 0.679012 -0.66378 
vn 0.30775 0.679034 -0.666485 
vn 0.250013 0.66363 -0.705045 
vn 0.238211 0.656022 -0.716164 
vn 0.263026 0.669799 -0.694397 
vn 0.227759 0.647064 -0.727622 
vn 0.277099 0.674456 -0.684343 
vn 0.290716 0.677276 -0.675856 
vn 0.21878 0.63686 -0.739287 
vn 0.200377 0.557022 -0.805962 
vn 0.201619 0.551242 -0.809618 
vn 0.211379 0.625531 -0.751019 
vn 0.205642 0.613209 -0.762683 
vn 0.201636 0.600039 -0.774142 
vn 0.19941 0.586175 -0.785261 
vn 0.198988 0.57178 -0.795909 
vn 0.215803 0.632315 -0.744047 
vn 0.203558 0.542075 -0.815303 
vn 0.23317 0.483885 -0.843497 
vn 0.24436 0.470592 -0.847839 
vn 0.22339 0.497847 -0.838001 
vn 0.215133 0.512313 -0.831417 
vn 0.208496 0.527113 -0.823821 
vn 0.205557 0.536064 -0.818768 
vn 0.284998 0.436227 -0.853512 
vn 0.270427 0.446622 -0.852877 
vn 0.300371 0.427058 -0.852877 
vn 0.256827 0.458122 -0.850978 
vn 0.316365 0.419224 -0.850978 
vn 0.249273 0.465705 -0.849106 
vn 0.39896 0.402678 -0.823821 
vn 0.349462 0.407909 -0.843497 
vn 0.353355 0.406989 -0.842318 
vn 0.332793 0.412816 -0.847839 
vn 0.366176 0.404561 -0.838001 
vn 0.326345 0.415352 -0.849106 
vn 0.382741 0.40281 -0.831417 
vn -0.587512 -0.146145 0.795909 
vn -0.597963 -0.15254 0.786875 
vn -0.546558 -0.100104 0.831417 
vn -0.555319 -0.113755 0.823821 
vn -0.565143 -0.126072 0.815303 
vn -0.575917 -0.136911 0.805962 
vn -0.540791 -0.0888181 0.836455 
vn -0.599794 -0.153665 0.785261 
vn -0.666273 -0.163234 0.727622 
vn -0.65282 -0.165171 0.739287 
vn -0.639287 -0.165171 0.751019 
vn -0.679489 -0.159384 0.716164 
vn -0.625834 -0.163234 0.762683 
vn -0.612618 -0.159384 0.774142 
vn -0.61252 -0.15934 0.774229 
vn -0.704595 -0.146145 0.694397 
vn -0.692314 -0.153665 0.705045 
vn -0.716191 -0.136911 0.684343 
vn -0.726964 -0.126072 0.675003 
vn -0.68184 -0.158347 0.714157 
vn -0.736789 -0.113755 0.666485 
vn -0.759483 -0.0694553 0.646809 
vn -0.761812 -0.0618199 0.644841 
vn -0.753144 -0.0852796 0.652305 
vn -0.74555 -0.100104 0.658889 
vn -0.741572 -0.106352 0.66239 
vn -0.768112 0.035559 0.639328 
vn -0.768112 -0.035559 0.639328 
vn -0.770301 -0.0178843 0.637429 
vn -0.771034 2.77556e-16 0.636794 
vn -0.770301 0.0178843 0.637429 
vn -0.764492 -0.0528168 0.642466 
vn -0.764492 0.0528168 0.642466 
vn -0.74555 0.100104 0.658889 
vn -0.736789 0.113755 0.666485 
vn -0.753144 0.0852796 0.652305 
vn -0.759483 0.0694553 0.646809 
vn -0.726964 0.126072 0.675003 
vn -0.763374 0.0566012 0.643472 
vn -0.716191 0.136911 0.684343 
vn -0.65282 0.165171 0.739287 
vn -0.679489 0.159384 0.716164 
vn -0.666273 0.163234 0.727622 
vn -0.692314 0.153665 0.705045 
vn -0.704595 0.146145 0.694397 
vn -0.708326 0.143199 0.691208 
vn -0.612618 0.159384 0.774142 
vn -0.599794 0.153665 0.785261 
vn -0.625834 0.163234 0.762683 
vn -0.587512 0.146145 0.795909 
vn -0.639287 0.165171 0.751019 
vn -0.575917 0.136911 0.805962 
vn -0.647184 0.165177 0.744224 
vn -0.565143 0.126072 0.815303 
vn -0.555319 0.113755 0.823821 
vn -0.546558 0.100104 0.831417 
vn -0.538964 0.0852796 0.838001 
vn -0.570591 0.131535 0.810632 
vn -0.532625 0.0694553 0.843497 
vn -0.527616 0.0528168 0.847839 
vn -0.523996 0.035559 0.850978 
vn -0.522799 0.025735 0.852067 
vn -0.527616 -0.0528168 0.847839 
vn -0.523996 -0.035559 0.850978 
vn -0.532625 -0.0694553 0.843497 
vn -0.521806 -0.0178843 0.852877 
vn -0.521074 4.16334e-16 0.853512 
vn -0.538964 -0.0852796 0.838001 
vn -0.521806 0.0178843 0.852877 
vn -0.522287 0.0216554 0.852495 
vn 0.0437594 0.16466 0.985379 
vn 0.0407316 0.160116 0.986257 
vn 0.0528168 0.156755 0.986224 
vn 0.113755 0.120089 0.986224 
vn 0.11664 0.117051 0.986253 
vn 0.0852796 0.141736 0.986224 
vn 0.0694553 0.150125 0.986224 
vn 0.0606173 0.153654 0.986264 
vn 0.100104 0.131685 0.986224 
vn 0.126072 0.107086 0.986224 
vn 0.163234 -0.0267609 0.986224 
vn 0.159384 0.0442528 0.986224 
vn 0.163234 0.0267609 0.986224 
vn 0.165171 0.00895531 0.986224 
vn 0.165171 -0.00895531 0.986224 
vn 0.153665 0.0612259 0.986224 
vn 0.146145 0.0774811 0.986224 
vn 0.136911 0.0928279 0.986224 
vn 0.130253 0.101597 0.986262 
vn 0.160311 -0.0400658 0.986253 
vn 0.159384 -0.0442528 0.986224 
vn 0.126072 -0.107086 0.986224 
vn 0.11672 -0.116966 0.986253 
vn 0.136911 -0.0928279 0.986224 
vn 0.146145 -0.0774811 0.986224 
vn 0.153665 -0.0612259 0.986224 
vn 0.154237 -0.0595375 0.986238 
vn 0.113755 -0.120089 0.986224 
vn -0.0178843 -0.164444 0.986224 
vn -0.035559 -0.161546 0.986224 
vn 0.035559 -0.161546 0.986224 
vn 0.0178843 -0.164444 0.986224 
vn 2.498e-16 -0.165414 0.986224 
vn 0.0528168 -0.156755 0.986224 
vn 0.0694553 -0.150125 0.986224 
vn 0.0852796 -0.141736 0.986224 
vn 0.100104 -0.131685 0.986224 
vn 0.10118 -0.130773 0.986236 
vn -0.0407316 -0.160116 0.986257 
vn -0.0528168 -0.156755 0.986224 
vn -0.113755 -0.120089 0.986224 
vn -0.11664 -0.117051 0.986253 
vn -0.0852796 -0.141736 0.986224 
vn -0.0694553 -0.150125 0.986224 
vn -0.0606173 -0.153654 0.986264 
vn -0.100104 -0.131685 0.986224 
vn -0.126072 -0.107086 0.986224 
vn -0.163234 0.0267609 0.986224 
vn -0.159384 -0.0442528 0.986224 
vn -0.163234 -0.0267609 0.986224 
vn -0.165171 -0.00895531 0.986224 
vn -0.165171 0.00895531 0.986224 
vn -0.153665 -0.0612259 0.986224 
vn -0.146145 -0.0774811 0.986224 
vn -0.136911 -0.0928279 0.986224 
vn -0.130253 -0.101597 0.986262 
vn -0.160311 0.0400658 0.986253 
vn -0.159384 0.0442528 0.986224 
vn -0.126072 0.107086 0.986224 
vn -0.11672 0.116966 0.986253 
vn -0.136911 0.0928279 0.986224 
vn -0.146145 0.0774811 0.986224 
vn -0.153665 0.0612259 0.986224 
vn -0.154237 0.0595375 0.986238 
vn -0.105629 0.133679 0.985379 
vn -0.113755 0.120089 0.986224 
vn 0.0178843 0.164444 0.986224 
vn 0.035559 0.161546 0.986224 
vn -0.035559 0.161546 0.986224 
vn -0.0178843 0.164444 0.986224 
vn -4.16334e-16 0.165414 0.986224 
vn -0.0528168 0.156755 0.986224 
vn -0.0694553 0.150125 0.986224 
vn -0.0852796 0.141736 0.986224 
vn -0.100104 0.131685 0.986224 
vn -0.10118 0.130773 0.986236 
vn 0.0694553 0.759483 0.646809 
vn 0.0528168 0.764492 0.642466 
vn 0.035559 0.768112 0.639328 
vn 0.0178843 0.770301 0.637429 
vn -0.00398606 0.775908 0.630833 
vn 0.00370057 0.770903 0.636942 
vn 0.100104 0.74555 0.658889 
vn 0.113755 0.736789 0.666485 
vn 0.0852796 0.753144 0.652305 
vn 0.126072 0.726964 0.675003 
vn 0.0810058 0.754881 0.65084 
vn 0.136911 0.716191 0.684343 
vn 0.159384 0.679489 0.716164 
vn 0.163097 0.666752 0.727215 
vn 0.139184 0.713363 0.686834 
vn 0.146145 0.704595 0.694397 
vn 0.153665 0.692314 0.705045 
vn 0.163234 0.666273 0.727622 
vn 0.165171 0.65282 0.739287 
vn 0.165171 0.639287 0.751019 
vn 0.159384 0.612618 0.774142 
vn 0.153665 0.599794 0.785261 
vn 0.163234 0.625834 0.762683 
vn 0.164555 0.634992 0.754789 
vn 0.146145 0.587512 0.795909 
vn 0.0694553 0.532625 0.843497 
vn 0.0677366 0.532115 0.843958 
vn 0.126072 0.565143 0.815303 
vn 0.113755 0.555319 0.823821 
vn 0.136911 0.575917 0.805962 
vn 0.100104 0.546558 0.831417 
vn 0.0852796 0.538964 0.838001 
vn 0.13951 0.579193 0.803164 
vn 0.0528168 0.527616 0.847839 
vn -0.035559 0.523996 0.850978 
vn -0.0178843 0.521806 0.852877 
vn 2.10942e-15 0.521074 0.853512 
vn 0.0178843 0.521806 0.852877 
vn 0.035559 0.523996 0.850978 
vn 0.0497908 0.526993 0.84841 
vn -0.0528168 0.527616 0.847839 
vn -0.100104 0.546558 0.831417 
vn -0.0852796 0.538964 0.838001 
vn -0.113755 0.555319 0.823821 
vn -0.0694553 0.532625 0.843497 
vn -0.126072 0.565143 0.815303 
vn -0.0573598 0.529 0.846681 
vn -0.146145 0.587512 0.795909 
vn -0.153665 0.599794 0.785261 
vn -0.136911 0.575917 0.805962 
vn -0.159384 0.612618 0.774142 
vn -0.135651 0.574672 0.807063 
vn -0.163234 0.625834 0.762683 
vn -0.165171 0.639287 0.751019 
vn -0.165171 0.65282 0.739287 
vn -0.164341 0.65866 0.734275 
vn -0.16325 0.66617 0.727713 
vn -0.126072 0.726964 0.675003 
vn -0.113755 0.736789 0.666485 
vn -0.136911 0.716191 0.684343 
vn -0.146145 0.704595 0.694397 
vn -0.153665 0.692314 0.705045 
vn -0.159384 0.679489 0.716164 
vn -0.163234 0.666273 0.727622 
vn -0.0178843 0.770301 0.637429 
vn -0.012737 0.770537 0.637268 
vn -0.0852796 0.753144 0.652305 
vn -0.0694553 0.759483 0.646809 
vn -0.100104 0.74555 0.658889 
vn -0.0528168 0.764492 0.642466 
vn -0.035559 0.768112 0.639328 
vn -0.107703 0.740704 0.663142 
vn 2.38698e-15 0.771034 0.636794 
vn -0.803385 0.462757 0.374737 
vn -0.803741 0.460434 0.37683 
vn -0.804195 0.501357 0.319237 
vn -0.802896 0.495065 0.332069 
vn -0.802175 0.485686 0.34731 
vn -0.802339 0.474874 0.361589 
vn -0.805302 0.449476 0.3866 
vn -0.808066 0.435188 0.39704 
vn -0.811645 0.420059 0.405934 
vn -0.815997 0.404268 0.413178 
vn -0.821072 0.387998 0.418686 
vn -0.82681 0.371442 0.422394 
vn -0.819448 0.393311 0.416907 
vn -0.833142 0.354792 0.42426 
vn -0.862858 0.291137 0.413178 
vn -0.869218 0.279987 0.407515 
vn -0.847291 0.321994 0.422394 
vn -0.854942 0.30623 0.418686 
vn -0.839997 0.338245 0.42426 
vn -0.834376 0.35187 0.42427 
vn -0.870946 0.276893 0.405934 
vn -0.879113 0.263664 0.39704 
vn -0.924467 0.213257 0.316043 
vn -0.910655 0.223792 0.34731 
vn -0.917796 0.217669 0.332069 
vn -0.903126 0.231553 0.361589 
vn -0.895298 0.240861 0.374737 
vn -0.887262 0.251607 0.3866 
vn -0.883309 0.257519 0.391726 
vn -0.9409 0.210691 0.265171 
vn -0.944972 0.213427 0.247945 
vn -0.936087 0.209747 0.282397 
vn -0.948254 0.217923 0.230922 
vn -0.930587 0.210605 0.299421 
vn -0.950707 0.224126 0.214299 
vn -0.929954 0.210889 0.301183 
vn -0.947133 0.291839 0.133302 
vn -0.952303 0.231962 0.198273 
vn -0.953023 0.241342 0.183032 
vn -0.952859 0.252153 0.168753 
vn -0.95186 0.22964 0.203046 
vn -0.951813 0.26427 0.155605 
vn -0.949897 0.277551 0.143742 
vn -0.945655 0.298252 0.129544 
vn -0.943554 0.306968 0.124408 
vn -0.939201 0.322759 0.117165 
vn -0.934126 0.339029 0.111656 
vn -0.928389 0.355586 0.107948 
vn -0.915202 0.388782 0.106083 
vn -0.913495 0.392657 0.106529 
vn -0.922086 0.37216 0.106091 
vn -0.922056 0.372235 0.106083 
vn -0.876085 0.463363 0.133302 
vn -0.867936 0.475421 0.143742 
vn -0.884252 0.450134 0.124408 
vn -0.892341 0.43589 0.117165 
vn -0.900257 0.420797 0.111656 
vn -0.907907 0.405033 0.107948 
vn -0.909784 0.401136 0.106695 
vn -0.90971 0.401088 0.107497 
vn -0.859901 0.486166 0.155605 
vn -0.837402 0.509358 0.198273 
vn -0.830732 0.51377 0.214299 
vn -0.844544 0.503235 0.183032 
vn -0.852072 0.495474 0.168753 
vn -0.853977 0.493254 0.165602 
vn -0.814298 0.516336 0.265171 
vn -0.819112 0.51728 0.247945 
vn -0.810227 0.5136 0.282397 
vn -0.824611 0.516422 0.230922 
vn -0.806945 0.509104 0.299421 
vn -0.830513 0.51387 0.214908 
vn -0.804492 0.502901 0.316043 
vn -0.217669 0.917796 0.332069 
vn -0.218932 0.916354 0.335207 
vn -0.213392 0.924268 0.316533 
vn -0.263664 0.879113 0.39704 
vn -0.276893 0.870946 0.405934 
vn -0.251607 0.887262 0.3866 
vn -0.240861 0.895298 0.374737 
vn -0.231553 0.903126 0.361589 
vn -0.223792 0.910655 0.34731 
vn -0.291137 0.862858 0.413178 
vn -0.321994 0.847291 0.422394 
vn -0.338245 0.839997 0.42426 
vn -0.30623 0.854942 0.418686 
vn -0.354792 0.833142 0.42426 
vn -0.293115 0.861839 0.413905 
vn -0.371442 0.82681 0.422394 
vn -0.387998 0.821072 0.418686 
vn -0.449476 0.805302 0.3866 
vn -0.456526 0.804319 0.380335 
vn -0.435188 0.808066 0.39704 
vn -0.420059 0.811645 0.405934 
vn -0.404268 0.815997 0.413178 
vn -0.396384 0.818494 0.415869 
vn -0.495065 0.802896 0.332069 
vn -0.485686 0.802175 0.34731 
vn -0.502901 0.804492 0.316043 
vn -0.474874 0.802339 0.361589 
vn -0.462757 0.803385 0.374737 
vn -0.509104 0.806945 0.299421 
vn -0.516336 0.814298 0.265171 
vn -0.51728 0.819112 0.247945 
vn -0.5136 0.810227 0.282397 
vn -0.516422 0.824611 0.230922 
vn -0.510814 0.808209 0.293031 
vn -0.51377 0.830732 0.214299 
vn -0.509358 0.837402 0.198273 
vn -0.475421 0.867936 0.143742 
vn -0.507906 0.839137 0.194628 
vn -0.503235 0.844544 0.183032 
vn -0.495474 0.852072 0.168753 
vn -0.486166 0.859901 0.155605 
vn -0.420797 0.900257 0.111656 
vn -0.405033 0.907907 0.107948 
vn -0.43589 0.892341 0.117165 
vn -0.450134 0.884252 0.124408 
vn -0.463363 0.876085 0.133302 
vn -0.388782 0.915202 0.106083 
vn -0.473791 0.86906 0.142326 
vn -0.339029 0.934126 0.111656 
vn -0.322759 0.939201 0.117165 
vn -0.355586 0.928389 0.107948 
vn -0.372235 0.922056 0.106083 
vn -0.306968 0.943554 0.124408 
vn -0.380262 0.918774 0.106087 
vn -0.291839 0.947133 0.133302 
vn -0.277551 0.949897 0.143742 
vn -0.26427 0.951813 0.155605 
vn -0.258195 0.952377 0.162215 
vn -0.271628 0.950791 0.149048 
vn -0.231962 0.952303 0.198273 
vn -0.224126 0.950707 0.214299 
vn -0.241342 0.953023 0.183032 
vn -0.217923 0.948254 0.230922 
vn -0.252153 0.952859 0.168753 
vn -0.213427 0.944972 0.247945 
vn -0.210691 0.9409 0.265171 
vn -0.216669 0.947364 0.235704 
vn -0.209747 0.936087 0.282397 
vn -0.210605 0.930587 0.299421 
vn -0.213257 0.924467 0.316043 
vn 0.50676 0.806041 0.305764 
vn 0.502901 0.804492 0.316043 
vn 0.462757 0.803385 0.374737 
vn 0.450477 0.805167 0.385716 
vn 0.474874 0.802339 0.361589 
vn 0.485686 0.802175 0.34731 
vn 0.495065 0.802896 0.332069 
vn 0.501631 0.804248 0.318671 
vn 0.449476 0.805302 0.3866 
vn 0.435188 0.808066 0.39704 
vn 0.420059 0.811645 0.405934 
vn 0.404268 0.815997 0.413178 
vn 0.396721 0.818389 0.415755 
vn 0.414812 0.813124 0.408362 
vn 0.354792 0.833142 0.42426 
vn 0.345015 0.83723 0.424276 
vn 0.371442 0.82681 0.422394 
vn 0.387998 0.821072 0.418686 
vn 0.321994 0.847291 0.422394 
vn 0.30623 0.854942 0.418686 
vn 0.338245 0.839997 0.42426 
vn 0.276893 0.870946 0.405934 
vn 0.291137 0.862858 0.413178 
vn 0.263664 0.879113 0.39704 
vn 0.298082 0.859256 0.415725 
vn 0.251607 0.887262 0.3866 
vn 0.240861 0.895298 0.374737 
vn 0.2586 0.882577 0.392662 
vn 0.231553 0.903126 0.361589 
vn 0.229171 0.905476 0.357204 
vn 0.223792 0.910655 0.34731 
vn 0.217669 0.917796 0.332069 
vn 0.213257 0.924467 0.316043 
vn 0.212518 0.926217 0.311381 
vn 0.210605 0.930587 0.299421 
vn 0.209747 0.936087 0.282397 
vn 0.210691 0.9409 0.265171 
vn 0.21197 0.942829 0.257183 
vn 0.213284 0.944764 0.24886 
vn 0.213427 0.944972 0.247945 
vn 0.217923 0.948254 0.230922 
vn 0.224126 0.950707 0.214299 
vn 0.231962 0.952303 0.198273 
vn 0.26427 0.951813 0.155605 
vn 0.233431 0.952436 0.195898 
vn 0.241342 0.953023 0.183032 
vn 0.252153 0.952859 0.168753 
vn 0.277551 0.949897 0.143742 
vn 0.306968 0.943554 0.124408 
vn 0.322759 0.939201 0.117165 
vn 0.339029 0.934126 0.111656 
vn 0.291839 0.947133 0.133302 
vn 0.355586 0.928389 0.107948 
vn 0.27914 0.949605 0.142586 
vn 0.372235 0.922056 0.106083 
vn 0.387568 0.915717 0.106084 
vn 0.377703 0.919829 0.106086 
vn 0.46618 0.882932 0.0557412 
vn 0.405033 0.907907 0.107948 
vn 0.415865 0.902689 0.110496 
vn 0.388782 0.915202 0.106083 
vn 0.47168 0.879339 0.0654308 
vn 0.420797 0.900257 0.111656 
vn 0.43589 0.892341 0.117165 
vn 0.478025 0.875193 0.0743534 
vn 0.450134 0.884252 0.124408 
vn 0.450776 0.883865 0.124838 
vn 0.48514 0.870545 0.0824042 
vn 0.463363 0.876085 0.133302 
vn 0.475421 0.867936 0.143742 
vn 0.50134 0.859961 0.0955245 
vn 0.492943 0.865447 0.0894889 
vn 0.510235 0.85415 0.10044 
vn 0.475698 0.867734 0.144047 
vn 0.519523 0.848082 0.104178 
vn 0.486166 0.859901 0.155605 
vn 0.495474 0.852072 0.168753 
vn 0.529094 0.841829 0.106695 
vn 0.497895 0.849769 0.173182 
vn 0.503235 0.844544 0.183032 
vn 0.509358 0.837402 0.198273 
vn 0.508903 0.837948 0.19713 
vn 0.51377 0.830732 0.214299 
vn 0.516422 0.824611 0.230922 
vn 0.513566 0.831053 0.213543 
vn 0.51728 0.819112 0.247945 
vn 0.509104 0.806945 0.299421 
vn 0.516336 0.814298 0.265171 
vn 0.51677 0.81644 0.257632 
vn 0.5136 0.810227 0.282397 
vn 0.917796 0.217669 0.332069 
vn 0.924467 0.213257 0.316043 
vn 0.910655 0.223792 0.34731 
vn 0.928219 0.211655 0.305959 
vn 0.903126 0.231553 0.361589 
vn 0.895298 0.240861 0.374737 
vn 0.887262 0.251607 0.3866 
vn 0.879113 0.263664 0.39704 
vn 0.896496 0.239462 0.372763 
vn 0.870946 0.276893 0.405934 
vn 0.862858 0.291137 0.413178 
vn 0.854942 0.30623 0.418686 
vn 0.853253 0.309768 0.419528 
vn 0.855869 0.304494 0.418058 
vn 0.821072 0.387998 0.418686 
vn 0.815997 0.404268 0.413178 
vn 0.82681 0.371442 0.422394 
vn 0.833142 0.354792 0.42426 
vn 0.839997 0.338245 0.42426 
vn 0.847291 0.321994 0.422394 
vn 0.805302 0.449476 0.3866 
vn 0.803385 0.462757 0.374737 
vn 0.808066 0.435188 0.39704 
vn 0.802339 0.474874 0.361589 
vn 0.811645 0.420059 0.405934 
vn 0.802175 0.485686 0.34731 
vn 0.802896 0.495065 0.332069 
vn 0.804492 0.502901 0.316043 
vn 0.806572 0.508129 0.302069 
vn 0.803625 0.498512 0.325073 
vn 0.819112 0.51728 0.247945 
vn 0.814298 0.516336 0.265171 
vn 0.810227 0.5136 0.282397 
vn 0.806945 0.509104 0.299421 
vn 0.824611 0.516422 0.230922 
vn 0.830732 0.51377 0.214299 
vn 0.820662 0.517059 0.243238 
vn 0.837402 0.509358 0.198273 
vn 0.838452 0.508482 0.196072 
vn 0.844544 0.503235 0.183032 
vn 0.852072 0.495474 0.168753 
vn 0.859901 0.486166 0.155605 
vn 0.884252 0.450134 0.124408 
vn 0.86125 0.484398 0.153645 
vn 0.867936 0.475421 0.143742 
vn 0.876085 0.463363 0.133302 
vn 0.888205 0.443253 0.120905 
vn 0.892341 0.43589 0.117165 
vn 0.915202 0.388782 0.106083 
vn 0.907907 0.405033 0.107948 
vn 0.900257 0.420797 0.111656 
vn 0.89711 0.42688 0.113875 
vn 0.922056 0.372235 0.106083 
vn 0.928389 0.355586 0.107948 
vn 0.947133 0.291839 0.133302 
vn 0.949223 0.281193 0.141091 
vn 0.943554 0.306968 0.124408 
vn 0.939201 0.322759 0.117165 
vn 0.934126 0.339029 0.111656 
vn 0.933426 0.341103 0.111195 
vn 0.949897 0.277551 0.143742 
vn 0.951813 0.26427 0.155605 
vn 0.952859 0.252153 0.168753 
vn 0.950707 0.224126 0.214299 
vn 0.948824 0.219305 0.227241 
vn 0.952303 0.231962 0.198273 
vn 0.953023 0.241342 0.183032 
vn 0.953006 0.2446 0.178745 
vn 0.936087 0.209747 0.282397 
vn 0.9409 0.210691 0.265171 
vn 0.944972 0.213427 0.247945 
vn 0.930587 0.210605 0.299421 
vn 0.948254 0.217923 0.230922 
vn 0.74555 -0.100104 0.658889 
vn 0.736789 -0.113755 0.666485 
vn 0.753144 -0.0852796 0.652305 
vn 0.759483 -0.0694553 0.646809 
vn 0.726964 -0.126072 0.675003 
vn 0.763374 -0.0566012 0.643472 
vn 0.716191 -0.136911 0.684343 
vn 0.65282 -0.165171 0.739287 
vn 0.679489 -0.159384 0.716164 
vn 0.666273 -0.163234 0.727622 
vn 0.692314 -0.153665 0.705045 
vn 0.704595 -0.146145 0.694397 
vn 0.708326 -0.143199 0.691208 
vn 0.612618 -0.159384 0.774142 
vn 0.599794 -0.153665 0.785261 
vn 0.625834 -0.163234 0.762683 
vn 0.587512 -0.146145 0.795909 
vn 0.639287 -0.165171 0.751019 
vn 0.575917 -0.136911 0.805962 
vn 0.647184 -0.165177 0.744224 
vn 0.565143 -0.126072 0.815303 
vn 0.555319 -0.113755 0.823821 
vn 0.546558 -0.100104 0.831417 
vn 0.538964 -0.0852796 0.838001 
vn 0.570591 -0.131535 0.810632 
vn 0.532625 -0.0694553 0.843497 
vn 0.527616 -0.0528168 0.847839 
vn 0.523996 -0.035559 0.850978 
vn 0.522799 -0.025735 0.852067 
vn 0.527616 0.0528168 0.847839 
vn 0.523996 0.035559 0.850978 
vn 0.532625 0.0694553 0.843497 
vn 0.521806 0.0178843 0.852877 
vn 0.521074 2.498e-16 0.853512 
vn 0.538964 0.0852796 0.838001 
vn 0.521806 -0.0178843 0.852877 
vn 0.522287 -0.0216554 0.852495 
vn 0.587512 0.146145 0.795909 
vn 0.597963 0.15254 0.786875 
vn 0.546558 0.100104 0.831417 
vn 0.555319 0.113755 0.823821 
vn 0.565143 0.126072 0.815303 
vn 0.575917 0.136911 0.805962 
vn 0.540791 0.0888181 0.836455 
vn 0.602651 0.165787 0.780594 
vn 0.599794 0.153665 0.785261 
vn 0.666273 0.163234 0.727622 
vn 0.65282 0.165171 0.739287 
vn 0.639287 0.165171 0.751019 
vn 0.679489 0.159384 0.716164 
vn 0.625834 0.163234 0.762683 
vn 0.612618 0.159384 0.774142 
vn 0.61252 0.15934 0.774229 
vn 0.704595 0.146145 0.694397 
vn 0.692314 0.153665 0.705045 
vn 0.716191 0.136911 0.684343 
vn 0.726964 0.126072 0.675003 
vn 0.68184 0.158347 0.714157 
vn 0.736789 0.113755 0.666485 
vn 0.759483 0.0694553 0.646809 
vn 0.761812 0.0618199 0.644841 
vn 0.753144 0.0852796 0.652305 
vn 0.74555 0.100104 0.658889 
vn 0.741572 0.106352 0.66239 
vn 0.768112 -0.035559 0.639328 
vn 0.768112 0.035559 0.639328 
vn 0.770301 0.0178843 0.637429 
vn 0.771034 3.33067e-16 0.636794 
vn 0.770301 -0.0178843 0.637429 
vn 0.764492 0.0528168 0.642466 
vn 0.764492 -0.0528168 0.642466 
vn 0.217669 -0.917796 0.332069 
vn 0.218932 -0.916354 0.335207 
vn 0.213392 -0.924268 0.316533 
vn 0.263664 -0.879113 0.39704 
vn 0.276893 -0.870946 0.405934 
vn 0.251607 -0.887262 0.3866 
vn 0.240861 -0.895298 0.374737 
vn 0.231553 -0.903126 0.361589 
vn 0.223792 -0.910655 0.34731 
vn 0.291137 -0.862858 0.413178 
vn 0.321994 -0.847291 0.422394 
vn 0.338245 -0.839997 0.42426 
vn 0.30623 -0.854942 0.418686 
vn 0.354792 -0.833142 0.42426 
vn 0.293115 -0.861839 0.413905 
vn 0.371442 -0.82681 0.422394 
vn 0.387998 -0.821072 0.418686 
vn 0.449476 -0.805302 0.3866 
vn 0.456526 -0.804319 0.380335 
vn 0.435188 -0.808066 0.39704 
vn 0.420059 -0.811645 0.405934 
vn 0.404268 -0.815997 0.413178 
vn 0.396384 -0.818494 0.415869 
vn 0.495065 -0.802896 0.332069 
vn 0.485686 -0.802175 0.34731 
vn 0.502901 -0.804492 0.316043 
vn 0.474874 -0.802339 0.361589 
vn 0.462757 -0.803385 0.374737 
vn 0.509104 -0.806945 0.299421 
vn 0.516336 -0.814298 0.265171 
vn 0.51728 -0.819112 0.247945 
vn 0.5136 -0.810227 0.282397 
vn 0.516422 -0.824611 0.230922 
vn 0.510814 -0.808209 0.293031 
vn 0.51377 -0.830732 0.214299 
vn 0.509358 -0.837402 0.198273 
vn 0.475421 -0.867936 0.143742 
vn 0.507906 -0.839137 0.194628 
vn 0.503235 -0.844544 0.183032 
vn 0.495474 -0.852072 0.168753 
vn 0.486166 -0.859901 0.155605 
vn 0.420797 -0.900257 0.111656 
vn 0.405033 -0.907907 0.107948 
vn 0.43589 -0.892341 0.117165 
vn 0.450134 -0.884252 0.124408 
vn 0.463363 -0.876085 0.133302 
vn 0.388782 -0.915202 0.106083 
vn 0.473791 -0.86906 0.142326 
vn 0.339029 -0.934126 0.111656 
vn 0.322759 -0.939201 0.117165 
vn 0.355586 -0.928389 0.107948 
vn 0.372235 -0.922056 0.106083 
vn 0.306968 -0.943554 0.124408 
vn 0.380262 -0.918774 0.106087 
vn 0.291839 -0.947133 0.133302 
vn 0.277551 -0.949897 0.143742 
vn 0.26427 -0.951813 0.155605 
vn 0.258195 -0.952377 0.162215 
vn 0.271628 -0.950791 0.149048 
vn 0.231962 -0.952303 0.198273 
vn 0.224126 -0.950707 0.214299 
vn 0.241342 -0.953023 0.183032 
vn 0.217923 -0.948254 0.230922 
vn 0.252153 -0.952859 0.168753 
vn 0.213427 -0.944972 0.247945 
vn 0.210691 -0.9409 0.265171 
vn 0.216669 -0.947364 0.235704 
vn 0.209747 -0.936087 0.282397 
vn 0.210605 -0.930587 0.299421 
vn 0.213257 -0.924467 0.316043 
vn 0.803385 -0.462757 0.374737 
vn 0.803741 -0.460434 0.37683 
vn 0.804195 -0.501357 0.319237 
vn 0.802896 -0.495065 0.332069 
vn 0.802175 -0.485686 0.34731 
vn 0.802339 -0.474874 0.361589 
vn 0.805302 -0.449476 0.3866 
vn 0.808066 -0.435188 0.39704 
vn 0.811645 -0.420059 0.405934 
vn 0.815997 -0.404268 0.413178 
vn 0.821072 -0.387998 0.418686 
vn 0.82681 -0.371442 0.422394 
vn 0.819448 -0.393311 0.416907 
vn 0.833142 -0.354792 0.42426 
vn 0.862858 -0.291137 0.413178 
vn 0.869218 -0.279987 0.407515 
vn 0.847291 -0.321994 0.422394 
vn 0.854942 -0.30623 0.418686 
vn 0.839997 -0.338245 0.42426 
vn 0.834376 -0.35187 0.42427 
vn 0.878423 -0.254333 0.404584 
vn 0.870946 -0.276893 0.405934 
vn 0.879113 -0.263664 0.39704 
vn 0.924467 -0.213257 0.316043 
vn 0.910655 -0.223792 0.34731 
vn 0.917796 -0.217669 0.332069 
vn 0.903126 -0.231553 0.361589 
vn 0.895298 -0.240861 0.374737 
vn 0.887262 -0.251607 0.3866 
vn 0.883309 -0.257519 0.391726 
vn 0.9409 -0.210691 0.265171 
vn 0.944972 -0.213427 0.247945 
vn 0.936087 -0.209747 0.282397 
vn 0.948254 -0.217923 0.230922 
vn 0.930587 -0.210605 0.299421 
vn 0.950707 -0.224126 0.214299 
vn 0.929954 -0.210889 0.301183 
vn 0.947133 -0.291839 0.133302 
vn 0.952303 -0.231962 0.198273 
vn 0.953023 -0.241342 0.183032 
vn 0.952859 -0.252153 0.168753 
vn 0.95186 -0.22964 0.203046 
vn 0.951813 -0.26427 0.155605 
vn 0.949897 -0.277551 0.143742 
vn 0.945655 -0.298252 0.129544 
vn 0.943554 -0.306968 0.124408 
vn 0.939201 -0.322759 0.117165 
vn 0.934126 -0.339029 0.111656 
vn 0.928389 -0.355586 0.107948 
vn 0.915202 -0.388782 0.106083 
vn 0.913495 -0.392657 0.106529 
vn 0.922086 -0.37216 0.106091 
vn 0.922056 -0.372235 0.106083 
vn 0.876085 -0.463363 0.133302 
vn 0.867936 -0.475421 0.143742 
vn 0.884252 -0.450134 0.124408 
vn 0.892341 -0.43589 0.117165 
vn 0.900257 -0.420797 0.111656 
vn 0.907907 -0.405033 0.107948 
vn 0.90971 -0.401088 0.107497 
vn 0.859901 -0.486166 0.155605 
vn 0.837402 -0.509358 0.198273 
vn 0.830732 -0.51377 0.214299 
vn 0.844544 -0.503235 0.183032 
vn 0.852072 -0.495474 0.168753 
vn 0.853977 -0.493254 0.165602 
vn 0.814298 -0.516336 0.265171 
vn 0.819112 -0.51728 0.247945 
vn 0.810227 -0.5136 0.282397 
vn 0.824611 -0.516422 0.230922 
vn 0.806945 -0.509104 0.299421 
vn 0.830513 -0.51387 0.214908 
vn 0.804492 -0.502901 0.316043 
vn -0.917796 -0.217669 0.332069 
vn -0.924467 -0.213257 0.316043 
vn -0.910655 -0.223792 0.34731 
vn -0.928219 -0.211655 0.305959 
vn -0.903126 -0.231553 0.361589 
vn -0.895298 -0.240861 0.374737 
vn -0.887262 -0.251607 0.3866 
vn -0.879113 -0.263664 0.39704 
vn -0.896496 -0.239462 0.372763 
vn -0.870946 -0.276893 0.405934 
vn -0.862858 -0.291137 0.413178 
vn -0.854942 -0.30623 0.418686 
vn -0.853253 -0.309768 0.419528 
vn -0.855869 -0.304494 0.418058 
vn -0.821072 -0.387998 0.418686 
vn -0.815997 -0.404268 0.413178 
vn -0.82681 -0.371442 0.422394 
vn -0.833142 -0.354792 0.42426 
vn -0.839997 -0.338245 0.42426 
vn -0.847291 -0.321994 0.422394 
vn -0.805302 -0.449476 0.3866 
vn -0.803385 -0.462757 0.374737 
vn -0.808066 -0.435188 0.39704 
vn -0.802339 -0.474874 0.361589 
vn -0.811645 -0.420059 0.405934 
vn -0.802175 -0.485686 0.34731 
vn -0.802896 -0.495065 0.332069 
vn -0.804492 -0.502901 0.316043 
vn -0.806572 -0.508129 0.302069 
vn -0.803625 -0.498512 0.325073 
vn -0.819112 -0.51728 0.247945 
vn -0.814298 -0.516336 0.265171 
vn -0.810227 -0.5136 0.282397 
vn -0.806945 -0.509104 0.299421 
vn -0.824611 -0.516422 0.230922 
vn -0.830732 -0.51377 0.214299 
vn -0.820662 -0.517059 0.243238 
vn -0.837402 -0.509358 0.198273 
vn -0.838452 -0.508482 0.196072 
vn -0.844544 -0.503235 0.183032 
vn -0.852072 -0.495474 0.168753 
vn -0.859901 -0.486166 0.155605 
vn -0.884252 -0.450134 0.124408 
vn -0.86125 -0.484398 0.153645 
vn -0.867936 -0.475421 0.143742 
vn -0.876085 -0.463363 0.133302 
vn -0.888205 -0.443253 0.120905 
vn -0.892341 -0.43589 0.117165 
vn -0.915202 -0.388782 0.106083 
vn -0.907907 -0.405033 0.107948 
vn -0.900257 -0.420797 0.111656 
vn -0.89711 -0.42688 0.113875 
vn -0.922056 -0.372235 0.106083 
vn -0.928389 -0.355586 0.107948 
vn -0.947133 -0.291839 0.133302 
vn -0.949223 -0.281193 0.141091 
vn -0.943554 -0.306968 0.124408 
vn -0.939201 -0.322759 0.117165 
vn -0.934126 -0.339029 0.111656 
vn -0.933426 -0.341103 0.111195 
vn -0.95934 -0.240442 0.147835 
vn -0.949897 -0.277551 0.143742 
vn -0.951813 -0.26427 0.155605 
vn -0.952859 -0.252153 0.168753 
vn -0.950707 -0.224126 0.214299 
vn -0.948824 -0.219305 0.227241 
vn -0.952303 -0.231962 0.198273 
vn -0.953023 -0.241342 0.183032 
vn -0.953006 -0.2446 0.178745 
vn -0.936087 -0.209747 0.282397 
vn -0.9409 -0.210691 0.265171 
vn -0.944972 -0.213427 0.247945 
vn -0.930587 -0.210605 0.299421 
vn -0.948254 -0.217923 0.230922 
vn -0.503842 -0.802801 0.318833 
vn -0.50676 -0.806041 0.305764 
vn -0.502901 -0.804492 0.316043 
vn -0.462757 -0.803385 0.374737 
vn -0.450477 -0.805167 0.385716 
vn -0.474874 -0.802339 0.361589 
vn -0.485686 -0.802175 0.34731 
vn -0.495065 -0.802896 0.332069 
vn -0.501631 -0.804248 0.318671 
vn -0.439524 -0.796948 0.414358 
vn -0.449476 -0.805302 0.3866 
vn -0.435188 -0.808066 0.39704 
vn -0.420059 -0.811645 0.405934 
vn -0.404268 -0.815997 0.413178 
vn -0.396721 -0.818389 0.415755 
vn -0.414812 -0.813124 0.408362 
vn -0.354792 -0.833142 0.42426 
vn -0.345015 -0.83723 0.424276 
vn -0.371442 -0.82681 0.422394 
vn -0.387998 -0.821072 0.418686 
vn -0.321994 -0.847291 0.422394 
vn -0.30623 -0.854942 0.418686 
vn -0.338245 -0.839997 0.42426 
vn -0.276893 -0.870946 0.405934 
vn -0.291137 -0.862858 0.413178 
vn -0.263664 -0.879113 0.39704 
vn -0.298082 -0.859256 0.415725 
vn -0.251607 -0.887262 0.3866 
vn -0.240861 -0.895298 0.374737 
vn -0.2586 -0.882577 0.392662 
vn -0.231553 -0.903126 0.361589 
vn -0.229171 -0.905476 0.357204 
vn -0.223792 -0.910655 0.34731 
vn -0.217669 -0.917796 0.332069 
vn -0.213257 -0.924467 0.316043 
vn -0.212518 -0.926217 0.311381 
vn -0.210605 -0.930587 0.299421 
vn -0.209747 -0.936087 0.282397 
vn -0.210691 -0.9409 0.265171 
vn -0.21197 -0.942829 0.257183 
vn -0.213284 -0.944764 0.24886 
vn -0.213427 -0.944972 0.247945 
vn -0.217923 -0.948254 0.230922 
vn -0.224126 -0.950707 0.214299 
vn -0.231962 -0.952303 0.198273 
vn -0.26427 -0.951813 0.155605 
vn -0.233431 -0.952436 0.195898 
vn -0.241342 -0.953023 0.183032 
vn -0.252153 -0.952859 0.168753 
vn -0.277551 -0.949897 0.143742 
vn -0.306968 -0.943554 0.124408 
vn -0.322759 -0.939201 0.117165 
vn -0.339029 -0.934126 0.111656 
vn -0.291839 -0.947133 0.133302 
vn -0.355586 -0.928389 0.107948 
vn -0.27914 -0.949605 0.142586 
vn -0.372235 -0.922056 0.106083 
vn -0.387568 -0.915717 0.106084 
vn -0.377703 -0.919829 0.106086 
vn -0.46618 -0.882932 0.0557412 
vn -0.405033 -0.907907 0.107948 
vn -0.415865 -0.902689 0.110496 
vn -0.388782 -0.915202 0.106083 
vn -0.47168 -0.879339 0.0654308 
vn -0.420797 -0.900257 0.111656 
vn -0.43589 -0.892341 0.117165 
vn -0.478025 -0.875193 0.0743534 
vn -0.450134 -0.884252 0.124408 
vn -0.450776 -0.883865 0.124838 
vn -0.48514 -0.870545 0.0824042 
vn -0.463363 -0.876085 0.133302 
vn -0.475421 -0.867936 0.143742 
vn -0.50134 -0.859961 0.0955245 
vn -0.492943 -0.865447 0.0894889 
vn -0.510235 -0.85415 0.10044 
vn -0.475698 -0.867734 0.144047 
vn -0.519523 -0.848082 0.104178 
vn -0.486166 -0.859901 0.155605 
vn -0.495474 -0.852072 0.168753 
vn -0.529094 -0.841829 0.106695 
vn -0.497895 -0.849769 0.173182 
vn -0.503235 -0.844544 0.183032 
vn -0.538838 -0.835463 0.10796 
vn -0.509358 -0.837402 0.198273 
vn -0.508903 -0.837948 0.19713 
vn -0.51377 -0.830732 0.214299 
vn -0.516422 -0.824611 0.230922 
vn -0.513566 -0.831053 0.213543 
vn -0.51728 -0.819112 0.247945 
vn -0.509104 -0.806945 0.299421 
vn -0.516336 -0.814298 0.265171 
vn -0.51677 -0.81644 0.257632 
vn -0.5136 -0.810227 0.282397 
vn 0.100104 -0.546558 0.831417 
vn 0.0852796 -0.538964 0.838001 
vn 0.113755 -0.555319 0.823821 
vn 0.0694553 -0.532625 0.843497 
vn 0.126072 -0.565143 0.815303 
vn 0.0573598 -0.529 0.846681 
vn 0.146145 -0.587512 0.795909 
vn 0.153665 -0.599794 0.785261 
vn 0.136911 -0.575917 0.805962 
vn 0.159384 -0.612618 0.774142 
vn 0.135651 -0.574672 0.807063 
vn 0.163234 -0.625834 0.762683 
vn 0.165171 -0.639287 0.751019 
vn 0.165171 -0.65282 0.739287 
vn 0.164341 -0.65866 0.734275 
vn 0.16325 -0.66617 0.727713 
vn 0.126072 -0.726964 0.675003 
vn 0.113755 -0.736789 0.666485 
vn 0.136911 -0.716191 0.684343 
vn 0.146145 -0.704595 0.694397 
vn 0.153665 -0.692314 0.705045 
vn 0.159384 -0.679489 0.716164 
vn 0.163234 -0.666273 0.727622 
vn 0.0178843 -0.770301 0.637429 
vn 0.012737 -0.770537 0.637268 
vn 0.0852796 -0.753144 0.652305 
vn 0.0694553 -0.759483 0.646809 
vn 0.100104 -0.74555 0.658889 
vn 0.0528168 -0.764492 0.642466 
vn 0.035559 -0.768112 0.639328 
vn 0.107703 -0.740704 0.663142 
vn -6.71685e-15 -0.771034 0.636794 
vn -0.0694553 -0.759483 0.646809 
vn -0.0528168 -0.764492 0.642466 
vn -0.035559 -0.768112 0.639328 
vn -0.0178843 -0.770301 0.637429 
vn -0.00370057 -0.770903 0.636942 
vn -0.100104 -0.74555 0.658889 
vn -0.113755 -0.736789 0.666485 
vn -0.0852796 -0.753144 0.652305 
vn -0.126072 -0.726964 0.675003 
vn -0.0810058 -0.754881 0.65084 
vn -0.136911 -0.716191 0.684343 
vn -0.159384 -0.679489 0.716164 
vn -0.163097 -0.666752 0.727215 
vn -0.139184 -0.713363 0.686834 
vn -0.146145 -0.704595 0.694397 
vn -0.153665 -0.692314 0.705045 
vn -0.163234 -0.666273 0.727622 
vn -0.165171 -0.65282 0.739287 
vn -0.165171 -0.639287 0.751019 
vn -0.159384 -0.612618 0.774142 
vn -0.153665 -0.599794 0.785261 
vn -0.163234 -0.625834 0.762683 
vn -0.164555 -0.634992 0.754789 
vn -0.146145 -0.587512 0.795909 
vn -0.0694553 -0.532625 0.843497 
vn -0.0677366 -0.532115 0.843958 
vn -0.126072 -0.565143 0.815303 
vn -0.113755 -0.555319 0.823821 
vn -0.136911 -0.575917 0.805962 
vn -0.100104 -0.546558 0.831417 
vn -0.0852796 -0.538964 0.838001 
vn -0.13951 -0.579193 0.803164 
vn -0.0583162 -0.521415 0.851308 
vn -0.0528168 -0.527616 0.847839 
vn 0.035559 -0.523996 0.850978 
vn 0.0178843 -0.521806 0.852877 
vn -6.71685e-15 -0.521074 0.853512 
vn -0.0178843 -0.521806 0.852877 
vn -0.035559 -0.523996 0.850978 
vn -0.0497908 -0.526993 0.84841 
vn 0.0528168 -0.527616 0.847839 
vn -0.587669 0.703509 -0.399649 
vn 0.928388 -0.0470106 -0.368626 
vn 0.761322 0.634305 -0.13434 
vn 0.587669 -0.703509 -0.399649 
vn -0.761322 -0.634305 -0.13434 
vn -0.928388 0.0470106 -0.368626 
vn -0.546944 -0.837169 3.31505e-18 
vn 0.546944 0.837169 3.31505e-18 
vn 0.453755 0.89105 -0.0116897 
vn 0.503904 0.86376 6.19371e-18 
vn 0.54426 0.838916 3.92175e-19 
vn 0.546944 0.837169 -3.31505e-18 
vn 0.456402 0.889774 1.28062e-17 
vn 0.527109 0.849798 2.87942e-18 
vn 0.538568 0.842582 1.22132e-18 
vn 0.633721 0.773473 -0.0116897 
vn 0.546944 0.837169 -3.31505e-18 
vn 0.549928 0.835212 0 
vn 0.355245 0.934484 -0.0232424 
vn 0.357525 0.933904 2.58993e-17 
vn 0.354199 0.93517 2.63252e-17 
vn 0.45534 0.890014 -0.0232424 
vn 0.358398 0.932424 -0.0462123 
vn 0.457962 0.888301 -0.0345226 
vn 0.363611 0.929019 -0.0686404 
vn 0.46159 0.885931 -0.045398 
vn 0.370824 0.924306 -0.0902637 
vn 0.46618 0.882932 -0.0557412 
vn 0.524414 0.823962 -0.214655 
vn 0.538838 0.835463 -0.10796 
vn 0.548638 0.82906 -0.10796 
vn 0.5439 0.811231 -0.214655 
vn 0.558381 0.822695 -0.106695 
vn 0.563272 0.798575 -0.212139 
vn 0.567953 0.816441 -0.104178 
vn 0.582303 0.786141 -0.207135 
vn 0.577241 0.810373 -0.10044 
vn 0.600769 0.774077 -0.199703 
vn 0.586135 0.804562 -0.0955245 
vn 0.618455 0.762523 -0.189929 
vn 0.594533 0.799076 -0.0894889 
vn 0.635152 0.751614 -0.177929 
vn 0.602335 0.793978 -0.0824042 
vn 0.650665 0.741479 -0.163842 
vn 0.609451 0.78933 -0.0743534 
vn 0.664812 0.732236 -0.147835 
vn 0.615795 0.785185 -0.0654308 
vn 0.677427 0.723994 -0.130095 
vn 0.621295 0.781591 -0.0557412 
vn 0.688363 0.71685 -0.110829 
vn 0.625886 0.778592 -0.045398 
vn 0.69749 0.710887 -0.0902637 
vn 0.629514 0.776222 -0.0345226 
vn 0.704703 0.706175 -0.0686404 
vn 0.632136 0.774509 -0.0232424 
vn 0.709916 0.702769 -0.0462123 
vn 0.713069 0.700709 -0.0232424 
vn 0.637007 0.770858 0 
vn 0.634259 0.773121 0 
vn 0.252571 0.966962 -0.0345226 
vn 0.254456 0.967084 3.86888e-17 
vn 0.251013 0.967984 3.91021e-17 
vn 0.257254 0.963903 -0.0686404 
vn 0.264997 0.958844 -0.101953 
vn 0.503842 0.802801 -0.318833 
vn 0.532785 0.783891 -0.318833 
vn 0.561559 0.765092 -0.315095 
vn 0.589826 0.746625 -0.307663 
vn 0.617255 0.728705 -0.296624 
vn 0.643523 0.711543 -0.282107 
vn 0.668324 0.69534 -0.264282 
vn 0.691366 0.680286 -0.24336 
vn 0.712379 0.666558 -0.219583 
vn 0.731116 0.654316 -0.193233 
vn 0.747359 0.643704 -0.164617 
vn 0.760917 0.634847 -0.134071 
vn 0.77163 0.627848 -0.101953 
vn 0.779373 0.622789 -0.0686404 
vn 0.784056 0.61973 -0.0345226 
vn 0.716617 0.697467 0 
vn 0.71413 0.700013 0 
vn 0.146935 0.988104 -0.045398 
vn 0.148405 0.988927 5.10247e-17 
vn 0.144884 0.989449 5.14205e-17 
vn 0.153093 0.984081 -0.0902637 
vn 0.163276 0.977428 -0.134071 
vn 0.27571 0.951845 -0.134071 
vn 0.477362 0.772227 -0.419273 
vn 0.515424 0.747361 -0.419273 
vn 0.553262 0.72264 -0.414358 
vn 0.590434 0.698355 -0.404584 
vn 0.626503 0.67479 -0.390067 
vn 0.661047 0.652221 -0.370977 
vn 0.693661 0.630914 -0.347538 
vn 0.723961 0.611118 -0.320024 
vn 0.751594 0.593065 -0.288758 
vn 0.776234 0.576967 -0.254106 
vn 0.797594 0.563012 -0.216475 
vn 0.815422 0.551364 -0.176307 
vn 0.82951 0.54216 -0.134071 
vn 0.839693 0.535507 -0.0902637 
vn 0.845851 0.531484 -0.045398 
vn 0.787825 0.615899 0 
vn 0.785629 0.618698 0 
vn 0.0395773 0.997661 -0.0557412 
vn 0.0406129 0.999175 6.27623e-17 
vn 0.0370567 0.999313 6.31361e-17 
vn 0.047138 0.992721 -0.110829 
vn 0.0596404 0.984553 -0.164617 
vn 0.177364 0.968224 -0.176307 
vn 0.0769382 0.973252 -0.216475 
vn 0.195192 0.956576 -0.216475 
vn 0.0988285 0.95895 -0.265796 
vn 0.216552 0.942622 -0.254106 
vn 0.398827 0.762954 -0.508762 
vn 0.439524 0.796948 -0.414358 
vn 0.445286 0.7326 -0.514798 
vn 0.49202 0.702068 -0.514798 
vn 0.538479 0.671715 -0.508762 
vn 0.58412 0.641897 -0.496762 
vn 0.628407 0.612963 -0.478938 
vn 0.670821 0.585253 -0.455498 
vn 0.710865 0.559091 -0.426718 
vn 0.748069 0.534785 -0.392936 
vn 0.890168 0.441948 -0.110829 
vn 0.897729 0.437008 -0.0557412 
vn 0.849798 0.527109 0 
vn 0.847916 0.53013 0 
vn -0.0682448 0.995521 -0.0654308 
vn -0.067655 0.997709 7.37641e-17 
vn -0.0712053 0.997462 7.41115e-17 
vn -0.0593699 0.989722 -0.130095 
vn -0.0446941 0.980134 -0.193233 
vn -0.0243894 0.966869 -0.254106 
vn 0.00130618 0.950081 -0.312 
vn 0.125055 0.941816 -0.312 
vn 0.0320913 0.929969 -0.366236 
vn 0.155309 0.92205 -0.354546 
vn 0.067605 0.906766 -0.416178 
vn 0.189237 0.899884 -0.392936 
vn 0.107431 0.880747 -0.461241 
vn 0.226441 0.875577 -0.426718 
vn 0.151102 0.852215 -0.500896 
vn 0.266485 0.849416 -0.455498 
vn 0.198107 0.821506 -0.534679 
vn 0.308899 0.821706 -0.478938 
vn 0.247894 0.788979 -0.562193 
vn 0.353186 0.792772 -0.496762 
vn 0.29988 0.755015 -0.583116 
vn 0.353454 0.720014 -0.597202 
vn 0.40799 0.684384 -0.604287 
vn 0.462847 0.648545 -0.604287 
vn 0.517383 0.612915 -0.597202 
vn 0.570957 0.577914 -0.583116 
vn 0.622943 0.54395 -0.562193 
vn 0.67273 0.511423 -0.534679 
vn 0.719734 0.480714 -0.500896 
vn 0.763406 0.452182 -0.461241 
vn 0.781997 0.512619 -0.354546 
vn 0.939082 0.337408 -0.0654308 
vn 0.901807 0.43214 0 
vn 0.900263 0.435347 0 
vn -0.175267 0.981709 -0.0743534 
vn -0.17513 0.984545 8.39011e-17 
vn -0.178632 0.983916 8.42181e-17 
vn -0.165182 0.97512 -0.147835 
vn -0.148505 0.964225 -0.219583 
vn -0.125431 0.94915 -0.288758 
vn -0.0962315 0.930073 -0.354546 
vn -0.0612483 0.907218 -0.416178 
vn -0.0208917 0.880852 -0.472931 
vn 0.0243653 0.851284 -0.524138 
vn 0.0739919 0.818862 -0.569201 
vn 0.127407 0.783965 -0.607591 
vn 0.183983 0.747002 -0.638857 
vn 0.243057 0.708407 -0.662633 
vn 0.303938 0.668633 -0.67864 
vn 0.36591 0.628144 -0.686691 
vn 0.428248 0.587418 -0.686691 
vn 0.49022 0.546929 -0.67864 
vn 0.551101 0.507155 -0.662633 
vn 0.610175 0.46856 -0.638857 
vn 0.666751 0.431597 -0.607591 
vn 0.720166 0.3967 -0.569201 
vn 0.769793 0.364278 -0.524138 
vn 0.803232 0.426163 -0.416178 
vn 0.969425 0.233853 -0.0743534 
vn 0.943243 0.332104 0 
vn 0.942055 0.335459 0 
vn -0.280234 0.956388 -0.0824042 
vn -0.280551 0.959839 9.30544e-17 
vn -0.283965 0.958835 9.33372e-17 
vn -0.192641 0.899161 -0.392936 
vn -0.15387 0.873831 -0.461241 
vn -0.109143 0.84461 -0.524138 
vn -0.0589862 0.811841 -0.580891 
vn 0.183385 0.653494 -0.734381 
vn 0.250858 0.609412 -0.752122 
vn 0.31954 0.56454 -0.761044 
vn 0.388628 0.519403 -0.761044 
vn 0.457311 0.474531 -0.752122 
vn 0.524783 0.43045 -0.734381 
vn 0.590254 0.387676 -0.708031 
vn 0.652956 0.346711 -0.673379 
vn 0.712154 0.308035 -0.630833 
vn 0.767154 0.272102 -0.580891 
vn 0.81505 0.33471 -0.472931 
vn 0.817312 0.239333 -0.524138 
vn 0.855406 0.308344 -0.416178 
vn 0.977225 0.134858 -0.163842 
vn 0.95934 0.240442 -0.147835 
vn 0.988402 0.127555 -0.0824042 
vn 0.97362 0.228175 0 
vn 0.972802 0.231639 0 
vn -0.381916 0.919854 -0.0894889 
vn -0.382683 0.92388 1.01117e-16 
vn -0.385969 0.922512 1.01362e-16 
vn -0.286792 0.857707 -0.426718 
vn -0.244687 0.8302 -0.500896 
vn -0.196116 0.798466 -0.569201 
vn 0.194837 0.543047 -0.816785 
vn 0.269424 0.494317 -0.826475 
vn 0.344452 0.4453 -0.826475 
vn 0.419039 0.39657 -0.816785 
vn 0.492313 0.348698 -0.79752 
vn 0.563412 0.302247 -0.768904 
vn 0.631506 0.25776 -0.731273 
vn 0.695793 0.215759 -0.685069 
vn 0.755522 0.176737 -0.630833 
vn 0.809992 0.141151 -0.569201 
vn 0.862038 0.210112 -0.461241 
vn 0.858563 0.109417 -0.500896 
vn 0.900809 0.184782 -0.392936 
vn 0.900668 0.0819095 -0.426718 
vn 0.93317 0.16364 -0.320024 
vn 0.935811 0.0589494 -0.347538 
vn 0.958742 0.146933 -0.24336 
vn 0.963582 0.0408062 -0.264282 
vn 0.983654 0.0276927 -0.177929 
vn 0.995792 0.0197626 -0.0894889 
vn 0.992583 0.121571 0 
vn 0.992144 0.125102 0 
vn -0.47912 0.872536 -0.0955245 
vn -0.480329 0.877088 1.07994e-16 
vn -0.483447 0.875373 1.08198e-16 
vn -0.37758 0.806198 -0.455498 
vn -0.332636 0.776835 -0.534679 
vn -0.280789 0.742961 -0.607591 
vn -0.141646 0.76288 -0.630833 
vn 0.136531 0.470315 -0.871873 
vn 0.216149 0.418299 -0.882216 
vn 0.296237 0.365975 -0.882216 
vn 0.375855 0.313959 -0.871873 
vn 0.45407 0.262859 -0.851308 
vn 0.529966 0.213275 -0.820762 
vn 0.793175 0.041313 -0.607591 
vn 0.845023 0.00743964 -0.534679 
vn 0.889967 -0.0219235 -0.455498 
vn 0.92748 -0.0464322 -0.370977 
vn 0.957124 -0.065799 -0.282107 
vn 0.97855 -0.079797 -0.189929 
vn 0.991506 -0.0882619 -0.0955245 
vn 1 0 0 
vn 0.999854 0.0170994 0 
vn 0.999908 0.0135409 0 
vn -0.570707 0.814988 -0.10044 
vn -0.572343 0.820014 1.13604e-16 
vn -0.575258 0.817972 1.13766e-16 
vn -0.463942 0.745236 -0.478938 
vn -0.416685 0.714362 -0.562193 
vn -0.36217 0.678745 -0.638857 
vn -0.222645 0.704975 -0.673379 
vn -0.301034 0.638804 -0.708031 
vn -0.158888 0.66332 -0.731273 
vn -0.00561473 0.445799 -0.895116 
vn 0.0583162 0.521415 -0.851308 
vn 0.0766253 0.392069 -0.916739 
vn 0.16034 0.337376 -0.927614 
vn 0.244549 0.28236 -0.927614 
vn 0.328264 0.227667 -0.916739 
vn 0.410505 0.173938 -0.895116 
vn 0.767059 -0.0590089 -0.638857 
vn 0.821575 -0.0946254 -0.562193 
vn 0.868832 -0.1255 -0.478938 
vn 0.908276 -0.151269 -0.390067 
vn 0.939445 -0.171633 -0.296624 
vn 0.961973 -0.186351 -0.199703 
vn 0.975597 -0.195252 -0.10044 
vn 0.994138 -0.108119 0 
vn 0.99584 -0.0911235 0 
vn -0.655603 0.747885 -0.104178 
vn -0.657647 0.753326 1.17883e-16 
vn -0.660324 0.750981 1.18001e-16 
vn -0.557083 0.806088 -0.199703 
vn -0.641472 0.738653 -0.207135 
vn -0.534555 0.791369 -0.296624 
vn -0.618105 0.723387 -0.307663 
vn -0.503386 0.771006 -0.390067 
vn -0.585777 0.702266 -0.404584 
vn -0.544864 0.675537 -0.496762 
vn -0.495849 0.643514 -0.583116 
vn -0.439304 0.606572 -0.662633 
vn -0.375894 0.565144 -0.734381 
vn -0.233996 0.595006 -0.768904 
vn -0.306361 0.519717 -0.79752 
vn -0.161841 0.547866 -0.820762 
vn -0.231521 0.470821 -0.851308 
vn -0.0854155 0.497935 -0.862998 
vn -0.15225 0.419032 -0.895116 
vn -0.0694798 0.364956 -0.928429 
vn 0.0158209 0.309227 -0.950857 
vn 0.102652 0.252498 -0.962137 
vn 0.189994 0.195435 -0.962137 
vn 0.276825 0.138706 -0.950857 
vn 0.362126 0.0829769 -0.928429 
vn 0.490305 0.121802 -0.862998 
vn 0.73195 -0.158639 -0.662633 
vn 0.788495 -0.195581 -0.583116 
vn 0.837511 -0.227604 -0.496762 
vn 0.948249 -0.299952 -0.104178 
vn 0.976621 -0.21497 0 
vn 0.98015 -0.198258 0 
vn -0.732812 0.672014 -0.106695 
vn -0.735241 0.677806 1.2078e-16 
vn -0.737649 0.675185 1.20851e-16 
vn -0.71834 0.662559 -0.212139 
vn -0.694409 0.646924 -0.315095 
vn -0.661299 0.625293 -0.414358 
vn -0.619399 0.597918 -0.508762 
vn -0.569199 0.565121 -0.597202 
vn -0.511289 0.527287 -0.67864 
vn -0.446346 0.484859 -0.752122 
vn -0.375134 0.438333 -0.816785 
vn -0.298486 0.388257 -0.871873 
vn -0.2173 0.335217 -0.916739 
vn -0.13253 0.279834 -0.950857 
vn -0.045169 0.222759 -0.973827 
vn 0.0437594 0.16466 -0.985379 
vn 0.133212 0.106218 -0.985379 
vn 0.22214 0.0481188 -0.973827 
vn 0.309502 -0.00895658 -0.950857 
vn 0.444897 0.0289007 -0.895116 
vn 0.394272 -0.0643391 -0.916739 
vn 0.524167 -0.0228885 -0.851308 
vn 0.68826 -0.256409 -0.67864 
vn 0.746171 -0.294244 -0.597202 
vn 0.909784 -0.401136 -0.106695 
vn 0.947653 -0.319302 0 
vn 0.952969 -0.303069 0 
vn -0.80143 0.588264 -0.10796 
vn -0.804215 0.594339 1.22261e-16 
vn -0.806325 0.591473 1.22285e-16 
vn -0.786787 0.578697 -0.214655 
vn -0.762571 0.562877 -0.318833 
vn -0.729069 0.540988 -0.419273 
vn -0.686671 0.513289 -0.514798 
vn -0.635876 0.480103 -0.604287 
vn -0.577279 0.44182 -0.686691 
vn -0.511566 0.398888 -0.761044 
vn -0.439508 0.351811 -0.826475 
vn -0.361951 0.301141 -0.882216 
vn -0.279803 0.247471 -0.927614 
vn -0.194027 0.191432 -0.962137 
vn 0.164851 -0.0430325 -0.985379 
vn 0.253249 -0.100785 -0.962137 
vn 0.339025 -0.156825 -0.927614 
vn 0.475457 -0.117379 -0.871873 
vn 0.421173 -0.210494 -0.882216 
vn 0.552105 -0.167456 -0.816785 
vn 0.49873 -0.261164 -0.826475 
vn 0.623318 -0.213981 -0.752122 
vn 0.570788 -0.308241 -0.761044 
vn 0.636501 -0.351173 -0.686691 
vn 0.695098 -0.389456 -0.604287 
vn 0.79637 -0.32704 -0.508762 
vn 0.860652 -0.497617 -0.10796 
vn 0.907575 -0.419889 0 
vn 0.914615 -0.404327 0 
vn -0.860652 0.497617 -0.10796 
vn -0.86376 0.503904 1.22308e-16 
vn -0.865548 0.500827 1.22285e-16 
vn -0.788291 0.450342 -0.419273 
vn -0.745893 0.422642 -0.514798 
vn -0.695098 0.389456 -0.604287 
vn -0.636501 0.351173 -0.686691 
vn -0.570788 0.308241 -0.761044 
vn -0.49873 0.261164 -0.826475 
vn -0.421173 0.210494 -0.882216 
vn -0.339025 0.156825 -0.927614 
vn -0.253249 0.100785 -0.962137 
vn -0.105629 0.133679 -0.985379 
vn 0.105629 -0.133679 -0.985379 
vn 0.194027 -0.191432 -0.962137 
vn 0.279803 -0.247471 -0.927614 
vn 0.361951 -0.301141 -0.882216 
vn 0.439508 -0.351811 -0.826475 
vn 0.511566 -0.398888 -0.761044 
vn 0.577279 -0.44182 -0.686691 
vn 0.635876 -0.480103 -0.604287 
vn 0.745893 -0.422642 -0.514798 
vn 0.686671 -0.513289 -0.514798 
vn 0.788291 -0.450342 -0.419273 
vn 0.80143 -0.588264 -0.10796 
vn 0.856857 -0.515554 0 
vn 0.865538 -0.500844 0 
vn -0.909784 0.401136 -0.106695 
vn -0.913178 0.407561 1.20921e-16 
vn -0.914623 0.404309 1.20852e-16 
vn -0.79637 0.32704 -0.508762 
vn -0.746171 0.294244 -0.597202 
vn -0.68826 0.256409 -0.67864 
vn -0.623318 0.213981 -0.752122 
vn -0.552105 0.167456 -0.816785 
vn -0.475457 0.117379 -0.871873 
vn -0.394272 0.0643391 -0.916739 
vn -0.309502 0.00895658 -0.950857 
vn -0.164851 0.0430325 -0.985379 
vn 0.045169 -0.222759 -0.973827 
vn 0.13253 -0.279834 -0.950857 
vn 0.2173 -0.335217 -0.916739 
vn 0.298486 -0.388257 -0.871873 
vn 0.375134 -0.438333 -0.816785 
vn 0.446346 -0.484859 -0.752122 
vn 0.511289 -0.527287 -0.67864 
vn 0.569199 -0.565121 -0.597202 
vn 0.619399 -0.597918 -0.508762 
vn 0.729069 -0.540988 -0.419273 
vn 0.661299 -0.625293 -0.414358 
vn 0.762571 -0.562877 -0.318833 
vn 0.694409 -0.646924 -0.315095 
vn 0.786787 -0.578697 -0.214655 
vn 0.71834 -0.662559 -0.212139 
vn 0.732812 -0.672014 -0.106695 
vn 0.796093 -0.605174 0 
vn 0.806313 -0.591489 0 
vn -0.948249 0.299952 -0.104178 
vn -0.95189 0.30644 1.18117e-16 
vn -0.952974 0.303051 1.18001e-16 
vn -0.837511 0.227604 -0.496762 
vn -0.788495 0.195581 -0.583116 
vn -0.524167 0.0228885 -0.851308 
vn -0.444897 -0.0289007 -0.895116 
vn -0.362126 -0.0829769 -0.928429 
vn -0.22214 -0.0481188 -0.973827 
vn -0.276825 -0.138706 -0.950857 
vn -0.133212 -0.106218 -0.985379 
vn -0.189994 -0.195435 -0.962137 
vn -0.0437594 -0.16466 -0.985379 
vn -0.102652 -0.252498 -0.962137 
vn -0.0158209 -0.309227 -0.950857 
vn 0.0694798 -0.364956 -0.928429 
vn 0.15225 -0.419032 -0.895116 
vn 0.231521 -0.470821 -0.851308 
vn 0.306361 -0.519717 -0.79752 
vn 0.375894 -0.565144 -0.734381 
vn 0.439304 -0.606572 -0.662633 
vn 0.495849 -0.643514 -0.583116 
vn 0.544864 -0.675537 -0.496762 
vn 0.585777 -0.702266 -0.404584 
vn 0.618105 -0.723387 -0.307663 
vn 0.641472 -0.738653 -0.207135 
vn 0.655603 -0.747885 -0.104178 
vn 0.725995 -0.687699 0 
vn 0.737635 -0.675199 0 
vn -0.975597 0.195252 -0.10044 
vn -0.979442 0.201726 1.13928e-16 
vn -0.980154 0.198239 1.13767e-16 
vn -0.908276 0.151269 -0.390067 
vn -0.878423 0.254333 -0.404584 
vn -0.868832 0.1255 -0.478938 
vn -0.821575 0.0946254 -0.562193 
vn -0.73195 0.158639 -0.662633 
vn -0.490305 -0.121802 -0.862998 
vn -0.410505 -0.173938 -0.895116 
vn -0.328264 -0.227667 -0.916739 
vn -0.244549 -0.28236 -0.927614 
vn -0.16034 -0.337376 -0.927614 
vn -0.0766253 -0.392069 -0.916739 
vn 0.00561473 -0.445799 -0.895116 
vn 0.0854155 -0.497935 -0.862998 
vn 0.161841 -0.547866 -0.820762 
vn 0.233996 -0.595006 -0.768904 
vn 0.301034 -0.638804 -0.708031 
vn 0.36217 -0.678745 -0.638857 
vn 0.416685 -0.714362 -0.562193 
vn 0.463942 -0.745236 -0.478938 
vn 0.503386 -0.771006 -0.390067 
vn 0.534555 -0.791369 -0.296624 
vn 0.557083 -0.806088 -0.199703 
vn 0.570707 -0.814988 -0.10044 
vn 0.647386 -0.762162 0 
vn 0.66031 -0.750994 0 
vn -0.991506 0.0882619 -0.0955245 
vn -0.995511 0.0946475 1.08403e-16 
vn -0.995841 0.0911041 1.082e-16 
vn -0.961973 0.186351 -0.199703 
vn -0.97855 0.079797 -0.189929 
vn -0.939445 0.171633 -0.296624 
vn -0.957124 0.065799 -0.282107 
vn -0.92748 0.0464322 -0.370977 
vn -0.889967 0.0219235 -0.455498 
vn -0.845023 -0.00743964 -0.534679 
vn -0.767059 0.0590089 -0.638857 
vn -0.529966 -0.213275 -0.820762 
vn -0.45407 -0.262859 -0.851308 
vn -0.375855 -0.313959 -0.871873 
vn -0.296237 -0.365975 -0.882216 
vn -0.216149 -0.418299 -0.882216 
vn -0.136531 -0.470315 -0.871873 
vn 0.158888 -0.66332 -0.731273 
vn 0.222645 -0.704975 -0.673379 
vn 0.280789 -0.742961 -0.607591 
vn 0.332636 -0.776835 -0.534679 
vn 0.47912 -0.872536 -0.0955245 
vn 0.561187 -0.827689 0 
vn 0.575242 -0.817983 0 
vn -0.995792 -0.0197626 -0.0894889 
vn -0.999908 -0.0135409 1.01607e-16 
vn -0.999854 -0.0170994 1.01363e-16 
vn -0.983654 -0.0276927 -0.177929 
vn -0.963582 -0.0408062 -0.264282 
vn -0.935811 -0.0589494 -0.347538 
vn -0.900668 -0.0819095 -0.426718 
vn -0.858563 -0.109417 -0.500896 
vn -0.793175 -0.041313 -0.607591 
vn -0.631506 -0.25776 -0.731273 
vn -0.602651 -0.165787 -0.780594 
vn -0.563412 -0.302247 -0.768904 
vn -0.492313 -0.348698 -0.79752 
vn -0.419039 -0.39657 -0.816785 
vn -0.344452 -0.4453 -0.826475 
vn -0.269424 -0.494317 -0.826475 
vn 0.141646 -0.76288 -0.630833 
vn 0.196116 -0.798466 -0.569201 
vn 0.244687 -0.8302 -0.500896 
vn 0.37758 -0.806198 -0.455498 
vn 0.381916 -0.919854 -0.0894889 
vn 0.468408 -0.883512 0 
vn 0.48343 -0.875383 0 
vn -0.988402 -0.127555 -0.0824042 
vn -0.992583 -0.121571 9.36202e-17 
vn -0.992144 -0.125102 9.33387e-17 
vn -0.977225 -0.134858 -0.163842 
vn -0.958742 -0.146933 -0.24336 
vn -0.93317 -0.16364 -0.320024 
vn -0.900809 -0.184782 -0.392936 
vn -0.862038 -0.210112 -0.461241 
vn -0.809992 -0.141151 -0.569201 
vn -0.817312 -0.239333 -0.524138 
vn -0.755522 -0.176737 -0.630833 
vn -0.767154 -0.272102 -0.580891 
vn -0.695793 -0.215759 -0.685069 
vn -0.712154 -0.308035 -0.630833 
vn -0.652956 -0.346711 -0.673379 
vn -0.590254 -0.387676 -0.708031 
vn -0.524783 -0.43045 -0.734381 
vn -0.457311 -0.474531 -0.752122 
vn -0.388628 -0.519403 -0.761044 
vn -0.31954 -0.56454 -0.761044 
vn -0.194837 -0.543047 -0.816785 
vn 0.0589862 -0.811841 -0.580891 
vn 0.109143 -0.84461 -0.524138 
vn 0.15387 -0.873831 -0.461241 
vn 0.286792 -0.857707 -0.426718 
vn 0.280234 -0.956388 -0.0824042 
vn 0.370138 -0.928977 0 
vn 0.385951 -0.922519 0 
vn -0.969425 -0.233853 -0.0743534 
vn -0.97362 -0.228175 8.45356e-17 
vn -0.972802 -0.231639 8.42197e-17 
vn -0.855406 -0.308344 -0.416178 
vn -0.81505 -0.33471 -0.472931 
vn -0.769793 -0.364278 -0.524138 
vn -0.720166 -0.3967 -0.569201 
vn -0.666751 -0.431597 -0.607591 
vn -0.610175 -0.46856 -0.638857 
vn -0.551101 -0.507155 -0.662633 
vn -0.49022 -0.546929 -0.67864 
vn -0.428248 -0.587418 -0.686691 
vn -0.36591 -0.628144 -0.686691 
vn -0.250858 -0.609412 -0.752122 
vn -0.303938 -0.668633 -0.67864 
vn -0.183385 -0.653494 -0.734381 
vn -0.0739919 -0.818862 -0.569201 
vn 0.00398606 -0.775908 -0.630833 
vn -0.0243653 -0.851284 -0.524138 
vn 0.0208917 -0.880852 -0.472931 
vn 0.0612483 -0.907218 -0.416178 
vn 0.192641 -0.899161 -0.392936 
vn 0.175267 -0.981709 -0.0743534 
vn 0.267528 -0.96355 0 
vn 0.283947 -0.95884 0 
vn -0.939082 -0.337408 -0.0654308 
vn -0.943243 -0.332104 7.44599e-17 
vn -0.942055 -0.335459 7.41134e-17 
vn -0.803232 -0.426163 -0.416178 
vn -0.763406 -0.452182 -0.461241 
vn -0.719734 -0.480714 -0.500896 
vn -0.67273 -0.511423 -0.534679 
vn -0.622943 -0.54395 -0.562193 
vn -0.570957 -0.577914 -0.583116 
vn -0.517383 -0.612915 -0.597202 
vn -0.462847 -0.648545 -0.604287 
vn -0.40799 -0.684384 -0.604287 
vn -0.353454 -0.720014 -0.597202 
vn -0.243057 -0.708407 -0.662633 
vn -0.29988 -0.755015 -0.583116 
vn -0.183983 -0.747002 -0.638857 
vn -0.247894 -0.788979 -0.562193 
vn -0.127407 -0.783965 -0.607591 
vn -0.198107 -0.821506 -0.534679 
vn -0.151102 -0.852215 -0.500896 
vn -0.107431 -0.880747 -0.461241 
vn -0.067605 -0.906766 -0.416178 
vn -0.0320913 -0.929969 -0.366236 
vn 0.0962315 -0.930073 -0.354546 
vn -0.00130618 -0.950081 -0.312 
vn 0.125431 -0.94915 -0.288758 
vn 0.0243894 -0.966869 -0.254106 
vn 0.148505 -0.964225 -0.219583 
vn 0.0446941 -0.980134 -0.193233 
vn 0.165182 -0.97512 -0.147835 
vn 0.0593699 -0.989722 -0.130095 
vn 0.0682448 -0.995521 -0.0654308 
vn 0.161782 -0.986827 0 
vn 0.178613 -0.983919 0 
vn -0.897729 -0.437008 -0.0557412 
vn -0.901807 -0.43214 6.35112e-17 
vn -0.900263 -0.435347 6.31381e-17 
vn -0.781997 -0.512619 -0.354546 
vn -0.748069 -0.534785 -0.392936 
vn -0.710865 -0.559091 -0.426718 
vn -0.670821 -0.585253 -0.455498 
vn -0.628407 -0.612963 -0.478938 
vn -0.58412 -0.641897 -0.496762 
vn -0.538479 -0.671715 -0.508762 
vn -0.49202 -0.702068 -0.514798 
vn -0.445286 -0.7326 -0.514798 
vn -0.398827 -0.762954 -0.508762 
vn -0.353186 -0.792772 -0.496762 
vn -0.308899 -0.821706 -0.478938 
vn -0.266485 -0.849416 -0.455498 
vn -0.226441 -0.875577 -0.426718 
vn -0.189237 -0.899884 -0.392936 
vn -0.155309 -0.92205 -0.354546 
vn -0.125055 -0.941816 -0.312 
vn -0.0988285 -0.95895 -0.265796 
vn -0.0769382 -0.973252 -0.216475 
vn -0.0596404 -0.984553 -0.164617 
vn -0.047138 -0.992721 -0.110829 
vn -0.0395773 -0.997661 -0.0557412 
vn 0.0541389 -0.998533 0 
vn 0.0711859 -0.997463 0 
vn -0.845851 -0.531484 -0.045398 
vn -0.849798 -0.527109 5.18179e-17 
vn -0.847916 -0.53013 5.14226e-17 
vn -0.890168 -0.441948 -0.110829 
vn -0.751594 -0.593065 -0.288758 
vn -0.723961 -0.611118 -0.320024 
vn -0.693661 -0.630914 -0.347538 
vn -0.661047 -0.652221 -0.370977 
vn -0.626503 -0.67479 -0.390067 
vn -0.590434 -0.698355 -0.404584 
vn -0.553262 -0.72264 -0.414358 
vn -0.515424 -0.747361 -0.419273 
vn -0.477362 -0.772227 -0.419273 
vn -0.216552 -0.942622 -0.254106 
vn -0.195192 -0.956576 -0.216475 
vn -0.177364 -0.968224 -0.176307 
vn -0.163276 -0.977428 -0.134071 
vn -0.153093 -0.984081 -0.0902637 
vn -0.146935 -0.988104 -0.045398 
vn -0.0541389 -0.998533 0 
vn -0.0370762 -0.999312 0 
vn -0.784056 -0.61973 -0.0345226 
vn -0.787825 -0.615899 3.9517e-17 
vn -0.785629 -0.618698 3.91043e-17 
vn -0.839693 -0.535507 -0.0902637 
vn -0.779373 -0.622789 -0.0686404 
vn -0.82951 -0.54216 -0.134071 
vn -0.77163 -0.627848 -0.101953 
vn -0.815422 -0.551364 -0.176307 
vn -0.760917 -0.634847 -0.134071 
vn -0.797594 -0.563012 -0.216475 
vn -0.747359 -0.643704 -0.164617 
vn -0.776234 -0.576967 -0.254106 
vn -0.731116 -0.654316 -0.193233 
vn -0.712379 -0.666558 -0.219583 
vn -0.691366 -0.680286 -0.24336 
vn -0.668324 -0.69534 -0.264282 
vn -0.643523 -0.711543 -0.282107 
vn -0.617255 -0.728705 -0.296624 
vn -0.589826 -0.746625 -0.307663 
vn -0.561559 -0.765092 -0.315095 
vn -0.532785 -0.783891 -0.318833 
vn -0.27571 -0.951845 -0.134071 
vn -0.264997 -0.958844 -0.101953 
vn -0.257254 -0.963903 -0.0686404 
vn -0.252571 -0.966962 -0.0345226 
vn -0.161782 -0.986827 0 
vn -0.144903 -0.989446 0 
vn -0.713069 -0.700709 -0.0232424 
vn -0.716617 -0.697467 2.67529e-17 
vn -0.71413 -0.700013 2.63274e-17 
vn -0.709916 -0.702769 -0.0462123 
vn -0.704703 -0.706175 -0.0686404 
vn -0.69749 -0.710887 -0.0902637 
vn -0.688363 -0.71685 -0.110829 
vn -0.677427 -0.723994 -0.130095 
vn -0.664812 -0.732236 -0.147835 
vn -0.650665 -0.741479 -0.163842 
vn -0.635152 -0.751614 -0.177929 
vn -0.618455 -0.762523 -0.189929 
vn -0.600769 -0.774077 -0.199703 
vn -0.582303 -0.786141 -0.207135 
vn -0.563272 -0.798575 -0.212139 
vn -0.5439 -0.811231 -0.214655 
vn -0.503842 -0.802801 -0.318833 
vn -0.370824 -0.924306 -0.0902637 
vn -0.363611 -0.929019 -0.0686404 
vn -0.358398 -0.932424 -0.0462123 
vn -0.355245 -0.934484 -0.0232424 
vn -0.267528 -0.96355 0 
vn -0.251032 -0.967979 0 
vn -0.633721 -0.773473 -0.0116897 
vn -0.637007 -0.770858 1.36751e-17 
vn -0.634259 -0.773121 1.32419e-17 
vn -0.632136 -0.774509 -0.0232424 
vn -0.629514 -0.776222 -0.0345226 
vn -0.625886 -0.778592 -0.045398 
vn -0.621295 -0.781591 -0.0557412 
vn -0.615795 -0.785185 -0.0654308 
vn -0.609451 -0.78933 -0.0743534 
vn -0.602335 -0.793978 -0.0824042 
vn -0.594533 -0.799076 -0.0894889 
vn -0.586135 -0.804562 -0.0955245 
vn -0.577241 -0.810373 -0.10044 
vn -0.567953 -0.816441 -0.104178 
vn -0.558381 -0.822695 -0.106695 
vn -0.548638 -0.82906 -0.10796 
vn -0.524414 -0.823962 -0.214655 
vn -0.46618 -0.882932 -0.0557412 
vn -0.379951 -0.918343 -0.110829 
vn -0.46159 -0.885931 -0.045398 
vn -0.457962 -0.888301 -0.0345226 
vn -0.45534 -0.890014 -0.0232424 
vn -0.453755 -0.89105 -0.0116897 
vn -0.370138 -0.928977 0 
vn -0.354217 -0.935163 0 
vn -0.546944 -0.837169 -3.31505e-18 
vn -0.549928 -0.835212 4.36991e-19 
vn -0.468408 -0.883512 0 
vn -0.538568 -0.842582 0 
vn -0.54426 -0.838916 0 
vn -0.546944 -0.837169 -3.31505e-18 
vn -0.515554 -0.856857 0 
vn 0.0659826 -0.754697 -0.652748 
vn 0.0810156 -0.748675 -0.657969 
vn 0.050176 -0.759455 -0.648622 
vn 0.0337811 -0.762894 -0.64564 
vn 0.0226396 -0.764299 -0.644464 
vn 0.0950988 -0.74146 -0.664224 
vn 0.151415 -0.678703 -0.718635 
vn 0.154924 -0.666664 -0.72908 
vn 0.119768 -0.723804 -0.679532 
vn 0.130065 -0.713569 -0.688405 
vn 0.108067 -0.733137 -0.67144 
vn 0.138838 -0.702554 -0.697956 
vn 0.145982 -0.690886 -0.708072 
vn 0.102063 -0.737019 -0.668121 
vn 0.155073 -0.666148 -0.72952 
vn 0.145982 -0.602992 -0.784276 
vn 0.138838 -0.591324 -0.794393 
vn 0.151415 -0.615175 -0.773714 
vn 0.155073 -0.627731 -0.762828 
vn 0.156912 -0.640511 -0.751747 
vn 0.156912 -0.653367 -0.740601 
vn 0.155779 -0.661301 -0.733767 
vn 0.130065 -0.580309 -0.803943 
vn 0.108067 -0.560741 -0.820909 
vn 0.0950988 -0.552418 -0.828125 
vn 0.119768 -0.570074 -0.812817 
vn 0.0810156 -0.545204 -0.83438 
vn 0.130033 -0.580277 -0.803972 
vn 0.0659826 -0.539182 -0.839601 
vn -0.0337811 -0.530984 -0.846708 
vn -0.041259 -0.532571 -0.845379 
vn 0.050176 -0.534423 -0.843726 
vn 0.0337811 -0.530984 -0.846708 
vn 0.0169901 -0.528904 -0.848512 
vn -1.94289e-15 -0.528208 -0.849115 
vn -0.0169901 -0.528904 -0.848512 
vn 0.0518658 -0.534939 -0.843297 
vn -0.0583162 -0.521415 -0.851308 
vn -0.050176 -0.534423 -0.843726 
vn -0.0659826 -0.539182 -0.839601 
vn -0.108067 -0.560741 -0.820909 
vn -0.0950988 -0.552418 -0.828125 
vn -0.0810156 -0.545204 -0.83438 
vn -0.0785238 -0.544216 -0.835262 
vn -0.119768 -0.570074 -0.812817 
vn -0.130065 -0.580309 -0.803943 
vn -0.151415 -0.615175 -0.773714 
vn -0.154151 -0.624571 -0.765603 
vn -0.145982 -0.602992 -0.784276 
vn -0.138838 -0.591324 -0.794393 
vn -0.132707 -0.583638 -0.801096 
vn -0.156912 -0.640511 -0.751747 
vn -0.156912 -0.653367 -0.740601 
vn -0.155073 -0.627731 -0.762828 
vn -0.155073 -0.666148 -0.72952 
vn -0.138838 -0.702554 -0.697956 
vn -0.133708 -0.709026 -0.69239 
vn -0.145982 -0.690886 -0.708072 
vn -0.151415 -0.678703 -0.718635 
vn -0.152977 -0.673382 -0.723294 
vn -0.108067 -0.733137 -0.67144 
vn -0.119768 -0.723804 -0.679532 
vn -0.0950988 -0.74146 -0.664224 
vn -0.130065 -0.713569 -0.688405 
vn -0.0810156 -0.748675 -0.657969 
vn -0.0169901 -0.764974 -0.643837 
vn -0.0124595 -0.765181 -0.643694 
vn -0.0752278 -0.75102 -0.65598 
vn -0.0659826 -0.754697 -0.652748 
vn -0.050176 -0.759455 -0.648622 
vn -0.0337811 -0.762894 -0.64564 
vn -2.498e-15 -0.76567 -0.643233 
vn 0.0169901 -0.764974 -0.643837 
vn 0.847399 -0.496747 -0.187502 
vn 0.852052 -0.491996 -0.178738 
vn 0.840615 -0.502564 -0.201982 
vn 0.835275 -0.506116 -0.214853 
vn 0.900327 -0.418431 -0.119695 
vn 0.869622 -0.470323 -0.150177 
vn 0.877364 -0.458868 -0.140259 
vn 0.885122 -0.446301 -0.13181 
vn 0.892807 -0.432769 -0.124928 
vn 0.861988 -0.480532 -0.161447 
vn 0.907594 -0.403455 -0.116172 
vn 0.854552 -0.489374 -0.173938 
vn 0.921036 -0.372297 -0.1144 
vn 0.927052 -0.35648 -0.116172 
vn 0.932503 -0.340751 -0.119695 
vn 0.914525 -0.388017 -0.1144 
vn 0.937324 -0.325295 -0.124928 
vn 0.908914 -0.400568 -0.115843 
vn 0.941459 -0.310293 -0.13181 
vn 0.950455 -0.247948 -0.187502 
vn 0.949771 -0.239038 -0.201982 
vn 0.950299 -0.258219 -0.173938 
vn 0.949305 -0.26973 -0.161447 
vn 0.947485 -0.282347 -0.150177 
vn 0.944859 -0.295921 -0.140259 
vn 0.9445 -0.297501 -0.139335 
vn 0.942806 -0.22143 -0.24917 
vn 0.945924 -0.225701 -0.232997 
vn 0.938938 -0.218831 -0.265535 
vn 0.948254 -0.231593 -0.217206 
vn 0.934365 -0.217934 -0.281899 
vn 0.949616 -0.238218 -0.203668 
vn 0.929141 -0.218749 -0.298072 
vn 0.895616 -0.247491 -0.369622 
vn 0.887982 -0.2577 -0.380892 
vn 0.923326 -0.221268 -0.313863 
vn 0.916989 -0.22546 -0.329087 
vn 0.910205 -0.231276 -0.343567 
vn 0.903053 -0.238649 -0.357131 
vn 0.927682 -0.219398 -0.302111 
vn 0.878423 -0.254333 -0.404584 
vn 0.886649 -0.259704 -0.382631 
vn 0.88024 -0.269155 -0.39081 
vn 0.872482 -0.281722 -0.399259 
vn 0.864798 -0.295254 -0.406141 
vn 0.857277 -0.309592 -0.411374 
vn 0.85001 -0.324568 -0.414897 
vn 0.858953 -0.306445 -0.410233 
vn 0.843079 -0.340006 -0.416669 
vn 0.831978 -0.367861 -0.415321 
vn 0.836568 -0.355726 -0.416669 
vn 0.83737 -0.353827 -0.416675 
vn 0.816145 -0.41773 -0.399259 
vn 0.812745 -0.432103 -0.39081 
vn 0.810119 -0.445677 -0.380892 
vn 0.82028 -0.402728 -0.406141 
vn 0.825101 -0.387272 -0.411374 
vn 0.808299 -0.458293 -0.369622 
vn 0.830552 -0.371543 -0.414897 
vn 0.807833 -0.488985 -0.329087 
vn 0.807909 -0.463157 -0.364375 
vn 0.807305 -0.469804 -0.357131 
vn 0.807149 -0.480075 -0.343567 
vn 0.814798 -0.506594 -0.281899 
vn 0.818666 -0.509193 -0.265535 
vn 0.811681 -0.502323 -0.298072 
vn 0.823239 -0.51009 -0.24917 
vn 0.80935 -0.49643 -0.313863 
vn 0.828463 -0.509274 -0.232997 
vn 0.808849 -0.493858 -0.319167 
vn 0.834278 -0.506756 -0.217206 
vn 0.231593 -0.948254 -0.217206 
vn 0.225701 -0.945924 -0.232997 
vn 0.239038 -0.949771 -0.201982 
vn 0.22452 -0.945085 -0.237499 
vn 0.247948 -0.950455 -0.187502 
vn 0.258219 -0.950299 -0.173938 
vn 0.269433 -0.949334 -0.161771 
vn 0.267723 -0.949499 -0.163635 
vn 0.340751 -0.932503 -0.119695 
vn 0.35648 -0.927052 -0.116172 
vn 0.325295 -0.937324 -0.124928 
vn 0.310293 -0.941459 -0.13181 
vn 0.295921 -0.944859 -0.140259 
vn 0.372297 -0.921036 -0.1144 
vn 0.282347 -0.947485 -0.150177 
vn 0.26973 -0.949305 -0.161447 
vn 0.403455 -0.907594 -0.116172 
vn 0.418431 -0.900327 -0.119695 
vn 0.432769 -0.892807 -0.124928 
vn 0.388017 -0.914525 -0.1144 
vn 0.446301 -0.885122 -0.13181 
vn 0.379326 -0.918163 -0.114405 
vn 0.458868 -0.877364 -0.140259 
vn 0.470323 -0.869622 -0.150177 
vn 0.496747 -0.847399 -0.187502 
vn 0.499245 -0.844536 -0.193684 
vn 0.47236 -0.868127 -0.152417 
vn 0.480532 -0.861988 -0.161447 
vn 0.489374 -0.854552 -0.173938 
vn 0.51009 -0.823239 -0.24917 
vn 0.509193 -0.818666 -0.265535 
vn 0.509274 -0.828463 -0.232997 
vn 0.506756 -0.834278 -0.217206 
vn 0.506594 -0.814798 -0.281899 
vn 0.502564 -0.840615 -0.201982 
vn 0.49643 -0.80935 -0.313863 
vn 0.488985 -0.807833 -0.329087 
vn 0.502323 -0.811681 -0.298072 
vn 0.480075 -0.807149 -0.343567 
vn 0.469804 -0.807305 -0.357131 
vn 0.503957 -0.812888 -0.291959 
vn 0.458293 -0.808299 -0.369622 
vn 0.402728 -0.82028 -0.406141 
vn 0.40031 -0.821053 -0.40697 
vn 0.448329 -0.809758 -0.378541 
vn 0.445677 -0.810119 -0.380892 
vn 0.432103 -0.812745 -0.39081 
vn 0.41773 -0.816145 -0.399259 
vn 0.340006 -0.843079 -0.416669 
vn 0.324568 -0.85001 -0.414897 
vn 0.355726 -0.836568 -0.416669 
vn 0.371543 -0.830552 -0.414897 
vn 0.309592 -0.857277 -0.411374 
vn 0.387272 -0.825101 -0.411374 
vn 0.281722 -0.872482 -0.399259 
vn 0.269155 -0.88024 -0.39081 
vn 0.2577 -0.887982 -0.380892 
vn 0.295254 -0.864798 -0.406141 
vn 0.247491 -0.895616 -0.369622 
vn 0.238649 -0.903053 -0.357131 
vn 0.231276 -0.910205 -0.343567 
vn 0.22546 -0.916989 -0.329087 
vn 0.2238 -0.919542 -0.323042 
vn 0.222791 -0.921065 -0.31938 
vn 0.218831 -0.938938 -0.265535 
vn 0.217934 -0.934365 -0.281899 
vn 0.22143 -0.942806 -0.24917 
vn 0.218749 -0.929141 -0.298072 
vn 0.221268 -0.923326 -0.313863 
vn -0.505257 -0.836597 -0.211709 
vn -0.529094 -0.841829 -0.106695 
vn -0.538838 -0.835463 -0.10796 
vn -0.505371 -0.836422 -0.212126 
vn -0.496747 -0.847399 -0.187502 
vn -0.494459 -0.84966 -0.183269 
vn -0.502564 -0.840615 -0.201982 
vn -0.519523 -0.848082 -0.104178 
vn -0.489374 -0.854552 -0.173938 
vn -0.483198 -0.859785 -0.165197 
vn -0.510235 -0.85415 -0.10044 
vn -0.480532 -0.861988 -0.161447 
vn -0.471587 -0.868696 -0.151566 
vn -0.470323 -0.869622 -0.150177 
vn -0.458868 -0.877364 -0.140259 
vn -0.492943 -0.865447 -0.0894889 
vn -0.50134 -0.859961 -0.0955245 
vn -0.48514 -0.870545 -0.0824042 
vn -0.446301 -0.885122 -0.13181 
vn -0.478025 -0.875193 -0.0743534 
vn -0.445357 -0.885669 -0.131328 
vn -0.432769 -0.892807 -0.124928 
vn -0.47168 -0.879339 -0.0654308 
vn -0.428812 -0.894914 -0.123483 
vn -0.418431 -0.900327 -0.119695 
vn -0.388017 -0.914525 -0.1144 
vn -0.407468 -0.905678 -0.117117 
vn -0.403455 -0.907594 -0.116172 
vn -0.325295 -0.937324 -0.124928 
vn -0.340751 -0.932503 -0.119695 
vn -0.35648 -0.927052 -0.116172 
vn -0.310293 -0.941459 -0.13181 
vn -0.372297 -0.921036 -0.1144 
vn -0.37404 -0.920329 -0.114402 
vn -0.295921 -0.944859 -0.140259 
vn -0.258219 -0.950299 -0.173938 
vn -0.247948 -0.950455 -0.187502 
vn -0.26973 -0.949305 -0.161447 
vn -0.282347 -0.947485 -0.150177 
vn -0.282399 -0.947475 -0.150139 
vn -0.22143 -0.942806 -0.24917 
vn -0.231593 -0.948254 -0.217206 
vn -0.225701 -0.945924 -0.232997 
vn -0.239038 -0.949771 -0.201982 
vn -0.247603 -0.950433 -0.188066 
vn -0.218749 -0.929141 -0.298072 
vn -0.219954 -0.92641 -0.30559 
vn -0.217934 -0.934365 -0.281899 
vn -0.218831 -0.938938 -0.265535 
vn -0.21986 -0.940491 -0.259111 
vn -0.231276 -0.910205 -0.343567 
vn -0.22546 -0.916989 -0.329087 
vn -0.221268 -0.923326 -0.313863 
vn -0.247491 -0.895616 -0.369622 
vn -0.238649 -0.903053 -0.357131 
vn -0.2577 -0.887982 -0.380892 
vn -0.235519 -0.906129 -0.35137 
vn -0.269155 -0.88024 -0.39081 
vn -0.281722 -0.872482 -0.399259 
vn -0.264226 -0.883609 -0.386548 
vn -0.295254 -0.864798 -0.406141 
vn -0.309592 -0.857277 -0.411374 
vn -0.30322 -0.860656 -0.409059 
vn -0.324568 -0.85001 -0.414897 
vn -0.340006 -0.843079 -0.416669 
vn -0.349821 -0.839048 -0.416683 
vn -0.355726 -0.836568 -0.416669 
vn -0.371543 -0.830552 -0.414897 
vn -0.387272 -0.825101 -0.411374 
vn -0.402728 -0.82028 -0.406141 
vn -0.404598 -0.819779 -0.405292 
vn -0.401326 -0.820729 -0.406622 
vn -0.439524 -0.796948 -0.414358 
vn -0.41773 -0.816145 -0.399259 
vn -0.432103 -0.812745 -0.39081 
vn -0.445677 -0.810119 -0.380892 
vn -0.480075 -0.807149 -0.343567 
vn -0.488985 -0.807833 -0.329087 
vn -0.45542 -0.808736 -0.372208 
vn -0.458293 -0.808299 -0.369622 
vn -0.469804 -0.807305 -0.357131 
vn -0.506594 -0.814798 -0.281899 
vn -0.509193 -0.818666 -0.265535 
vn -0.502323 -0.811681 -0.298072 
vn -0.51009 -0.823239 -0.24917 
vn -0.49643 -0.80935 -0.313863 
vn -0.509274 -0.828463 -0.232997 
vn -0.494419 -0.80896 -0.318014 
vn -0.506756 -0.834278 -0.217206 
vn -0.949771 -0.239038 -0.201982 
vn -0.950351 -0.246329 -0.190146 
vn -0.947133 -0.228681 -0.225041 
vn -0.948254 -0.231593 -0.217206 
vn -0.95934 -0.240442 -0.147835 
vn -0.950455 -0.247948 -0.187502 
vn -0.950299 -0.258219 -0.173938 
vn -0.949305 -0.26973 -0.161447 
vn -0.947485 -0.282347 -0.150177 
vn -0.944859 -0.295921 -0.140259 
vn -0.941459 -0.310293 -0.13181 
vn -0.937324 -0.325295 -0.124928 
vn -0.943911 -0.300055 -0.137837 
vn -0.932503 -0.340751 -0.119695 
vn -0.907594 -0.403455 -0.116172 
vn -0.904935 -0.409012 -0.11748 
vn -0.914525 -0.388017 -0.1144 
vn -0.921036 -0.372297 -0.1144 
vn -0.927052 -0.35648 -0.116172 
vn -0.932089 -0.341977 -0.119423 
vn -0.900327 -0.418431 -0.119695 
vn -0.892807 -0.432769 -0.124928 
vn -0.869622 -0.470323 -0.150177 
vn -0.865459 -0.47595 -0.156375 
vn -0.877364 -0.458868 -0.140259 
vn -0.885122 -0.446301 -0.13181 
vn -0.886097 -0.444617 -0.130952 
vn -0.847399 -0.496747 -0.187502 
vn -0.854552 -0.489374 -0.173938 
vn -0.861988 -0.480532 -0.161447 
vn -0.834278 -0.506756 -0.217206 
vn -0.840615 -0.502564 -0.201982 
vn -0.828463 -0.509274 -0.232997 
vn -0.841939 -0.501456 -0.1992 
vn -0.823896 -0.509997 -0.24718 
vn -0.823239 -0.51009 -0.24917 
vn -0.818666 -0.509193 -0.265535 
vn -0.814798 -0.506594 -0.281899 
vn -0.811681 -0.502323 -0.298072 
vn -0.80935 -0.49643 -0.313863 
vn -0.809065 -0.494949 -0.316923 
vn -0.810185 -0.498491 -0.308394 
vn -0.808299 -0.458293 -0.369622 
vn -0.810119 -0.445677 -0.380892 
vn -0.807305 -0.469804 -0.357131 
vn -0.807149 -0.480075 -0.343567 
vn -0.812745 -0.432103 -0.39081 
vn -0.807833 -0.488985 -0.329087 
vn -0.816145 -0.41773 -0.399259 
vn -0.85001 -0.324568 -0.414897 
vn -0.854556 -0.315271 -0.412721 
vn -0.82028 -0.402728 -0.406141 
vn -0.825101 -0.387272 -0.411374 
vn -0.830552 -0.371543 -0.414897 
vn -0.836568 -0.355726 -0.416669 
vn -0.843079 -0.340006 -0.416669 
vn -0.816147 -0.417725 -0.399262 
vn -0.857277 -0.309592 -0.411374 
vn -0.887982 -0.2577 -0.380892 
vn -0.88024 -0.269155 -0.39081 
vn -0.872482 -0.281722 -0.399259 
vn -0.864798 -0.295254 -0.406141 
vn -0.859277 -0.305835 -0.410011 
vn -0.916989 -0.22546 -0.329087 
vn -0.923326 -0.221268 -0.313863 
vn -0.910205 -0.231276 -0.343567 
vn -0.903053 -0.238649 -0.357131 
vn -0.895616 -0.247491 -0.369622 
vn -0.895591 -0.247525 -0.369659 
vn -0.929141 -0.218749 -0.298072 
vn -0.934365 -0.217934 -0.281899 
vn -0.938938 -0.218831 -0.265535 
vn -0.927164 -0.219626 -0.303533 
vn -0.942806 -0.22143 -0.24917 
vn -0.945924 -0.225701 -0.232997 
vn 0.130065 -0.0881865 -0.987576 
vn 0.119768 -0.101732 -0.987576 
vn 0.138838 -0.073607 -0.987576 
vn 0.108067 -0.114085 -0.987576 
vn 0.145982 -0.0581646 -0.987576 
vn 0.0950988 -0.1251 -0.987576 
vn 0.151415 -0.0420402 -0.987576 
vn 0.0938241 -0.125967 -0.987588 
vn 0.138838 0.073607 -0.987576 
vn 0.130065 0.0881865 -0.987576 
vn 0.156912 -0.00850754 -0.987576 
vn 0.156912 0.00850754 -0.987576 
vn 0.155073 -0.0254229 -0.987576 
vn 0.155073 0.0254229 -0.987576 
vn 0.151415 0.0420402 -0.987576 
vn 0.145982 0.0581646 -0.987576 
vn 0.152918 -0.035236 -0.98761 
vn 0.0950988 0.1251 -0.987576 
vn 0.0810156 0.134649 -0.987576 
vn 0.108067 0.114085 -0.987576 
vn 0.0659826 0.142619 -0.987576 
vn 0.119768 0.101732 -0.987576 
vn 0.050176 0.148917 -0.987576 
vn 0.125504 0.0941957 -0.987611 
vn -0.0810156 0.134649 -0.987576 
vn 3.747e-16 0.157143 -0.987576 
vn -0.0169901 0.156222 -0.987576 
vn 0.0169901 0.156222 -0.987576 
vn 0.0337811 0.153469 -0.987576 
vn -0.0337811 0.153469 -0.987576 
vn -0.050176 0.148917 -0.987576 
vn -0.0659826 0.142619 -0.987576 
vn 0.0359179 0.152878 -0.987592 
vn -0.130065 0.0881865 -0.987576 
vn -0.119768 0.101732 -0.987576 
vn -0.138838 0.073607 -0.987576 
vn -0.108067 0.114085 -0.987576 
vn -0.145982 0.0581646 -0.987576 
vn -0.0950988 0.1251 -0.987576 
vn -0.151415 0.0420402 -0.987576 
vn -0.0938241 0.125967 -0.987588 
vn -0.138838 -0.073607 -0.987576 
vn -0.130065 -0.0881865 -0.987576 
vn -0.156912 0.00850754 -0.987576 
vn -0.156912 -0.00850754 -0.987576 
vn -0.155073 0.0254229 -0.987576 
vn -0.155073 -0.0254229 -0.987576 
vn -0.151415 -0.0420402 -0.987576 
vn -0.145982 -0.0581646 -0.987576 
vn -0.152918 0.035236 -0.98761 
vn -0.0950988 -0.1251 -0.987576 
vn -0.0810156 -0.134649 -0.987576 
vn -0.108067 -0.114085 -0.987576 
vn -0.0659826 -0.142619 -0.987576 
vn -0.119768 -0.101732 -0.987576 
vn -0.050176 -0.148917 -0.987576 
vn -0.125504 -0.0941957 -0.987611 
vn 0.0810156 -0.134649 -0.987576 
vn -1.94289e-16 -0.157143 -0.987576 
vn 0.0169901 -0.156222 -0.987576 
vn -0.0169901 -0.156222 -0.987576 
vn -0.0337811 -0.153469 -0.987576 
vn 0.0337811 -0.153469 -0.987576 
vn 0.050176 -0.148917 -0.987576 
vn 0.0659826 -0.142619 -0.987576 
vn -0.0359179 -0.152878 -0.987592 
vn -0.231593 0.948254 -0.217206 
vn -0.225701 0.945924 -0.232997 
vn -0.239038 0.949771 -0.201982 
vn -0.22452 0.945085 -0.237499 
vn -0.247948 0.950455 -0.187502 
vn -0.258219 0.950299 -0.173938 
vn -0.269433 0.949334 -0.161771 
vn -0.267723 0.949499 -0.163635 
vn -0.340751 0.932503 -0.119695 
vn -0.35648 0.927052 -0.116172 
vn -0.325295 0.937324 -0.124928 
vn -0.310293 0.941459 -0.13181 
vn -0.295921 0.944859 -0.140259 
vn -0.372297 0.921036 -0.1144 
vn -0.282347 0.947485 -0.150177 
vn -0.26973 0.949305 -0.161447 
vn -0.403455 0.907594 -0.116172 
vn -0.418431 0.900327 -0.119695 
vn -0.432769 0.892807 -0.124928 
vn -0.388017 0.914525 -0.1144 
vn -0.446301 0.885122 -0.13181 
vn -0.379326 0.918163 -0.114405 
vn -0.458868 0.877364 -0.140259 
vn -0.470323 0.869622 -0.150177 
vn -0.496747 0.847399 -0.187502 
vn -0.499245 0.844536 -0.193684 
vn -0.47236 0.868127 -0.152417 
vn -0.480532 0.861988 -0.161447 
vn -0.489374 0.854552 -0.173938 
vn -0.51009 0.823239 -0.24917 
vn -0.509193 0.818666 -0.265535 
vn -0.509274 0.828463 -0.232997 
vn -0.506756 0.834278 -0.217206 
vn -0.506594 0.814798 -0.281899 
vn -0.502564 0.840615 -0.201982 
vn -0.49643 0.80935 -0.313863 
vn -0.488985 0.807833 -0.329087 
vn -0.502323 0.811681 -0.298072 
vn -0.480075 0.807149 -0.343567 
vn -0.469804 0.807305 -0.357131 
vn -0.503957 0.812888 -0.291959 
vn -0.458293 0.808299 -0.369622 
vn -0.402728 0.82028 -0.406141 
vn -0.40031 0.821053 -0.40697 
vn -0.448329 0.809758 -0.378541 
vn -0.445677 0.810119 -0.380892 
vn -0.432103 0.812745 -0.39081 
vn -0.41773 0.816145 -0.399259 
vn -0.340006 0.843079 -0.416669 
vn -0.324568 0.85001 -0.414897 
vn -0.355726 0.836568 -0.416669 
vn -0.371543 0.830552 -0.414897 
vn -0.309592 0.857277 -0.411374 
vn -0.387272 0.825101 -0.411374 
vn -0.281722 0.872482 -0.399259 
vn -0.269155 0.88024 -0.39081 
vn -0.2577 0.887982 -0.380892 
vn -0.295254 0.864798 -0.406141 
vn -0.247491 0.895616 -0.369622 
vn -0.238649 0.903053 -0.357131 
vn -0.231276 0.910205 -0.343567 
vn -0.22546 0.916989 -0.329087 
vn -0.2238 0.919542 -0.323042 
vn -0.222791 0.921065 -0.31938 
vn -0.218831 0.938938 -0.265535 
vn -0.217934 0.934365 -0.281899 
vn -0.22143 0.942806 -0.24917 
vn -0.218749 0.929141 -0.298072 
vn -0.221268 0.923326 -0.313863 
vn -0.847399 0.496747 -0.187502 
vn -0.852052 0.491996 -0.178738 
vn -0.840615 0.502564 -0.201982 
vn -0.835275 0.506116 -0.214853 
vn -0.900327 0.418431 -0.119695 
vn -0.869622 0.470323 -0.150177 
vn -0.877364 0.458868 -0.140259 
vn -0.885122 0.446301 -0.13181 
vn -0.892807 0.432769 -0.124928 
vn -0.861988 0.480532 -0.161447 
vn -0.907594 0.403455 -0.116172 
vn -0.854552 0.489374 -0.173938 
vn -0.921036 0.372297 -0.1144 
vn -0.927052 0.35648 -0.116172 
vn -0.932503 0.340751 -0.119695 
vn -0.914525 0.388017 -0.1144 
vn -0.937324 0.325295 -0.124928 
vn -0.908914 0.400568 -0.115843 
vn -0.941459 0.310293 -0.13181 
vn -0.950455 0.247948 -0.187502 
vn -0.949771 0.239038 -0.201982 
vn -0.950299 0.258219 -0.173938 
vn -0.949305 0.26973 -0.161447 
vn -0.947485 0.282347 -0.150177 
vn -0.944859 0.295921 -0.140259 
vn -0.9445 0.297501 -0.139335 
vn -0.942806 0.22143 -0.24917 
vn -0.945924 0.225701 -0.232997 
vn -0.938938 0.218831 -0.265535 
vn -0.948254 0.231593 -0.217206 
vn -0.934365 0.217934 -0.281899 
vn -0.949616 0.238218 -0.203668 
vn -0.929141 0.218749 -0.298072 
vn -0.895616 0.247491 -0.369622 
vn -0.887982 0.2577 -0.380892 
vn -0.923326 0.221268 -0.313863 
vn -0.916989 0.22546 -0.329087 
vn -0.910205 0.231276 -0.343567 
vn -0.903053 0.238649 -0.357131 
vn -0.927682 0.219398 -0.302111 
vn -0.886649 0.259704 -0.382631 
vn -0.88024 0.269155 -0.39081 
vn -0.872482 0.281722 -0.399259 
vn -0.864798 0.295254 -0.406141 
vn -0.857277 0.309592 -0.411374 
vn -0.85001 0.324568 -0.414897 
vn -0.858953 0.306445 -0.410233 
vn -0.843079 0.340006 -0.416669 
vn -0.831978 0.367861 -0.415321 
vn -0.836568 0.355726 -0.416669 
vn -0.83737 0.353827 -0.416675 
vn -0.816145 0.41773 -0.399259 
vn -0.812745 0.432103 -0.39081 
vn -0.810119 0.445677 -0.380892 
vn -0.82028 0.402728 -0.406141 
vn -0.825101 0.387272 -0.411374 
vn -0.808299 0.458293 -0.369622 
vn -0.830552 0.371543 -0.414897 
vn -0.807833 0.488985 -0.329087 
vn -0.807909 0.463157 -0.364375 
vn -0.807305 0.469804 -0.357131 
vn -0.807149 0.480075 -0.343567 
vn -0.814798 0.506594 -0.281899 
vn -0.818666 0.509193 -0.265535 
vn -0.811681 0.502323 -0.298072 
vn -0.823239 0.51009 -0.24917 
vn -0.80935 0.49643 -0.313863 
vn -0.828463 0.509274 -0.232997 
vn -0.808849 0.493858 -0.319167 
vn -0.834278 0.506756 -0.217206 
vn 0.949771 0.239038 -0.201982 
vn 0.950351 0.246329 -0.190146 
vn 0.947133 0.228681 -0.225041 
vn 0.948254 0.231593 -0.217206 
vn 0.950455 0.247948 -0.187502 
vn 0.950299 0.258219 -0.173938 
vn 0.949305 0.26973 -0.161447 
vn 0.947485 0.282347 -0.150177 
vn 0.944859 0.295921 -0.140259 
vn 0.941459 0.310293 -0.13181 
vn 0.937324 0.325295 -0.124928 
vn 0.943911 0.300055 -0.137837 
vn 0.932503 0.340751 -0.119695 
vn 0.907594 0.403455 -0.116172 
vn 0.904935 0.409012 -0.11748 
vn 0.914525 0.388017 -0.1144 
vn 0.921036 0.372297 -0.1144 
vn 0.927052 0.35648 -0.116172 
vn 0.932089 0.341977 -0.119423 
vn 0.900327 0.418431 -0.119695 
vn 0.892807 0.432769 -0.124928 
vn 0.869622 0.470323 -0.150177 
vn 0.865459 0.47595 -0.156375 
vn 0.877364 0.458868 -0.140259 
vn 0.885122 0.446301 -0.13181 
vn 0.886097 0.444617 -0.130952 
vn 0.847399 0.496747 -0.187502 
vn 0.854552 0.489374 -0.173938 
vn 0.861988 0.480532 -0.161447 
vn 0.834278 0.506756 -0.217206 
vn 0.840615 0.502564 -0.201982 
vn 0.828463 0.509274 -0.232997 
vn 0.841939 0.501456 -0.1992 
vn 0.823896 0.509997 -0.24718 
vn 0.823239 0.51009 -0.24917 
vn 0.818666 0.509193 -0.265535 
vn 0.814798 0.506594 -0.281899 
vn 0.811681 0.502323 -0.298072 
vn 0.80935 0.49643 -0.313863 
vn 0.809065 0.494949 -0.316923 
vn 0.810185 0.498491 -0.308394 
vn 0.808299 0.458293 -0.369622 
vn 0.810119 0.445677 -0.380892 
vn 0.807305 0.469804 -0.357131 
vn 0.807149 0.480075 -0.343567 
vn 0.812745 0.432103 -0.39081 
vn 0.807833 0.488985 -0.329087 
vn 0.816145 0.41773 -0.399259 
vn 0.85001 0.324568 -0.414897 
vn 0.854556 0.315271 -0.412721 
vn 0.82028 0.402728 -0.406141 
vn 0.825101 0.387272 -0.411374 
vn 0.830552 0.371543 -0.414897 
vn 0.836568 0.355726 -0.416669 
vn 0.843079 0.340006 -0.416669 
vn 0.816147 0.417725 -0.399262 
vn 0.857277 0.309592 -0.411374 
vn 0.887982 0.2577 -0.380892 
vn 0.88024 0.269155 -0.39081 
vn 0.872482 0.281722 -0.399259 
vn 0.864798 0.295254 -0.406141 
vn 0.859277 0.305835 -0.410011 
vn 0.916989 0.22546 -0.329087 
vn 0.923326 0.221268 -0.313863 
vn 0.910205 0.231276 -0.343567 
vn 0.903053 0.238649 -0.357131 
vn 0.895616 0.247491 -0.369622 
vn 0.895591 0.247525 -0.369659 
vn 0.929141 0.218749 -0.298072 
vn 0.934365 0.217934 -0.281899 
vn 0.938938 0.218831 -0.265535 
vn 0.927164 0.219626 -0.303533 
vn 0.942806 0.22143 -0.24917 
vn 0.945924 0.225701 -0.232997 
vn 0.505257 0.836597 -0.211709 
vn 0.529094 0.841829 -0.106695 
vn 0.505371 0.836422 -0.212126 
vn 0.496747 0.847399 -0.187502 
vn 0.494459 0.84966 -0.183269 
vn 0.502564 0.840615 -0.201982 
vn 0.519523 0.848082 -0.104178 
vn 0.489374 0.854552 -0.173938 
vn 0.483198 0.859785 -0.165197 
vn 0.510235 0.85415 -0.10044 
vn 0.480532 0.861988 -0.161447 
vn 0.471587 0.868696 -0.151566 
vn 0.470323 0.869622 -0.150177 
vn 0.458868 0.877364 -0.140259 
vn 0.492943 0.865447 -0.0894889 
vn 0.50134 0.859961 -0.0955245 
vn 0.48514 0.870545 -0.0824042 
vn 0.446301 0.885122 -0.13181 
vn 0.478025 0.875193 -0.0743534 
vn 0.445357 0.885669 -0.131328 
vn 0.432769 0.892807 -0.124928 
vn 0.47168 0.879339 -0.0654308 
vn 0.428812 0.894914 -0.123483 
vn 0.418431 0.900327 -0.119695 
vn 0.379951 0.918343 -0.110829 
vn 0.388017 0.914525 -0.1144 
vn 0.407468 0.905678 -0.117117 
vn 0.403455 0.907594 -0.116172 
vn 0.325295 0.937324 -0.124928 
vn 0.340751 0.932503 -0.119695 
vn 0.35648 0.927052 -0.116172 
vn 0.310293 0.941459 -0.13181 
vn 0.372297 0.921036 -0.1144 
vn 0.37404 0.920329 -0.114402 
vn 0.295921 0.944859 -0.140259 
vn 0.258219 0.950299 -0.173938 
vn 0.247948 0.950455 -0.187502 
vn 0.26973 0.949305 -0.161447 
vn 0.282347 0.947485 -0.150177 
vn 0.282399 0.947475 -0.150139 
vn 0.22143 0.942806 -0.24917 
vn 0.231593 0.948254 -0.217206 
vn 0.225701 0.945924 -0.232997 
vn 0.239038 0.949771 -0.201982 
vn 0.247603 0.950433 -0.188066 
vn 0.218749 0.929141 -0.298072 
vn 0.219954 0.92641 -0.30559 
vn 0.217934 0.934365 -0.281899 
vn 0.218831 0.938938 -0.265535 
vn 0.21986 0.940491 -0.259111 
vn 0.231276 0.910205 -0.343567 
vn 0.22546 0.916989 -0.329087 
vn 0.221268 0.923326 -0.313863 
vn 0.247491 0.895616 -0.369622 
vn 0.238649 0.903053 -0.357131 
vn 0.2577 0.887982 -0.380892 
vn 0.235519 0.906129 -0.35137 
vn 0.269155 0.88024 -0.39081 
vn 0.281722 0.872482 -0.399259 
vn 0.264226 0.883609 -0.386548 
vn 0.295254 0.864798 -0.406141 
vn 0.309592 0.857277 -0.411374 
vn 0.30322 0.860656 -0.409059 
vn 0.324568 0.85001 -0.414897 
vn 0.340006 0.843079 -0.416669 
vn 0.349821 0.839048 -0.416683 
vn 0.355726 0.836568 -0.416669 
vn 0.371543 0.830552 -0.414897 
vn 0.387272 0.825101 -0.411374 
vn 0.402728 0.82028 -0.406141 
vn 0.404598 0.819779 -0.405292 
vn 0.401326 0.820729 -0.406622 
vn 0.41773 0.816145 -0.399259 
vn 0.432103 0.812745 -0.39081 
vn 0.445677 0.810119 -0.380892 
vn 0.480075 0.807149 -0.343567 
vn 0.488985 0.807833 -0.329087 
vn 0.45542 0.808736 -0.372208 
vn 0.458293 0.808299 -0.369622 
vn 0.469804 0.807305 -0.357131 
vn 0.506594 0.814798 -0.281899 
vn 0.509193 0.818666 -0.265535 
vn 0.502323 0.811681 -0.298072 
vn 0.51009 0.823239 -0.24917 
vn 0.49643 0.80935 -0.313863 
vn 0.509274 0.828463 -0.232997 
vn 0.494419 0.80896 -0.318014 
vn 0.506756 0.834278 -0.217206 
vn 0.041259 0.532571 -0.845379 
vn 0.050176 0.534423 -0.843726 
vn 0.0659826 0.539182 -0.839601 
vn 0.108067 0.560741 -0.820909 
vn 0.0950988 0.552418 -0.828125 
vn 0.0810156 0.545204 -0.83438 
vn 0.0785238 0.544216 -0.835262 
vn 0.119768 0.570074 -0.812817 
vn 0.130065 0.580309 -0.803943 
vn 0.151415 0.615175 -0.773714 
vn 0.154151 0.624571 -0.765603 
vn 0.145982 0.602992 -0.784276 
vn 0.138838 0.591324 -0.794393 
vn 0.132707 0.583638 -0.801096 
vn 0.156912 0.640511 -0.751747 
vn 0.156912 0.653367 -0.740601 
vn 0.155073 0.627731 -0.762828 
vn 0.155073 0.666148 -0.72952 
vn 0.138838 0.702554 -0.697956 
vn 0.133708 0.709026 -0.69239 
vn 0.145982 0.690886 -0.708072 
vn 0.151415 0.678703 -0.718635 
vn 0.152977 0.673382 -0.723294 
vn 0.108067 0.733137 -0.67144 
vn 0.119768 0.723804 -0.679532 
vn 0.0950988 0.74146 -0.664224 
vn 0.130065 0.713569 -0.688405 
vn 0.0810156 0.748675 -0.657969 
vn 0.0169901 0.764974 -0.643837 
vn 0.0124595 0.765181 -0.643694 
vn 0.0752278 0.75102 -0.65598 
vn 0.0659826 0.754697 -0.652748 
vn 0.050176 0.759455 -0.648622 
vn 0.0337811 0.762894 -0.64564 
vn -0.00398606 0.775908 -0.630833 
vn 6.88338e-15 0.76567 -0.643233 
vn -0.0169901 0.764974 -0.643837 
vn -0.0659826 0.754697 -0.652748 
vn -0.0810156 0.748675 -0.657969 
vn -0.050176 0.759455 -0.648622 
vn -0.0337811 0.762894 -0.64564 
vn -0.0226396 0.764299 -0.644464 
vn -0.0950988 0.74146 -0.664224 
vn -0.151415 0.678703 -0.718635 
vn -0.154924 0.666664 -0.72908 
vn -0.119768 0.723804 -0.679532 
vn -0.130065 0.713569 -0.688405 
vn -0.108067 0.733137 -0.67144 
vn -0.138838 0.702554 -0.697956 
vn -0.145982 0.690886 -0.708072 
vn -0.102063 0.737019 -0.668121 
vn -0.155073 0.666148 -0.72952 
vn -0.145982 0.602992 -0.784276 
vn -0.138838 0.591324 -0.794393 
vn -0.151415 0.615175 -0.773714 
vn -0.155073 0.627731 -0.762828 
vn -0.156912 0.640511 -0.751747 
vn -0.156912 0.653367 -0.740601 
vn -0.155779 0.661301 -0.733767 
vn -0.130065 0.580309 -0.803943 
vn -0.108067 0.560741 -0.820909 
vn -0.0950988 0.552418 -0.828125 
vn -0.119768 0.570074 -0.812817 
vn -0.0810156 0.545204 -0.83438 
vn -0.130033 0.580277 -0.803972 
vn -0.0659826 0.539182 -0.839601 
vn 0.0337811 0.530984 -0.846708 
vn -0.050176 0.534423 -0.843726 
vn -0.0337811 0.530984 -0.846708 
vn -0.0169901 0.528904 -0.848512 
vn 6.4948e-15 0.528208 -0.849115 
vn 0.0169901 0.528904 -0.848512 
vn -0.0518658 0.534939 -0.843297 
vn 0.528766 -0.0132974 -0.848664 
vn 0.528904 -0.0169901 -0.848512 
vn 0.560741 -0.108067 -0.820909 
vn 0.552418 -0.0950988 -0.828125 
vn 0.545204 -0.0810156 -0.83438 
vn 0.539182 -0.0659826 -0.839601 
vn 0.570074 -0.119768 -0.812817 
vn 0.534423 -0.050176 -0.843726 
vn 0.530984 -0.0337811 -0.846708 
vn 0.530135 -0.0267812 -0.84749 
vn 0.602992 -0.145982 -0.784276 
vn 0.591324 -0.138838 -0.794393 
vn 0.615175 -0.151415 -0.773714 
vn 0.580309 -0.130065 -0.803943 
vn 0.627731 -0.155073 -0.762828 
vn 0.574322 -0.124026 -0.80918 
vn 0.640511 -0.156912 -0.751747 
vn 0.690886 -0.145982 -0.708072 
vn 0.702087 -0.139127 -0.698368 
vn 0.678703 -0.151415 -0.718635 
vn 0.666148 -0.155073 -0.72952 
vn 0.653367 -0.156912 -0.740601 
vn 0.65101 -0.156916 -0.742673 
vn 0.748675 -0.0810156 -0.657969 
vn 0.723804 -0.119768 -0.679532 
vn 0.733137 -0.108067 -0.67144 
vn 0.74146 -0.0950988 -0.664224 
vn 0.713569 -0.130065 -0.688405 
vn 0.754697 -0.0659826 -0.652748 
vn 0.702554 -0.138838 -0.697956 
vn 0.764974 -0.0169901 -0.643837 
vn 0.76567 -2.77556e-16 -0.643233 
vn 0.762894 -0.0337811 -0.64564 
vn 0.764974 0.0169901 -0.643837 
vn 0.759455 -0.050176 -0.648622 
vn 0.762894 0.0337811 -0.64564 
vn 0.758498 -0.0534155 -0.649482 
vn 0.759455 0.050176 -0.648622 
vn 0.754697 0.0659826 -0.652748 
vn 0.74146 0.0950988 -0.664224 
vn 0.73962 0.0979972 -0.665852 
vn 0.754447 0.0666182 -0.652972 
vn 0.748675 0.0810156 -0.657969 
vn 0.713569 0.130065 -0.688405 
vn 0.702554 0.138838 -0.697956 
vn 0.723804 0.119768 -0.679532 
vn 0.733137 0.108067 -0.67144 
vn 0.690886 0.145982 -0.708072 
vn 0.627731 0.155073 -0.762828 
vn 0.621746 0.153328 -0.768064 
vn 0.678703 0.151415 -0.718635 
vn 0.666148 0.155073 -0.72952 
vn 0.653367 0.156912 -0.740601 
vn 0.640511 0.156912 -0.751747 
vn 0.679833 0.150917 -0.717671 
vn 0.602651 0.165787 -0.780594 
vn 0.615175 0.151415 -0.773714 
vn 0.602992 0.145982 -0.784276 
vn 0.570074 0.119768 -0.812817 
vn 0.560741 0.108067 -0.820909 
vn 0.580309 0.130065 -0.803943 
vn 0.591324 0.138838 -0.794393 
vn 0.593467 0.140145 -0.792563 
vn 0.552418 0.0950988 -0.828125 
vn 0.528208 -2.22045e-16 -0.849115 
vn 0.539182 0.0659826 -0.839601 
vn 0.534423 0.050176 -0.843726 
vn 0.530984 0.0337811 -0.846708 
vn 0.528904 0.0169901 -0.848512 
vn 0.545204 0.0810156 -0.83438 
vn 0.547102 0.0846947 -0.83277 
vn -0.74146 -0.0950988 -0.664224 
vn -0.73962 -0.0979972 -0.665852 
vn -0.754447 -0.0666182 -0.652972 
vn -0.748675 -0.0810156 -0.657969 
vn -0.713569 -0.130065 -0.688405 
vn -0.702554 -0.138838 -0.697956 
vn -0.723804 -0.119768 -0.679532 
vn -0.733137 -0.108067 -0.67144 
vn -0.690886 -0.145982 -0.708072 
vn -0.627731 -0.155073 -0.762828 
vn -0.621746 -0.153328 -0.768064 
vn -0.678703 -0.151415 -0.718635 
vn -0.666148 -0.155073 -0.72952 
vn -0.653367 -0.156912 -0.740601 
vn -0.640511 -0.156912 -0.751747 
vn -0.679833 -0.150917 -0.717671 
vn -0.615175 -0.151415 -0.773714 
vn -0.602992 -0.145982 -0.784276 
vn -0.570074 -0.119768 -0.812817 
vn -0.560741 -0.108067 -0.820909 
vn -0.580309 -0.130065 -0.803943 
vn -0.591324 -0.138838 -0.794393 
vn -0.593467 -0.140145 -0.792563 
vn -0.552418 -0.0950988 -0.828125 
vn -0.528208 -3.88578e-16 -0.849115 
vn -0.528766 0.0132974 -0.848664 
vn -0.539182 -0.0659826 -0.839601 
vn -0.534423 -0.050176 -0.843726 
vn -0.530984 -0.0337811 -0.846708 
vn -0.528904 -0.0169901 -0.848512 
vn -0.545204 -0.0810156 -0.83438 
vn -0.547102 -0.0846947 -0.83277 
vn -0.528904 0.0169901 -0.848512 
vn -0.560741 0.108067 -0.820909 
vn -0.552418 0.0950988 -0.828125 
vn -0.545204 0.0810156 -0.83438 
vn -0.539182 0.0659826 -0.839601 
vn -0.570074 0.119768 -0.812817 
vn -0.534423 0.050176 -0.843726 
vn -0.530984 0.0337811 -0.846708 
vn -0.530135 0.0267812 -0.84749 
vn -0.602992 0.145982 -0.784276 
vn -0.591324 0.138838 -0.794393 
vn -0.615175 0.151415 -0.773714 
vn -0.580309 0.130065 -0.803943 
vn -0.627731 0.155073 -0.762828 
vn -0.574322 0.124026 -0.80918 
vn -0.640511 0.156912 -0.751747 
vn -0.690886 0.145982 -0.708072 
vn -0.702087 0.139127 -0.698368 
vn -0.678703 0.151415 -0.718635 
vn -0.666148 0.155073 -0.72952 
vn -0.653367 0.156912 -0.740601 
vn -0.65101 0.156916 -0.742673 
vn -0.748675 0.0810156 -0.657969 
vn -0.723804 0.119768 -0.679532 
vn -0.733137 0.108067 -0.67144 
vn -0.74146 0.0950988 -0.664224 
vn -0.713569 0.130065 -0.688405 
vn -0.754697 0.0659826 -0.652748 
vn -0.702554 0.138838 -0.697956 
vn -0.764974 0.0169901 -0.643837 
vn -0.76567 -3.88578e-16 -0.643233 
vn -0.762894 0.0337811 -0.64564 
vn -0.764974 -0.0169901 -0.643837 
vn -0.759455 0.050176 -0.648622 
vn -0.762894 -0.0337811 -0.64564 
vn -0.758498 0.0534155 -0.649482 
vn -0.759455 -0.050176 -0.648622 
vn -0.754697 -0.0659826 -0.652748 
vn 0.221125 0.942361 -0.251116 
vn 0.381872 0.917107 -0.114404 
vn -0.221125 -0.942361 -0.251116 
vn -0.381872 -0.917107 -0.114404 
vn -0.45325 -0.891384 0 
vn -0.546944 -0.837169 -9.90629e-18 
vn 0.453232 0.891392 1.32396e-17 
vn 0.546944 0.837169 -9.90629e-18 
vn -0.929589 -0.353582 0.104138 
vn -0.92388 -0.382683 1.55219e-16 
vn -0.924399 -0.320336 0.207054 
vn -0.929589 -0.353582 0.104138 
vn -0.908372 -0.283334 0.307543 
vn -0.924399 -0.320336 0.207054 
vn -0.907716 -0.282154 0.310549 
vn -0.899942 -0.269114 0.343048 
vn -0.893562 -0.259416 0.366401 
vn -0.908372 -0.283334 0.307543 
vn -0.881694 -0.24301 0.404427 
vn -0.84468 -0.199837 0.496569 
vn -0.874931 -0.23437 0.423752 
vn -0.797763 -0.154321 0.582889 
vn -0.741493 -0.106996 0.662375 
vn -0.676529 -0.0584167 0.734095 
vn -0.603634 -0.00915228 0.797209 
vn -0.523661 0.0402195 0.850977 
vn -0.437549 0.0891197 0.894767 
vn -0.346308 0.136975 0.928067 
vn -0.425907 0.0954384 0.899719 
vn -0.437549 0.0891197 0.894767 
vn -0.251006 0.183224 0.950487 
vn -0.152761 0.227326 0.961762 
vn -0.0527253 0.268762 0.961762 
vn 0.0479285 0.307047 0.950487 
vn 0.14802 0.341732 0.928067 
vn 0.231117 0.367881 0.900693 
vn 0.198912 0.35804 0.912273 
vn 0.246377 0.372411 0.894767 
vn 0.341845 0.398724 0.850977 
vn 0.433305 0.420362 0.797209 
vn 0.519685 0.437071 0.734095 
vn 0.53702 0.439925 0.719775 
vn 0.599972 0.448657 0.662375 
vn 0.563013 0.443853 0.697144 
vn 0.673225 0.454982 0.582889 
vn 0.738585 0.455973 0.496569 
vn 0.795286 0.451618 0.404427 
vn 0.842663 0.441968 0.307543 
vn 0.880161 0.427137 0.207054 
vn 0.891681 0.420206 0.168323 
vn 0.891607 0.420256 0.168589 
vn 0.907339 0.407298 0.104138 
vn 0.92388 0.382683 -1.94023e-17 
vn 0.929589 0.353582 -0.104138 
vn 0.924399 0.320336 -0.207054 
vn 0.908372 0.283334 -0.307543 
vn 0.881694 0.24301 -0.404427 
vn 0.84468 0.199837 -0.496569 
vn 0.873762 0.232918 -0.426954 
vn 0.861702 0.218563 -0.45793 
vn 0.881694 0.24301 -0.404427 
vn 0.84468 0.199837 -0.496569 
vn 0.797763 0.154321 -0.582889 
vn 0.741493 0.106996 -0.662375 
vn 0.690063 0.0681199 -0.720536 
vn 0.676529 0.0584167 -0.734095 
vn 0.603634 0.00915228 -0.797209 
vn 0.667085 0.0517597 -0.743181 
vn 0.676529 0.0584167 -0.734095 
vn 0.523661 -0.0402195 -0.850977 
vn 0.437549 -0.0891197 -0.894767 
vn 0.346308 -0.136975 -0.928067 
vn 0.251006 -0.183224 -0.950487 
vn 0.152761 -0.227326 -0.961762 
vn 0.0975115 -0.250633 -0.963159 
vn 0.101309 -0.249064 -0.963174 
vn 0.0527253 -0.268762 -0.961762 
vn -0.0479285 -0.307047 -0.950487 
vn -0.14802 -0.341732 -0.928067 
vn -0.246377 -0.372411 -0.894767 
vn -0.341845 -0.398724 -0.850977 
vn -0.433305 -0.420362 -0.797209 
vn -0.519685 -0.437071 -0.734095 
vn -0.599972 -0.448657 -0.662375 
vn -0.556363 -0.44289 -0.703071 
vn -0.519685 -0.437071 -0.734095 
vn -0.601957 -0.448887 -0.660415 
vn -0.613303 -0.450144 -0.649022 
vn -0.673225 -0.454982 -0.582889 
vn -0.637698 -0.452497 -0.623368 
vn -0.738585 -0.455973 -0.496569 
vn -0.795286 -0.451618 -0.404427 
vn -0.842663 -0.441968 -0.307543 
vn -0.880161 -0.427137 -0.207054 
vn -0.88876 -0.42212 -0.178664 
vn -0.907339 -0.407298 -0.104138 
vn -0.888836 -0.422072 -0.178399 
vn -0.407298 -0.907339 0.104138 
vn -0.382683 -0.92388 2.32828e-16 
vn -0.427137 -0.880161 0.207054 
vn -0.407298 -0.907339 0.104138 
vn -0.441968 -0.842663 0.307543 
vn -0.427137 -0.880161 0.207054 
vn -0.445917 -0.827289 0.341687 
vn -0.444301 -0.834025 0.327106 
vn -0.451618 -0.795286 0.404427 
vn -0.455973 -0.738585 0.496569 
vn -0.454982 -0.673225 0.582889 
vn -0.451966 -0.631721 0.629805 
vn -0.448657 -0.599972 0.662375 
vn -0.437071 -0.519685 0.734095 
vn -0.447001 -0.586364 0.67555 
vn -0.448657 -0.599972 0.662375 
vn -0.420362 -0.433305 0.797209 
vn -0.398724 -0.341845 0.850977 
vn -0.372411 -0.246377 0.894767 
vn -0.341732 -0.14802 0.928067 
vn -0.352177 -0.180285 0.918405 
vn -0.307047 -0.0479285 0.950487 
vn -0.268762 0.0527253 0.961762 
vn -0.298423 -0.0244579 0.95412 
vn -0.307047 -0.0479285 0.950487 
vn -0.268762 0.0527253 0.961762 
vn -0.263905 0.0648895 0.962364 
vn -0.227326 0.152761 0.961762 
vn -0.261648 0.0704987 0.962585 
vn -0.183224 0.251006 0.950487 
vn -0.136975 0.346308 0.928067 
vn -0.0891197 0.437549 0.894767 
vn -0.126575 0.366748 0.921669 
vn -0.136975 0.346308 0.928067 
vn -0.0891197 0.437549 0.894767 
vn -0.0402195 0.523661 0.850977 
vn -0.0508654 0.505506 0.861322 
vn 0.00915228 0.603634 0.797209 
vn 0.049862 0.66437 0.745739 
vn 0.0343529 0.641789 0.766112 
vn 0.0584167 0.676529 0.734095 
vn 0.106996 0.741493 0.662375 
vn 0.154321 0.797763 0.582889 
vn 0.199837 0.84468 0.496569 
vn 0.24301 0.881694 0.404427 
vn 0.283334 0.908372 0.307543 
vn 0.311237 0.921335 0.232969 
vn 0.316599 0.923216 0.2178 
vn 0.320336 0.924399 0.207054 
vn 0.353582 0.929589 0.104138 
vn 0.382683 0.92388 2.91035e-16 
vn 0.407298 0.907339 -0.104138 
vn 0.427137 0.880161 -0.207054 
vn 0.441968 0.842663 -0.307543 
vn 0.450811 0.800987 -0.393941 
vn 0.449299 0.810369 -0.376075 
vn 0.451618 0.795286 -0.404427 
vn 0.455973 0.738585 -0.496569 
vn 0.454982 0.673225 -0.582889 
vn 0.448657 0.599972 -0.662375 
vn 0.437071 0.519685 -0.734095 
vn 0.420362 0.433305 -0.797209 
vn 0.418229 0.423522 -0.803563 
vn 0.398724 0.341845 -0.850977 
vn 0.411796 0.395173 -0.821135 
vn 0.372411 0.246377 -0.894767 
vn 0.341732 0.14802 -0.928067 
vn 0.307047 0.0479285 -0.950487 
vn 0.268762 -0.0527253 -0.961762 
vn 0.268943 -0.0522703 -0.961737 
vn 0.307047 0.0479285 -0.950487 
vn 0.227326 -0.152761 -0.961762 
vn 0.191668 -0.232785 -0.953454 
vn 0.194172 -0.22733 -0.954263 
vn 0.217073 -0.176302 -0.960103 
vn 0.183224 -0.251006 -0.950487 
vn 0.227326 -0.152761 -0.961762 
vn 0.136975 -0.346308 -0.928067 
vn 0.0891197 -0.437549 -0.894767 
vn 0.0402195 -0.523661 -0.850977 
vn -0.00915228 -0.603634 -0.797209 
vn -0.0584167 -0.676529 -0.734095 
vn -0.106996 -0.741493 -0.662375 
vn -0.154321 -0.797763 -0.582889 
vn -0.143114 -0.785095 -0.602614 
vn -0.199837 -0.84468 -0.496569 
vn -0.170637 -0.815438 -0.553122 
vn -0.24301 -0.881694 -0.404427 
vn -0.199837 -0.84468 -0.496569 
vn -0.277302 -0.904935 -0.322794 
vn -0.283334 -0.908372 -0.307543 
vn -0.320336 -0.924399 -0.207054 
vn -0.284746 -0.909145 -0.303932 
vn -0.283334 -0.908372 -0.307543 
vn -0.353582 -0.929589 -0.104138 
vn 0.353582 -0.929589 0.104138 
vn 0.382683 -0.92388 0 
vn 0.320336 -0.924399 0.207054 
vn 0.353582 -0.929589 0.104138 
vn 0.307971 -0.920086 0.242066 
vn 0.283334 -0.908372 0.307543 
vn 0.306235 -0.919392 0.246858 
vn 0.24301 -0.881694 0.404427 
vn 0.199837 -0.84468 0.496569 
vn 0.154321 -0.797763 0.582889 
vn 0.106996 -0.741493 0.662375 
vn 0.114216 -0.750538 0.650882 
vn 0.106839 -0.741293 0.662623 
vn 0.0584167 -0.676529 0.734095 
vn 0.00915228 -0.603634 0.797209 
vn -0.0402195 -0.523661 0.850977 
vn -0.0891197 -0.437549 0.894767 
vn -0.124548 -0.370692 0.920367 
vn -0.131535 -0.357042 0.924781 
vn -0.136975 -0.346308 0.928067 
vn -0.154693 -0.310666 0.937847 
vn -0.147482 -0.325299 0.934039 
vn -0.183224 -0.251006 0.950487 
vn -0.227326 -0.152761 0.961762 
vn -0.268762 -0.0527253 0.961762 
vn -0.307047 0.0479285 0.950487 
vn -0.341732 0.14802 0.928067 
vn -0.372411 0.246377 0.894767 
vn -0.398715 0.341811 0.850995 
vn -0.398724 0.341845 0.850977 
vn -0.420362 0.433305 0.797209 
vn -0.437071 0.519685 0.734095 
vn -0.448657 0.599972 0.662375 
vn -0.454982 0.673225 0.582889 
vn -0.455973 0.738585 0.496569 
vn -0.451618 0.795286 0.404427 
vn -0.444321 0.833947 0.327278 
vn -0.448045 0.817185 0.36258 
vn -0.441968 0.842663 0.307543 
vn -0.429831 0.874886 0.223202 
vn -0.437404 0.856813 0.273039 
vn -0.427137 0.880161 0.207054 
vn -0.407298 0.907339 0.104138 
vn -0.382683 0.92388 5.23863e-16 
vn -0.353582 0.929589 -0.104138 
vn -0.349705 0.929538 -0.1169 
vn -0.320336 0.924399 -0.207054 
vn -0.344778 0.929243 -0.132801 
vn -0.283334 0.908372 -0.307543 
vn -0.24301 0.881694 -0.404427 
vn -0.234917 0.87537 -0.422542 
vn -0.236936 0.876976 -0.418061 
vn -0.199837 0.84468 -0.496569 
vn -0.154321 0.797763 -0.582889 
vn -0.106996 0.741493 -0.662375 
vn -0.0584167 0.676529 -0.734095 
vn -0.099035 0.731331 -0.674794 
vn -0.0852331 0.71326 -0.695698 
vn -0.106996 0.741493 -0.662375 
vn -0.0584167 0.676529 -0.734095 
vn -0.00915228 0.603634 -0.797209 
vn 0.0402195 0.523661 -0.850977 
vn 0.0463609 0.513228 -0.856999 
vn 0.0891197 0.437549 -0.894767 
vn 0.0639966 0.482663 -0.873465 
vn 0.136975 0.346308 -0.928067 
vn 0.117906 0.383523 -0.915974 
vn 0.166334 0.286671 -0.943479 
vn 0.183224 0.251006 -0.950487 
vn 0.227326 0.152761 -0.961762 
vn 0.268762 0.0527253 -0.961762 
vn 0.307047 -0.0479285 -0.950487 
vn 0.33918 -0.140304 -0.9302 
vn 0.337616 -0.135603 -0.931465 
vn 0.341732 -0.14802 -0.928067 
vn 0.372411 -0.246377 -0.894767 
vn 0.398724 -0.341845 -0.850977 
vn 0.414648 -0.40754 -0.81362 
vn 0.420362 -0.433305 -0.797209 
vn 0.437071 -0.519685 -0.734095 
vn 0.433303 -0.498268 -0.750984 
vn 0.448657 -0.599972 -0.662375 
vn 0.454982 -0.673225 -0.582889 
vn 0.455973 -0.738585 -0.496569 
vn 0.456238 -0.719822 -0.523167 
vn 0.451618 -0.795286 -0.404427 
vn 0.455577 -0.749576 -0.480192 
vn 0.441968 -0.842663 -0.307543 
vn 0.451618 -0.795286 -0.404427 
vn 0.435255 -0.862514 -0.258114 
vn 0.430863 -0.872727 -0.229575 
vn 0.427137 -0.880161 -0.207054 
vn 0.407298 -0.907339 -0.104138 
vn 0.907339 -0.407298 0.104138 
vn 0.92388 -0.382683 1.55219e-16 
vn 0.880161 -0.427137 0.207054 
vn 0.907339 -0.407298 0.104138 
vn 0.842663 -0.441968 0.307543 
vn 0.867076 -0.433386 0.245673 
vn 0.880161 -0.427137 0.207054 
vn 0.830737 -0.445111 0.334293 
vn 0.835585 -0.443903 0.323648 
vn 0.795286 -0.451618 0.404427 
vn 0.738585 -0.455973 0.496569 
vn 0.673225 -0.454982 0.582889 
vn 0.599972 -0.448657 0.662375 
vn 0.525916 -0.438118 0.729017 
vn 0.58222 -0.44647 0.679474 
vn 0.599972 -0.448657 0.662375 
vn 0.519685 -0.437071 0.734095 
vn 0.433305 -0.420362 0.797209 
vn 0.341845 -0.398724 0.850977 
vn 0.258404 -0.37592 0.889894 
vn 0.246377 -0.372411 0.894767 
vn 0.31044 -0.390465 0.866697 
vn 0.341845 -0.398724 0.850977 
vn 0.246377 -0.372411 0.894767 
vn 0.237538 -0.369798 0.898234 
vn 0.14802 -0.341732 0.928067 
vn 0.200954 -0.358675 0.911576 
vn 0.0479285 -0.307047 0.950487 
vn -0.0527253 -0.268762 0.961762 
vn -0.0905072 -0.253513 0.963089 
vn -0.152761 -0.227326 0.961762 
vn -0.112073 -0.244592 0.963127 
vn -0.251006 -0.183224 0.950487 
vn -0.346308 -0.136975 0.928067 
vn -0.387488 -0.115838 0.914568 
vn -0.437549 -0.0891197 0.894767 
vn -0.396214 -0.111265 0.911392 
vn -0.523661 -0.0402195 0.850977 
vn -0.603634 0.00915228 0.797209 
vn -0.635978 0.0304366 0.771107 
vn -0.635221 0.0299287 0.771751 
vn -0.676529 0.0584167 0.734095 
vn -0.741493 0.106996 0.662375 
vn -0.797763 0.154321 0.582889 
vn -0.818909 0.173946 0.546929 
vn -0.813227 0.168548 0.557004 
vn -0.84468 0.199837 0.496569 
vn -0.881694 0.24301 0.404427 
vn -0.908372 0.283334 0.307543 
vn -0.918122 0.303188 0.255203 
vn -0.913959 0.294082 0.279632 
vn -0.924399 0.320336 0.207054 
vn -0.929589 0.353582 0.104138 
vn -0.92388 0.382683 -5.8207e-17 
vn -0.918663 0.392909 -0.0409911 
vn -0.90986 0.404624 -0.0918323 
vn -0.908483 0.406113 -0.0986479 
vn -0.917538 0.394689 -0.0484274 
vn -0.907339 0.407298 -0.104138 
vn -0.880161 0.427137 -0.207054 
vn -0.842663 0.441968 -0.307543 
vn -0.795286 0.451618 -0.404427 
vn -0.74095 0.455903 -0.493097 
vn -0.738585 0.455973 -0.496569 
vn -0.787043 0.452647 -0.419134 
vn -0.795286 0.451618 -0.404427 
vn -0.738585 0.455973 -0.496569 
vn -0.673225 0.454982 -0.582889 
vn -0.599972 0.448657 -0.662375 
vn -0.519685 0.437071 -0.734095 
vn -0.519369 0.437018 -0.734351 
vn -0.433305 0.420362 -0.797209 
vn -0.510398 0.435469 -0.741526 
vn -0.341845 0.398724 -0.850977 
vn -0.246377 0.372411 -0.894767 
vn -0.14802 0.341732 -0.928067 
vn -0.0479285 0.307047 -0.950487 
vn 0.0527253 0.268762 -0.961762 
vn 0.06382 0.264334 -0.962317 
vn 0.145454 0.230468 -0.962147 
vn 0.0858127 0.255434 -0.963011 
vn 0.11373 0.2439 -0.963109 
vn 0.152761 0.227326 -0.961762 
vn 0.251006 0.183224 -0.950487 
vn 0.276786 0.171064 -0.945583 
vn 0.346308 0.136975 -0.928067 
vn 0.316801 0.15168 -0.936285 
vn 0.251006 0.183224 -0.950487 
vn 0.346308 0.136975 -0.928067 
vn 0.412774 0.102489 -0.905049 
vn 0.437549 0.0891197 -0.894767 
vn 0.517823 0.0436639 -0.854373 
vn 0.523661 0.0402195 -0.850977 
vn 0.603634 -0.00915228 -0.797209 
vn 0.52766 0.0378483 -0.848612 
vn 0.523661 0.0402195 -0.850977 
vn 0.676529 -0.0584167 -0.734095 
vn 0.741493 -0.106996 -0.662375 
vn 0.678295 -0.0596719 -0.732363 
vn 0.684957 -0.0644357 -0.725729 
vn 0.676529 -0.0584167 -0.734095 
vn 0.741493 -0.106996 -0.662375 
vn 0.797763 -0.154321 -0.582889 
vn 0.7593 -0.121336 -0.639328 
vn 0.813316 -0.168632 -0.556849 
vn 0.797763 -0.154321 -0.582889 
vn 0.831067 -0.185849 -0.524202 
vn 0.84468 -0.199837 -0.496569 
vn 0.881694 -0.24301 -0.404427 
vn 0.879271 -0.239863 -0.411519 
vn 0.90735 -0.281502 -0.312207 
vn 0.899946 -0.26912 -0.343034 
vn 0.900633 -0.270213 -0.340361 
vn 0.908372 -0.283334 -0.307543 
vn 0.924399 -0.320336 -0.207054 
vn 0.929589 -0.353582 -0.104138 
vn 0.927721 -0.370465 -0.0457042 
vn 0.929589 0.353582 0.104138 
vn 0.92388 0.382683 1.94023e-16 
vn 0.924399 0.320336 0.207054 
vn 0.929589 0.353582 0.104138 
vn 0.908372 0.283334 0.307543 
vn 0.924399 0.320336 0.207054 
vn 0.907716 0.282154 0.310549 
vn 0.899942 0.269114 0.343048 
vn 0.893562 0.259416 0.366401 
vn 0.908372 0.283334 0.307543 
vn 0.881694 0.24301 0.404427 
vn 0.84468 0.199837 0.496569 
vn 0.874931 0.23437 0.423752 
vn 0.797763 0.154321 0.582889 
vn 0.741493 0.106996 0.662375 
vn 0.676529 0.0584167 0.734095 
vn 0.603634 0.00915228 0.797209 
vn 0.523661 -0.0402195 0.850977 
vn 0.437549 -0.0891197 0.894767 
vn 0.346308 -0.136975 0.928067 
vn 0.425907 -0.0954384 0.899719 
vn 0.437549 -0.0891197 0.894767 
vn 0.251006 -0.183224 0.950487 
vn 0.152761 -0.227326 0.961762 
vn 0.0527253 -0.268762 0.961762 
vn -0.0479285 -0.307047 0.950487 
vn -0.14802 -0.341732 0.928067 
vn -0.231117 -0.367881 0.900693 
vn -0.198912 -0.35804 0.912273 
vn -0.246377 -0.372411 0.894767 
vn -0.341845 -0.398724 0.850977 
vn -0.433305 -0.420362 0.797209 
vn -0.519685 -0.437071 0.734095 
vn -0.53702 -0.439925 0.719775 
vn -0.599972 -0.448657 0.662375 
vn -0.563013 -0.443853 0.697144 
vn -0.673225 -0.454982 0.582889 
vn -0.738585 -0.455973 0.496569 
vn -0.795286 -0.451618 0.404427 
vn -0.842663 -0.441968 0.307543 
vn -0.880161 -0.427137 0.207054 
vn -0.891681 -0.420206 0.168323 
vn -0.891607 -0.420256 0.168589 
vn -0.907339 -0.407298 0.104138 
vn -0.92388 -0.382683 3.2984e-16 
vn -0.929589 -0.353582 -0.104138 
vn -0.924399 -0.320336 -0.207054 
vn -0.908372 -0.283334 -0.307543 
vn -0.881694 -0.24301 -0.404427 
vn -0.84468 -0.199837 -0.496569 
vn -0.873762 -0.232918 -0.426954 
vn -0.861702 -0.218563 -0.45793 
vn -0.881694 -0.24301 -0.404427 
vn -0.84468 -0.199837 -0.496569 
vn -0.797763 -0.154321 -0.582889 
vn -0.741493 -0.106996 -0.662375 
vn -0.690063 -0.0681199 -0.720536 
vn -0.676529 -0.0584167 -0.734095 
vn -0.603634 -0.00915228 -0.797209 
vn -0.667085 -0.0517597 -0.743181 
vn -0.676529 -0.0584167 -0.734095 
vn -0.523661 0.0402195 -0.850977 
vn -0.437549 0.0891197 -0.894767 
vn -0.346308 0.136975 -0.928067 
vn -0.251006 0.183224 -0.950487 
vn -0.152761 0.227326 -0.961762 
vn -0.0975115 0.250633 -0.963159 
vn -0.101309 0.249064 -0.963174 
vn -0.0527253 0.268762 -0.961762 
vn 0.0479285 0.307047 -0.950487 
vn 0.14802 0.341732 -0.928067 
vn 0.246377 0.372411 -0.894767 
vn 0.341845 0.398724 -0.850977 
vn 0.433305 0.420362 -0.797209 
vn 0.519685 0.437071 -0.734095 
vn 0.599972 0.448657 -0.662375 
vn 0.556363 0.44289 -0.703071 
vn 0.519685 0.437071 -0.734095 
vn 0.601957 0.448887 -0.660415 
vn 0.613303 0.450144 -0.649022 
vn 0.673225 0.454982 -0.582889 
vn 0.637698 0.452497 -0.623368 
vn 0.738585 0.455973 -0.496569 
vn 0.795286 0.451618 -0.404427 
vn 0.842663 0.441968 -0.307543 
vn 0.880161 0.427137 -0.207054 
vn 0.88876 0.42212 -0.178664 
vn 0.907339 0.407298 -0.104138 
vn 0.888836 0.422072 -0.178399 
vn 0.407298 0.907339 0.104138 
vn 0.382683 0.92388 2.71633e-16 
vn 0.427137 0.880161 0.207054 
vn 0.407298 0.907339 0.104138 
vn 0.441968 0.842663 0.307543 
vn 0.427137 0.880161 0.207054 
vn 0.445917 0.827289 0.341687 
vn 0.444301 0.834025 0.327106 
vn 0.451618 0.795286 0.404427 
vn 0.455973 0.738585 0.496569 
vn 0.454982 0.673225 0.582889 
vn 0.451966 0.631721 0.629805 
vn 0.448657 0.599972 0.662375 
vn 0.437071 0.519685 0.734095 
vn 0.447001 0.586364 0.67555 
vn 0.448657 0.599972 0.662375 
vn 0.420362 0.433305 0.797209 
vn 0.398724 0.341845 0.850977 
vn 0.372411 0.246377 0.894767 
vn 0.341732 0.14802 0.928067 
vn 0.352177 0.180285 0.918405 
vn 0.307047 0.0479285 0.950487 
vn 0.268762 -0.0527253 0.961762 
vn 0.298423 0.0244579 0.95412 
vn 0.307047 0.0479285 0.950487 
vn 0.268762 -0.0527253 0.961762 
vn 0.263905 -0.0648895 0.962364 
vn 0.227326 -0.152761 0.961762 
vn 0.261648 -0.0704987 0.962585 
vn 0.183224 -0.251006 0.950487 
vn 0.136975 -0.346308 0.928067 
vn 0.0891197 -0.437549 0.894767 
vn 0.126575 -0.366748 0.921669 
vn 0.136975 -0.346308 0.928067 
vn 0.0891197 -0.437549 0.894767 
vn 0.0402195 -0.523661 0.850977 
vn 0.0508654 -0.505506 0.861322 
vn -0.00915228 -0.603634 0.797209 
vn -0.049862 -0.66437 0.745739 
vn -0.0343529 -0.641789 0.766112 
vn -0.0584167 -0.676529 0.734095 
vn -0.106996 -0.741493 0.662375 
vn -0.154321 -0.797763 0.582889 
vn -0.199837 -0.84468 0.496569 
vn -0.24301 -0.881694 0.404427 
vn -0.283334 -0.908372 0.307543 
vn -0.311237 -0.921335 0.232969 
vn -0.316599 -0.923216 0.2178 
vn -0.320336 -0.924399 0.207054 
vn -0.353582 -0.929589 0.104138 
vn -0.382683 -0.92388 -1.74621e-16 
vn -0.407298 -0.907339 -0.104138 
vn -0.427137 -0.880161 -0.207054 
vn -0.441968 -0.842663 -0.307543 
vn -0.450811 -0.800987 -0.393941 
vn -0.449299 -0.810369 -0.376075 
vn -0.451618 -0.795286 -0.404427 
vn -0.455973 -0.738585 -0.496569 
vn -0.454982 -0.673225 -0.582889 
vn -0.448657 -0.599972 -0.662375 
vn -0.437071 -0.519685 -0.734095 
vn -0.420362 -0.433305 -0.797209 
vn -0.418229 -0.423522 -0.803563 
vn -0.398724 -0.341845 -0.850977 
vn -0.411796 -0.395173 -0.821135 
vn -0.372411 -0.246377 -0.894767 
vn -0.341732 -0.14802 -0.928067 
vn -0.307047 -0.0479285 -0.950487 
vn -0.268762 0.0527253 -0.961762 
vn -0.268943 0.0522703 -0.961737 
vn -0.307047 -0.0479285 -0.950487 
vn -0.227326 0.152761 -0.961762 
vn -0.191668 0.232785 -0.953454 
vn -0.194172 0.22733 -0.954263 
vn -0.217073 0.176302 -0.960103 
vn -0.183224 0.251006 -0.950487 
vn -0.227326 0.152761 -0.961762 
vn -0.136975 0.346308 -0.928067 
vn -0.0891197 0.437549 -0.894767 
vn -0.0402195 0.523661 -0.850977 
vn 0.00915228 0.603634 -0.797209 
vn 0.0584167 0.676529 -0.734095 
vn 0.106996 0.741493 -0.662375 
vn 0.154321 0.797763 -0.582889 
vn 0.143114 0.785095 -0.602614 
vn 0.199837 0.84468 -0.496569 
vn 0.170637 0.815438 -0.553122 
vn 0.24301 0.881694 -0.404427 
vn 0.199837 0.84468 -0.496569 
vn 0.277302 0.904935 -0.322794 
vn 0.283334 0.908372 -0.307543 
vn 0.320336 0.924399 -0.207054 
vn 0.284746 0.909145 -0.303932 
vn 0.283334 0.908372 -0.307543 
vn 0.353582 0.929589 -0.104138 
vn -0.353582 0.929589 0.104138 
vn -0.382683 0.92388 1.55219e-16 
vn -0.320336 0.924399 0.207054 
vn -0.353582 0.929589 0.104138 
vn -0.307971 0.920086 0.242066 
vn -0.283334 0.908372 0.307543 
vn -0.306235 0.919392 0.246858 
vn -0.24301 0.881694 0.404427 
vn -0.199837 0.84468 0.496569 
vn -0.154321 0.797763 0.582889 
vn -0.106996 0.741493 0.662375 
vn -0.114216 0.750538 0.650882 
vn -0.106839 0.741293 0.662623 
vn -0.0584167 0.676529 0.734095 
vn -0.00915228 0.603634 0.797209 
vn 0.0402195 0.523661 0.850977 
vn 0.0891197 0.437549 0.894767 
vn 0.124548 0.370692 0.920367 
vn 0.131535 0.357042 0.924781 
vn 0.136975 0.346308 0.928067 
vn 0.154693 0.310666 0.937847 
vn 0.147482 0.325299 0.934039 
vn 0.183224 0.251006 0.950487 
vn 0.227326 0.152761 0.961762 
vn 0.268762 0.0527253 0.961762 
vn 0.307047 -0.0479285 0.950487 
vn 0.341732 -0.14802 0.928067 
vn 0.372411 -0.246377 0.894767 
vn 0.398715 -0.341811 0.850995 
vn 0.398724 -0.341845 0.850977 
vn 0.420362 -0.433305 0.797209 
vn 0.437071 -0.519685 0.734095 
vn 0.448657 -0.599972 0.662375 
vn 0.454982 -0.673225 0.582889 
vn 0.455973 -0.738585 0.496569 
vn 0.451618 -0.795286 0.404427 
vn 0.444321 -0.833947 0.327278 
vn 0.448045 -0.817185 0.36258 
vn 0.441968 -0.842663 0.307543 
vn 0.429831 -0.874886 0.223202 
vn 0.437404 -0.856813 0.273039 
vn 0.427137 -0.880161 0.207054 
vn 0.407298 -0.907339 0.104138 
vn 0.382683 -0.92388 -3.88047e-17 
vn 0.353582 -0.929589 -0.104138 
vn 0.349705 -0.929538 -0.1169 
vn 0.320336 -0.924399 -0.207054 
vn 0.344778 -0.929243 -0.132801 
vn 0.283334 -0.908372 -0.307543 
vn 0.24301 -0.881694 -0.404427 
vn 0.234917 -0.87537 -0.422542 
vn 0.236936 -0.876976 -0.418061 
vn 0.199837 -0.84468 -0.496569 
vn 0.154321 -0.797763 -0.582889 
vn 0.106996 -0.741493 -0.662375 
vn 0.0584167 -0.676529 -0.734095 
vn 0.099035 -0.731331 -0.674794 
vn 0.0852331 -0.71326 -0.695698 
vn 0.106996 -0.741493 -0.662375 
vn 0.0584167 -0.676529 -0.734095 
vn 0.00915228 -0.603634 -0.797209 
vn -0.0402195 -0.523661 -0.850977 
vn -0.0463609 -0.513228 -0.856999 
vn -0.0891197 -0.437549 -0.894767 
vn -0.0639966 -0.482663 -0.873465 
vn -0.136975 -0.346308 -0.928067 
vn -0.117906 -0.383523 -0.915974 
vn -0.166334 -0.286671 -0.943479 
vn -0.183224 -0.251006 -0.950487 
vn -0.227326 -0.152761 -0.961762 
vn -0.268762 -0.0527253 -0.961762 
vn -0.307047 0.0479285 -0.950487 
vn -0.33918 0.140304 -0.9302 
vn -0.337616 0.135603 -0.931465 
vn -0.341732 0.14802 -0.928067 
vn -0.372411 0.246377 -0.894767 
vn -0.398724 0.341845 -0.850977 
vn -0.414648 0.40754 -0.81362 
vn -0.420362 0.433305 -0.797209 
vn -0.437071 0.519685 -0.734095 
vn -0.433303 0.498268 -0.750984 
vn -0.448657 0.599972 -0.662375 
vn -0.454982 0.673225 -0.582889 
vn -0.455973 0.738585 -0.496569 
vn -0.456238 0.719822 -0.523167 
vn -0.451618 0.795286 -0.404427 
vn -0.455577 0.749576 -0.480192 
vn -0.441968 0.842663 -0.307543 
vn -0.451618 0.795286 -0.404427 
vn -0.435255 0.862514 -0.258114 
vn -0.430863 0.872727 -0.229575 
vn -0.427137 0.880161 -0.207054 
vn -0.407298 0.907339 -0.104138 
vn -0.907339 0.407298 0.104138 
vn -0.92388 0.382683 1.55219e-16 
vn -0.880161 0.427137 0.207054 
vn -0.907339 0.407298 0.104138 
vn -0.842663 0.441968 0.307543 
vn -0.867076 0.433386 0.245673 
vn -0.880161 0.427137 0.207054 
vn -0.830737 0.445111 0.334293 
vn -0.835585 0.443903 0.323648 
vn -0.795286 0.451618 0.404427 
vn -0.738585 0.455973 0.496569 
vn -0.673225 0.454982 0.582889 
vn -0.599972 0.448657 0.662375 
vn -0.525916 0.438118 0.729017 
vn -0.58222 0.44647 0.679474 
vn -0.599972 0.448657 0.662375 
vn -0.519685 0.437071 0.734095 
vn -0.433305 0.420362 0.797209 
vn -0.341845 0.398724 0.850977 
vn -0.258404 0.37592 0.889894 
vn -0.246377 0.372411 0.894767 
vn -0.31044 0.390465 0.866697 
vn -0.341845 0.398724 0.850977 
vn -0.246377 0.372411 0.894767 
vn -0.237538 0.369798 0.898234 
vn -0.14802 0.341732 0.928067 
vn -0.200954 0.358675 0.911576 
vn -0.0479285 0.307047 0.950487 
vn 0.0527253 0.268762 0.961762 
vn 0.0905072 0.253513 0.963089 
vn 0.152761 0.227326 0.961762 
vn 0.112073 0.244592 0.963127 
vn 0.251006 0.183224 0.950487 
vn 0.346308 0.136975 0.928067 
vn 0.387488 0.115838 0.914568 
vn 0.437549 0.0891197 0.894767 
vn 0.396214 0.111265 0.911392 
vn 0.523661 0.0402195 0.850977 
vn 0.603634 -0.00915228 0.797209 
vn 0.635978 -0.0304366 0.771107 
vn 0.635221 -0.0299287 0.771751 
vn 0.676529 -0.0584167 0.734095 
vn 0.741493 -0.106996 0.662375 
vn 0.797763 -0.154321 0.582889 
vn 0.818909 -0.173946 0.546929 
vn 0.813227 -0.168548 0.557004 
vn 0.84468 -0.199837 0.496569 
vn 0.881694 -0.24301 0.404427 
vn 0.908372 -0.283334 0.307543 
vn 0.918122 -0.303188 0.255203 
vn 0.913959 -0.294082 0.279632 
vn 0.924399 -0.320336 0.207054 
vn 0.929589 -0.353582 0.104138 
vn 0.92388 -0.382683 -5.8207e-17 
vn 0.918663 -0.392909 -0.0409911 
vn 0.90986 -0.404624 -0.0918323 
vn 0.908483 -0.406113 -0.0986479 
vn 0.917538 -0.394689 -0.0484274 
vn 0.907339 -0.407298 -0.104138 
vn 0.880161 -0.427137 -0.207054 
vn 0.842663 -0.441968 -0.307543 
vn 0.795286 -0.451618 -0.404427 
vn 0.74095 -0.455903 -0.493097 
vn 0.738585 -0.455973 -0.496569 
vn 0.787043 -0.452647 -0.419134 
vn 0.795286 -0.451618 -0.404427 
vn 0.738585 -0.455973 -0.496569 
vn 0.673225 -0.454982 -0.582889 
vn 0.599972 -0.448657 -0.662375 
vn 0.519685 -0.437071 -0.734095 
vn 0.519369 -0.437018 -0.734351 
vn 0.433305 -0.420362 -0.797209 
vn 0.510398 -0.435469 -0.741526 
vn 0.341845 -0.398724 -0.850977 
vn 0.246377 -0.372411 -0.894767 
vn 0.14802 -0.341732 -0.928067 
vn 0.0479285 -0.307047 -0.950487 
vn -0.0527253 -0.268762 -0.961762 
vn -0.06382 -0.264334 -0.962317 
vn -0.145454 -0.230468 -0.962147 
vn -0.0858127 -0.255434 -0.963011 
vn -0.11373 -0.2439 -0.963109 
vn -0.152761 -0.227326 -0.961762 
vn -0.251006 -0.183224 -0.950487 
vn -0.276786 -0.171064 -0.945583 
vn -0.346308 -0.136975 -0.928067 
vn -0.316801 -0.15168 -0.936285 
vn -0.251006 -0.183224 -0.950487 
vn -0.346308 -0.136975 -0.928067 
vn -0.412774 -0.102489 -0.905049 
vn -0.437549 -0.0891197 -0.894767 
vn -0.517823 -0.0436639 -0.854373 
vn -0.523661 -0.0402195 -0.850977 
vn -0.603634 0.00915228 -0.797209 
vn -0.52766 -0.0378483 -0.848612 
vn -0.523661 -0.0402195 -0.850977 
vn -0.676529 0.0584167 -0.734095 
vn -0.741493 0.106996 -0.662375 
vn -0.678295 0.0596719 -0.732363 
vn -0.684957 0.0644357 -0.725729 
vn -0.676529 0.0584167 -0.734095 
vn -0.741493 0.106996 -0.662375 
vn -0.797763 0.154321 -0.582889 
vn -0.7593 0.121336 -0.639328 
vn -0.813316 0.168632 -0.556849 
vn -0.797763 0.154321 -0.582889 
vn -0.831067 0.185849 -0.524202 
vn -0.84468 0.199837 -0.496569 
vn -0.881694 0.24301 -0.404427 
vn -0.879271 0.239863 -0.411519 
vn -0.90735 0.281502 -0.312207 
vn -0.899946 0.26912 -0.343034 
vn -0.900633 0.270213 -0.340361 
vn -0.908372 0.283334 -0.307543 
vn -0.924399 0.320336 -0.207054 
vn -0.929589 0.353582 -0.104138 
vn -0.927721 0.370465 -0.0457042 
vn 0.108119 0.751132 0.651238 
vn 2.44929e-16 0.755561 0.655078 
vn 0.21497 0.737897 0.639763 
vn 0.108119 0.751132 0.651238 
vn 0.319302 0.71601 0.620787 
vn 0.21497 0.737897 0.639763 
vn 0.330236 0.713173 0.618327 
vn 0.419889 0.685729 0.594533 
vn 0.347159 0.70857 0.614336 
vn 0.515554 0.647408 0.561308 
vn 0.605174 0.601497 0.521503 
vn 0.687699 0.548534 0.475584 
vn 0.762162 0.48914 0.424088 
vn 0.827498 0.424224 0.367806 
vn 0.820555 0.431854 0.374421 
vn 0.827689 0.424011 0.367621 
vn 0.883512 0.353911 0.306844 
vn 0.928977 0.279662 0.242469 
vn 0.96355 0.202134 0.175252 
vn 0.986827 0.122236 0.10598 
vn 0.998533 0.0409053 0.0354652 
vn 0.998533 -0.0409053 -0.0354652 
vn 0.99266 -0.091378 -0.0792254 
vn 0.994906 -0.0761636 -0.0660345 
vn 0.986827 -0.122236 -0.10598 
vn 0.986961 -0.121614 -0.105441 
vn 0.96355 -0.202134 -0.175252 
vn 0.986103 -0.125525 -0.108831 
vn 0.928977 -0.279662 -0.242469 
vn 0.96355 -0.202134 -0.175252 
vn 0.883512 -0.353911 -0.306844 
vn 0.928977 -0.279662 -0.242469 
vn 0.827689 -0.424011 -0.367621 
vn 0.883512 -0.353911 -0.306844 
vn 0.762162 -0.48914 -0.424088 
vn 0.827689 -0.424011 -0.367621 
vn 0.687699 -0.548534 -0.475584 
vn 0.762162 -0.48914 -0.424088 
vn 0.605174 -0.601497 -0.521503 
vn 0.652034 -0.572859 -0.496673 
vn 0.650418 -0.573907 -0.497582 
vn 0.687699 -0.548534 -0.475584 
vn 0.515554 -0.647408 -0.561308 
vn 0.605174 -0.601497 -0.521503 
vn 0.419889 -0.685729 -0.594533 
vn 0.515554 -0.647408 -0.561308 
vn 0.319302 -0.71601 -0.620787 
vn 0.419889 -0.685729 -0.594533 
vn 0.21497 -0.737897 -0.639763 
vn 0.319302 -0.71601 -0.620787 
vn 0.144254 -0.747659 -0.648226 
vn 0.108119 -0.751132 -0.651238 
vn -1.22465e-16 -0.755561 -0.655078 
vn 0.0770913 -0.753313 -0.653128 
vn 0.108119 -0.751132 -0.651238 
vn -0.0223926 -0.755372 -0.654914 
vn -0.0793767 -0.753177 -0.653011 
vn -0.108119 -0.751132 -0.651238 
vn -0.21497 -0.737897 -0.639763 
vn -0.319302 -0.71601 -0.620787 
vn -0.419889 -0.685729 -0.594533 
vn -0.515554 -0.647408 -0.561308 
vn -0.490268 -0.658526 -0.570947 
vn -0.419889 -0.685729 -0.594533 
vn -0.479372 -0.66309 -0.574904 
vn -0.605174 -0.601497 -0.521503 
vn -0.687699 -0.548534 -0.475584 
vn -0.762162 -0.48914 -0.424088 
vn -0.827689 -0.424011 -0.367621 
vn -0.883512 -0.353911 -0.306844 
vn -0.842321 -0.40723 -0.353071 
vn -0.852053 -0.395502 -0.342904 
vn -0.827689 -0.424011 -0.367621 
vn -0.928977 -0.279662 -0.242469 
vn -0.883512 -0.353911 -0.306844 
vn -0.96355 -0.202134 -0.175252 
vn -0.928977 -0.279662 -0.242469 
vn -0.98619 -0.125134 -0.108492 
vn -0.974856 -0.168365 -0.145973 
vn -0.986827 -0.122236 -0.10598 
vn -0.96355 -0.202134 -0.175252 
vn -0.998533 -0.0409053 -0.0354652 
vn -0.998533 0.0409053 0.0354652 
vn -0.986827 0.122236 0.10598 
vn -0.99605 0.067091 0.0581684 
vn -0.998533 0.0409053 0.0354652 
vn -0.96355 0.202134 0.175252 
vn -0.982026 0.14261 0.123644 
vn -0.928977 0.279662 0.242469 
vn -0.96355 0.202134 0.175252 
vn -0.883512 0.353911 0.306844 
vn -0.928977 0.279662 0.242469 
vn -0.845514 0.403434 0.349781 
vn -0.827689 0.424011 0.367621 
vn -0.844375 0.404794 0.35096 
vn -0.762162 0.48914 0.424088 
vn -0.687699 0.548534 0.475584 
vn -0.605174 0.601497 0.521503 
vn -0.515554 0.647408 0.561308 
vn -0.419889 0.685729 0.594533 
vn -0.500092 0.654295 0.567279 
vn -0.515554 0.647408 0.561308 
vn -0.319302 0.71601 0.620787 
vn -0.409715 0.689233 0.597571 
vn -0.419889 0.685729 0.594533 
vn -0.21497 0.737897 0.639763 
vn -0.301257 0.72046 0.624645 
vn -0.262931 0.728977 0.632029 
vn -0.21497 0.737897 0.639763 
vn -0.108119 0.751132 0.651238 
vn 0.751132 -0.108119 -0.651238 
vn 0.755561 -2.44929e-16 -0.655078 
vn 0.737897 -0.21497 -0.639763 
vn 0.751132 -0.108119 -0.651238 
vn 0.71601 -0.319302 -0.620787 
vn 0.737897 -0.21497 -0.639763 
vn 0.710485 -0.340234 -0.615997 
vn 0.685729 -0.419889 -0.594533 
vn 0.709857 -0.342523 -0.615452 
vn 0.647408 -0.515554 -0.561308 
vn 0.601497 -0.605174 -0.521503 
vn 0.548534 -0.687699 -0.475584 
vn 0.48914 -0.762162 -0.424088 
vn 0.424011 -0.827689 -0.367621 
vn 0.353911 -0.883512 -0.306844 
vn 0.376797 -0.866776 -0.326686 
vn 0.279662 -0.928977 -0.242469 
vn 0.350993 -0.885549 -0.304314 
vn 0.202134 -0.96355 -0.175252 
vn 0.279662 -0.928977 -0.242469 
vn 0.122236 -0.986827 -0.10598 
vn 0.202134 -0.96355 -0.175252 
vn 0.0409053 -0.998533 -0.0354652 
vn 0.122236 -0.986827 -0.10598 
vn 0.0258373 -0.999415 -0.0224012 
vn -0.0409053 -0.998533 0.0354652 
vn 0.00668687 -0.999961 -0.00579757 
vn -0.122236 -0.986827 0.10598 
vn -0.202134 -0.96355 0.175252 
vn -0.279662 -0.928977 0.242469 
vn -0.353911 -0.883512 0.306844 
vn -0.424011 -0.827689 0.367621 
vn -0.462899 -0.79035 0.401337 
vn -0.457013 -0.796327 0.396234 
vn -0.48914 -0.762162 0.424088 
vn -0.548534 -0.687699 0.475584 
vn -0.601497 -0.605174 0.521503 
vn -0.647408 -0.515554 0.561308 
vn -0.685729 -0.419889 0.594533 
vn -0.71601 -0.319302 0.620787 
vn -0.737897 -0.21497 0.639763 
vn -0.744477 -0.170663 0.645468 
vn -0.751132 -0.108119 0.651238 
vn -0.749046 -0.131042 0.649429 
vn -0.746335 -0.155799 0.647079 
vn -0.751132 -0.108119 0.651238 
vn -0.755561 1.22465e-16 0.655078 
vn -0.752846 -0.0847023 0.652724 
vn -0.751132 0.108119 0.651238 
vn -0.755561 1.22465e-16 0.655078 
vn -0.737897 0.21497 0.639763 
vn -0.751132 0.108119 0.651238 
vn -0.71601 0.319302 0.620787 
vn -0.737897 0.21497 0.639763 
vn -0.685729 0.419889 0.594533 
vn -0.71601 0.319302 0.620787 
vn -0.647408 0.515554 0.561308 
vn -0.685729 0.419889 0.594533 
vn -0.636142 0.539561 0.55154 
vn -0.637136 0.537503 0.552402 
vn -0.601497 0.605174 0.521503 
vn -0.548534 0.687699 0.475584 
vn -0.48914 0.762162 0.424088 
vn -0.424011 0.827689 0.367621 
vn -0.353911 0.883512 0.306844 
vn -0.291021 0.922845 0.252318 
vn -0.340658 0.892591 0.295353 
vn -0.353911 0.883512 0.306844 
vn -0.279662 0.928977 0.242469 
vn -0.202134 0.96355 0.175252 
vn -0.202742 0.963326 0.175779 
vn -0.160697 0.977121 0.139326 
vn -0.122236 0.986827 0.10598 
vn -0.0409053 0.998533 0.0354652 
vn 0.0409053 0.998533 -0.0354652 
vn 0.122236 0.986827 -0.10598 
vn 0.202134 0.96355 -0.175252 
vn 0.209372 0.960839 -0.181527 
vn 0.279662 0.928977 -0.242469 
vn 0.216433 0.958094 -0.187649 
vn 0.353911 0.883512 -0.306844 
vn 0.424011 0.827689 -0.367621 
vn 0.48914 0.762162 -0.424088 
vn 0.548534 0.687699 -0.475584 
vn 0.59027 0.624238 -0.511769 
vn 0.578114 0.643857 -0.50123 
vn 0.601497 0.605174 -0.521503 
vn 0.647408 0.515554 -0.561308 
vn 0.684272 0.424032 -0.593269 
vn 0.685729 0.419889 -0.594533 
vn 0.71601 0.319302 -0.620787 
vn 0.70065 0.37426 -0.607469 
vn 0.685729 0.419889 -0.594533 
vn 0.737897 0.21497 -0.639763 
vn 0.751132 0.108119 -0.651238 
vn 0.0223926 0.755372 -0.654914 
vn 2.44929e-16 0.755561 -0.655078 
vn 0.0793767 0.753177 -0.653011 
vn 0.108119 0.751132 -0.651238 
vn 0.21497 0.737897 -0.639763 
vn 0.319302 0.71601 -0.620787 
vn 0.419889 0.685729 -0.594533 
vn 0.515554 0.647408 -0.561308 
vn 0.490268 0.658526 -0.570947 
vn 0.419889 0.685729 -0.594533 
vn 0.479372 0.66309 -0.574904 
vn 0.605174 0.601497 -0.521503 
vn 0.687699 0.548534 -0.475584 
vn 0.762162 0.48914 -0.424088 
vn 0.827689 0.424011 -0.367621 
vn 0.852053 0.395502 -0.342904 
vn 0.842321 0.40723 -0.353071 
vn 0.883512 0.353911 -0.306844 
vn 0.928977 0.279662 -0.242469 
vn 0.96355 0.202134 -0.175252 
vn 0.98619 0.125134 -0.108492 
vn 0.974856 0.168365 -0.145973 
vn 0.96355 0.202134 -0.175252 
vn 0.986827 0.122236 -0.10598 
vn 0.998533 0.0409053 -0.0354652 
vn 0.998533 -0.0409053 0.0354652 
vn 0.986827 -0.122236 0.10598 
vn 0.99605 -0.067091 0.0581684 
vn 0.998533 -0.0409053 0.0354652 
vn 0.96355 -0.202134 0.175252 
vn 0.982026 -0.14261 0.123644 
vn 0.928977 -0.279662 0.242469 
vn 0.96355 -0.202134 0.175252 
vn 0.883512 -0.353911 0.306844 
vn 0.928977 -0.279662 0.242469 
vn 0.845514 -0.403434 0.349781 
vn 0.827689 -0.424011 0.367621 
vn 0.844375 -0.404794 0.35096 
vn 0.762162 -0.48914 0.424088 
vn 0.687699 -0.548534 0.475584 
vn 0.605174 -0.601497 0.521503 
vn 0.515554 -0.647408 0.561308 
vn 0.419889 -0.685729 0.594533 
vn 0.500092 -0.654295 0.567279 
vn 0.515554 -0.647408 0.561308 
vn 0.319302 -0.71601 0.620787 
vn 0.409715 -0.689233 0.597571 
vn 0.419889 -0.685729 0.594533 
vn 0.21497 -0.737897 0.639763 
vn 0.301257 -0.72046 0.624645 
vn 0.262931 -0.728977 0.632029 
vn 0.21497 -0.737897 0.639763 
vn 0.108119 -0.751132 0.651238 
vn -1.22465e-16 -0.755561 0.655078 
vn -0.108119 -0.751132 0.651238 
vn -0.21497 -0.737897 0.639763 
vn -0.319302 -0.71601 0.620787 
vn -0.330236 -0.713173 0.618327 
vn -0.419889 -0.685729 0.594533 
vn -0.347159 -0.70857 0.614336 
vn -0.515554 -0.647408 0.561308 
vn -0.605174 -0.601497 0.521503 
vn -0.687699 -0.548534 0.475584 
vn -0.762162 -0.48914 0.424088 
vn -0.827498 -0.424224 0.367806 
vn -0.820555 -0.431854 0.374421 
vn -0.827689 -0.424011 0.367621 
vn -0.883512 -0.353911 0.306844 
vn -0.928977 -0.279662 0.242469 
vn -0.96355 -0.202134 0.175252 
vn -0.986827 -0.122236 0.10598 
vn -0.998533 -0.0409053 0.0354652 
vn -0.998533 0.0409053 -0.0354652 
vn -0.986961 0.121614 -0.105441 
vn -0.994906 0.0761636 -0.0660345 
vn -0.986827 0.122236 -0.10598 
vn -0.99266 0.091378 -0.0792254 
vn -0.96355 0.202134 -0.175252 
vn -0.986103 0.125525 -0.108831 
vn -0.928977 0.279662 -0.242469 
vn -0.96355 0.202134 -0.175252 
vn -0.883512 0.353911 -0.306844 
vn -0.928977 0.279662 -0.242469 
vn -0.827689 0.424011 -0.367621 
vn -0.883512 0.353911 -0.306844 
vn -0.762162 0.48914 -0.424088 
vn -0.827689 0.424011 -0.367621 
vn -0.687699 0.548534 -0.475584 
vn -0.762162 0.48914 -0.424088 
vn -0.650418 0.573907 -0.497582 
vn -0.652034 0.572859 -0.496673 
vn -0.605174 0.601497 -0.521503 
vn -0.515554 0.647408 -0.561308 
vn -0.419889 0.685729 -0.594533 
vn -0.319302 0.71601 -0.620787 
vn -0.21497 0.737897 -0.639763 
vn -0.144254 0.747659 -0.648226 
vn -0.108119 0.751132 -0.651238 
vn 2.44929e-16 0.755561 -0.655078 
vn -0.0770913 0.753313 -0.653128 
vn -0.108119 0.751132 -0.651238 
vn 0.751132 -0.108119 0.651238 
vn 0.755561 -2.44929e-16 0.655078 
vn 0.737897 -0.21497 0.639763 
vn 0.751132 -0.108119 0.651238 
vn 0.71601 -0.319302 0.620787 
vn 0.737897 -0.21497 0.639763 
vn 0.685729 -0.419889 0.594533 
vn 0.71601 -0.319302 0.620787 
vn 0.647408 -0.515554 0.561308 
vn 0.685729 -0.419889 0.594533 
vn 0.636142 -0.539561 0.55154 
vn 0.637136 -0.537503 0.552402 
vn 0.601497 -0.605174 0.521503 
vn 0.548534 -0.687699 0.475584 
vn 0.48914 -0.762162 0.424088 
vn 0.424011 -0.827689 0.367621 
vn 0.353911 -0.883512 0.306844 
vn 0.291021 -0.922845 0.252318 
vn 0.340658 -0.892591 0.295353 
vn 0.353911 -0.883512 0.306844 
vn 0.279662 -0.928977 0.242469 
vn 0.202134 -0.96355 0.175252 
vn 0.202742 -0.963326 0.175779 
vn 0.160697 -0.977121 0.139326 
vn 0.122236 -0.986827 0.10598 
vn 0.0409053 -0.998533 0.0354652 
vn -0.0409053 -0.998533 -0.0354652 
vn -0.122236 -0.986827 -0.10598 
vn -0.202134 -0.96355 -0.175252 
vn -0.209372 -0.960839 -0.181527 
vn -0.279662 -0.928977 -0.242469 
vn -0.216433 -0.958094 -0.187649 
vn -0.353911 -0.883512 -0.306844 
vn -0.424011 -0.827689 -0.367621 
vn -0.48914 -0.762162 -0.424088 
vn -0.548534 -0.687699 -0.475584 
vn -0.59027 -0.624238 -0.511769 
vn -0.578114 -0.643857 -0.50123 
vn -0.601497 -0.605174 -0.521503 
vn -0.647408 -0.515554 -0.561308 
vn -0.684272 -0.424032 -0.593269 
vn -0.685729 -0.419889 -0.594533 
vn -0.71601 -0.319302 -0.620787 
vn -0.70065 -0.37426 -0.607469 
vn -0.685729 -0.419889 -0.594533 
vn -0.737897 -0.21497 -0.639763 
vn -0.751132 -0.108119 -0.651238 
vn -0.755561 1.22465e-16 -0.655078 
vn -0.751132 0.108119 -0.651238 
vn -0.737897 0.21497 -0.639763 
vn -0.71601 0.319302 -0.620787 
vn -0.710485 0.340234 -0.615997 
vn -0.685729 0.419889 -0.594533 
vn -0.709857 0.342523 -0.615452 
vn -0.647408 0.515554 -0.561308 
vn -0.601497 0.605174 -0.521503 
vn -0.548534 0.687699 -0.475584 
vn -0.48914 0.762162 -0.424088 
vn -0.424011 0.827689 -0.367621 
vn -0.353911 0.883512 -0.306844 
vn -0.376797 0.866776 -0.326686 
vn -0.279662 0.928977 -0.242469 
vn -0.350993 0.885549 -0.304314 
vn -0.202134 0.96355 -0.175252 
vn -0.279662 0.928977 -0.242469 
vn -0.122236 0.986827 -0.10598 
vn -0.202134 0.96355 -0.175252 
vn -0.0409053 0.998533 -0.0354652 
vn -0.122236 0.986827 -0.10598 
vn -0.0258373 0.999415 -0.0224012 
vn 0.0409053 0.998533 0.0354652 
vn -0.00668687 0.999961 -0.00579757 
vn 0.122236 0.986827 0.10598 
vn 0.202134 0.96355 0.175252 
vn 0.279662 0.928977 0.242469 
vn 0.353911 0.883512 0.306844 
vn 0.424011 0.827689 0.367621 
vn 0.462899 0.79035 0.401337 
vn 0.457013 0.796327 0.396234 
vn 0.48914 0.762162 0.424088 
vn 0.548534 0.687699 0.475584 
vn 0.601497 0.605174 0.521503 
vn 0.647408 0.515554 0.561308 
vn 0.685729 0.419889 0.594533 
vn 0.71601 0.319302 0.620787 
vn 0.737897 0.21497 0.639763 
vn 0.744477 0.170663 0.645468 
vn 0.751132 0.108119 0.651238 
vn 0.749046 0.131042 0.649429 
vn 0.746335 0.155799 0.647079 
vn 0.751132 0.108119 0.651238 
vn 0.752846 0.0847023 0.652724 
vn 0.108119 0.994138 0 
vn 2.44929e-16 1 0 
vn 0.21497 0.976621 0 
vn 0.108119 0.994138 0 
vn 0.228717 0.973493 0 
vn 0.319302 0.947653 0 
vn 0.246536 0.969134 0 
vn 0.419889 0.907575 0 
vn 0.36698 0.930229 0 
vn 0.515554 0.856857 0 
vn 0.605174 0.796093 0 
vn 0.687699 0.725995 0 
vn 0.762162 0.647386 0 
vn 0.705863 0.708348 0 
vn 0.687699 0.725995 0 
vn 0.799794 0.600275 0 
vn 0.788502 0.615032 0 
vn 0.827689 0.561187 0 
vn 0.883512 0.468408 0 
vn 0.928977 0.370138 0 
vn 0.96355 0.267528 0 
vn 0.986827 0.161782 0 
vn 0.998533 0.0541389 0 
vn 0.998533 -0.0541389 0 
vn 0.986827 -0.161782 0 
vn 0.974465 -0.22454 0 
vn 0.96355 -0.267528 0 
vn 0.970159 -0.242468 0 
vn 0.928977 -0.370138 0 
vn 0.932908 -0.360115 0 
vn 0.883512 -0.468408 0 
vn 0.827689 -0.561187 0 
vn 0.762162 -0.647386 0 
vn 0.687699 -0.725995 0 
vn 0.70636 -0.707853 0 
vn 0.605174 -0.796093 0 
vn 0.611934 -0.790909 0 
vn 0.515554 -0.856857 0 
vn 0.597344 -0.801985 0 
vn 0.419889 -0.907575 0 
vn 0.515554 -0.856857 0 
vn 0.319302 -0.947653 0 
vn 0.419889 -0.907575 0 
vn 0.21497 -0.976621 0 
vn 0.319302 -0.947653 0 
vn 0.108119 -0.994138 0 
vn 0.21497 -0.976621 0 
vn -1.22465e-16 -1 0 
vn 0.108119 -0.994138 0 
vn -0.108119 -0.994138 0 
vn -1.22465e-16 -1 0 
vn -0.21497 -0.976621 0 
vn -0.108119 -0.994138 0 
vn -0.228717 -0.973493 0 
vn -0.319302 -0.947653 0 
vn -0.246536 -0.969134 0 
vn -0.419889 -0.907575 0 
vn -0.36698 -0.930229 0 
vn -0.515554 -0.856857 0 
vn -0.605174 -0.796093 0 
vn -0.687699 -0.725995 0 
vn -0.762162 -0.647386 0 
vn -0.705863 -0.708348 0 
vn -0.687699 -0.725995 0 
vn -0.799794 -0.600275 0 
vn -0.788502 -0.615032 0 
vn -0.827689 -0.561187 0 
vn -0.883512 -0.468408 0 
vn -0.928977 -0.370138 0 
vn -0.96355 -0.267528 0 
vn -0.986827 -0.161782 0 
vn -0.998533 -0.0541389 0 
vn -0.998533 0.0541389 0 
vn -0.986827 0.161782 0 
vn -0.974465 0.22454 0 
vn -0.96355 0.267528 0 
vn -0.970159 0.242468 0 
vn -0.928977 0.370138 0 
vn -0.932908 0.360115 0 
vn -0.883512 0.468408 0 
vn -0.827689 0.561187 0 
vn -0.762162 0.647386 0 
vn -0.687699 0.725995 0 
vn -0.70636 0.707853 0 
vn -0.605174 0.796093 0 
vn -0.611934 0.790909 0 
vn -0.515554 0.856857 0 
vn -0.597344 0.801985 0 
vn -0.419889 0.907575 0 
vn -0.515554 0.856857 0 
vn -0.319302 0.947653 0 
vn -0.419889 0.907575 0 
vn -0.21497 0.976621 0 
vn -0.319302 0.947653 0 
vn -0.108119 0.994138 0 
vn -0.21497 0.976621 0 
usemtl 1.000000_0.937255_0.247059_0.000000_0.000000
o mesh0
f 1//1 2//2 3//2 
f 4//3 1//1 5//4 
f 6//3 7//5 8//6 
f 7//5 9//5 8//6 
f 10//7 9//5 7//5 
f 10//7 11//7 12//8 
f 12//8 13//9 10//7 
f 14//10 15//10 16//11 
f 13//9 17//12 18//13 
f 18//13 16//11 13//9 
f 19//14 15//10 14//10 
f 20//15 19//14 21//14 
f 22//16 20//15 23//17 
f 20//15 24//18 23//17 
f 25//19 26//20 27//21 
f 26//20 28//20 27//21 
f 29//22 28//20 26//20 
f 30//22 31//23 32//24 
f 31//23 33//23 32//24 
f 34//25 33//23 35//26 
f 33//23 31//23 35//26 
f 36//27 34//25 37//28 
f 36//27 38//27 39//29 
f 39//29 40//30 36//27 
f 41//31 42//31 43//32 
f 43//32 44//33 41//31 
f 45//34 42//31 41//31 
f 46//35 45//34 47//34 
f 48//36 46//35 49//35 
f 50//37 51//37 52//38 
f 52//38 53//39 50//37 
f 48//36 54//40 53//39 
f 55//41 51//37 50//37 
f 56//42 55//41 57//41 
f 58//43 56//42 59//42 
f 60//44 58//43 61//43 
f 62//45 60//44 63//44 
f 64//46 62//45 65//45 
f 66//47 67//48 68//49 
f 69//50 68//49 67//48 
f 67//48 64//46 69//50 
f 70//51 66//47 71//52 
f 72//53 70//51 73//54 
f 74//55 72//53 75//56 
f 76//55 77//57 78//58 
f 77//57 79//59 78//58 
f 78//58 74//55 76//55 
f 80//60 79//59 81//59 
f 82//61 80//60 83//60 
f 84//62 82//61 85//61 
f 86//63 84//62 87//62 
f 88//64 89//65 90//66 
f 90//66 91//67 88//64 
f 92//68 91//67 93//69 
f 93//69 86//63 92//68 
f 90//66 93//69 91//67 
f 94//70 89//65 95//71 
f 96//72 94//70 97//73 
f 98//74 96//72 99//75 
f 100//76 98//74 101//77 
f 102//78 100//76 103//79 
f 104//78 105//80 106//81 
f 105//80 107//82 106//81 
f 106//81 102//78 104//78 
f 108//83 107//82 109//82 
f 110//84 108//83 111//83 
f 112//85 110//84 113//84 
f 114//86 112//85 115//87 
f 112//85 116//88 115//87 
f 117//89 118//89 119//90 
f 119//90 120//91 117//89 
f 121//92 118//89 117//89 
f 121//92 122//92 123//93 
f 123//93 124//94 121//92 
f 125//94 126//95 127//96 
f 128//97 129//97 126//95 
f 126//95 125//94 128//97 
f 130//98 129//97 131//99 
f 129//97 128//97 131//99 
f 132//100 133//100 134//101 
f 134//101 135//102 132//100 
f 130//98 136//103 135//102 
f 137//104 133//100 132//100 
f 138//105 137//104 139//104 
f 140//105 141//106 142//107 
f 141//106 143//106 142//107 
f 144//108 143//106 145//109 
f 143//106 146//110 145//109 
f 143//106 141//106 146//110 
f 147//111 148//111 149//112 
f 149//112 150//113 147//111 
f 151//114 147//111 152//115 
f 152//115 2//2 151//114 
f 151//114 148//111 147//111 
f 152//115 3//2 2//2 
f 149//112 144//108 150//113 
f 145//109 150//113 144//108 
f 142//107 138//105 140//105 
f 139//104 140//105 138//105 
f 132//100 139//104 137//104 
f 134//101 130//98 135//102 
f 131//99 136//103 130//98 
f 127//96 124//94 125//94 
f 123//93 125//94 124//94 
f 117//89 122//92 121//92 
f 119//90 114//86 120//91 
f 115//87 120//91 114//86 
f 113//84 116//88 112//85 
f 111//83 113//84 110//84 
f 109//82 111//83 108//83 
f 105//80 109//82 107//82 
f 103//79 104//78 102//78 
f 101//77 103//79 100//76 
f 99//75 101//77 98//74 
f 97//73 99//75 96//72 
f 95//71 97//73 94//70 
f 88//64 95//71 89//65 
f 87//62 92//68 86//63 
f 85//61 87//62 84//62 
f 83//60 85//61 82//61 
f 81//59 83//60 80//60 
f 77//57 81//59 79//59 
f 75//56 76//55 74//55 
f 73//54 75//56 72//53 
f 71//52 73//54 70//51 
f 68//49 71//52 66//47 
f 65//45 69//50 64//46 
f 63//44 65//45 62//45 
f 61//43 63//44 60//44 
f 59//42 61//43 58//43 
f 57//41 59//42 56//42 
f 50//37 57//41 55//41 
f 52//38 48//36 53//39 
f 49//35 54//40 48//36 
f 47//34 49//35 46//35 
f 41//31 47//34 45//34 
f 43//32 40//30 44//33 
f 39//29 44//33 40//30 
f 37//28 38//27 36//27 
f 35//26 37//28 34//25 
f 32//24 29//22 30//22 
f 26//20 30//22 29//22 
f 27//21 22//16 25//19 
f 23//17 25//19 22//16 
f 21//14 24//18 20//15 
f 14//10 21//14 19//14 
f 16//11 18//13 14//10 
f 12//8 17//12 13//9 
f 7//5 11//7 10//7 
f 8//6 4//3 6//3 
f 5//4 6//3 4//3 
f 3//2 5//4 1//1 
o mesh1
f 1134//116 153//117 154//118 
f 1135//119 155//120 156//121 
f 156//121 157//122 1135//119 
f 156//121 158//123 157//122 
f 158//123 159//124 157//122 
f 157//122 160//125 1135//119 
f 1136//126 161//127 162//128 
f 162//128 1134//116 1136//126 
f 1136//126 1134//116 1137//129 
f 1138//130 1137//129 1139//131 
f 1140//132 1139//131 1141//133 
f 1142//134 1141//133 1143//135 
f 1144//136 1143//135 1145//137 
f 1146//138 1145//137 1147//139 
f 1148//140 1147//139 1149//141 
f 1150//142 1149//141 1151//143 
f 1152//144 1151//143 1153//145 
f 1154//146 1153//145 1155//147 
f 1156//148 1155//147 1157//149 
f 1158//150 1157//149 1159//151 
f 1160//152 1159//151 1161//153 
f 1162//154 1161//153 1163//155 
f 1164//156 1163//155 1165//157 
f 1166//158 1165//157 1167//159 
f 1168//160 1167//159 1169//161 
f 1170//162 1169//161 1171//163 
f 1172//164 1171//163 1173//165 
f 1174//166 1173//165 1175//167 
f 1176//168 1175//167 1177//169 
f 1178//170 1177//169 1179//171 
f 1180//172 1179//171 1181//173 
f 1182//174 1181//173 1183//175 
f 1184//176 1183//175 1185//177 
f 1186//178 1185//177 1187//179 
f 1188//180 1187//179 1135//119 
f 1135//119 163//181 164//182 
f 164//182 1189//183 1135//119 
f 1190//184 165//185 166//186 
f 166//186 1136//126 1190//184 
f 1190//184 1136//126 1138//130 
f 1191//187 1138//130 1140//132 
f 1192//188 1140//132 1142//134 
f 1193//189 1150//142 1152//144 
f 1194//190 1152//144 1154//146 
f 1195//191 1154//146 1156//148 
f 1196//192 1156//148 1158//150 
f 1197//193 1158//150 1160//152 
f 1198//194 1160//152 1162//154 
f 1199//195 1162//154 1164//156 
f 1200//196 1164//156 1166//158 
f 1201//197 1166//158 1168//160 
f 1202//198 1168//160 1170//162 
f 1203//199 1170//162 1172//164 
f 1204//200 1172//164 1174//166 
f 1205//201 1174//166 1176//168 
f 1206//202 1184//176 1186//178 
f 1207//203 1186//178 1188//180 
f 1208//204 1188//180 1189//183 
f 1209//205 1189//183 167//206 
f 167//206 168//207 1209//205 
f 1210//208 169//209 170//210 
f 170//210 1190//184 1210//208 
f 1210//208 1190//184 1191//187 
f 1211//211 1195//191 1196//192 
f 1212//212 1196//192 1197//193 
f 1213//213 1197//193 1198//194 
f 1214//214 1198//194 1199//195 
f 1215//215 1199//195 1200//196 
f 1216//216 1200//196 1201//197 
f 1217//217 1201//197 1202//198 
f 1218//218 1202//198 1203//199 
f 1219//219 1203//199 1204//200 
f 1220//220 1208//204 1209//205 
f 1221//221 1209//205 171//222 
f 171//222 172//223 1221//221 
f 1222//224 173//225 174//226 
f 174//226 1210//208 1222//224 
f 1222//224 1210//208 1223//227 
f 1224//228 1211//211 1212//212 
f 1225//229 1212//212 1213//213 
f 1226//230 1213//213 1214//214 
f 1227//231 1214//214 1215//215 
f 1228//232 1215//215 1216//216 
f 1229//233 1216//216 1217//217 
f 1230//234 1217//217 1218//218 
f 1231//235 1218//218 1219//219 
f 1232//236 1219//219 1233//237 
f 1234//238 1220//220 1221//221 
f 1235//239 1221//221 175//240 
f 175//240 176//241 1235//239 
f 1236//242 177//243 178//244 
f 178//244 1222//224 1236//242 
f 1236//242 1222//224 1237//245 
f 1238//246 1237//245 1239//247 
f 1240//248 1241//249 1224//228 
f 1242//250 1224//228 1225//229 
f 1243//251 1225//229 1226//230 
f 1244//252 1226//230 1227//231 
f 1245//253 1227//231 1228//232 
f 1246//254 1228//232 1229//233 
f 1247//255 1229//233 1230//234 
f 1248//256 1230//234 1231//235 
f 1249//257 1231//235 1232//236 
f 1250//258 1232//236 1251//259 
f 1252//260 1251//259 1253//261 
f 1254//262 1255//263 1234//238 
f 1256//264 1234//238 1235//239 
f 1257//265 1235//239 179//266 
f 179//266 180//267 1257//265 
f 1258//268 181//269 182//270 
f 182//270 1236//242 1258//268 
f 1258//268 1236//242 1238//246 
f 1259//271 1238//246 1260//272 
f 1261//273 1260//272 1262//274 
f 1263//275 1262//274 1264//276 
f 1265//277 1264//276 1266//278 
f 1267//279 1266//278 1268//280 
f 1269//281 1268//280 1270//282 
f 1271//283 1270//282 1240//248 
f 1272//284 1240//248 1242//250 
f 1273//285 1242//250 1243//251 
f 1274//286 1243//251 1244//252 
f 1275//287 1249//257 1250//258 
f 1276//288 1250//258 1252//260 
f 1277//289 1252//260 1278//290 
f 1279//291 1278//290 1280//292 
f 1281//293 1280//292 1282//294 
f 1283//295 1282//294 1284//296 
f 1285//297 1284//296 1286//298 
f 1287//299 1286//298 1288//300 
f 1289//301 1288//300 1254//262 
f 1290//302 1254//262 1256//264 
f 1291//303 1256//264 1257//265 
f 1292//304 1257//265 183//305 
f 183//305 184//306 1292//304 
f 1293//307 185//308 186//309 
f 186//309 1258//268 1293//307 
f 1293//307 1258//268 1259//271 
f 1294//310 1259//271 1261//273 
f 1295//311 1261//273 1263//275 
f 1296//312 1263//275 1265//277 
f 1297//313 1265//277 1267//279 
f 1298//314 1267//279 1269//281 
f 1299//315 1269//281 1271//283 
f 1300//316 1271//283 1272//284 
f 1301//317 1272//284 1273//285 
f 1302//318 1273//285 1274//286 
f 1303//319 1274//286 1304//320 
f 1305//321 1275//287 1276//288 
f 1306//322 1276//288 1277//289 
f 1307//323 1277//289 1279//291 
f 1308//324 1279//291 1281//293 
f 1309//325 1281//293 1283//295 
f 1310//326 1283//295 1285//297 
f 1311//327 1285//297 1287//299 
f 1312//328 1287//299 1289//301 
f 1313//329 1289//301 1290//302 
f 1314//330 1290//302 1291//303 
f 1315//331 1291//303 1292//304 
f 1316//332 1292//304 187//333 
f 187//333 188//334 1316//332 
f 1317//335 189//336 190//337 
f 190//337 1293//307 1317//335 
f 1317//335 1293//307 1294//310 
f 1318//338 1294//310 1295//311 
f 1319//339 1295//311 1296//312 
f 1320//340 1296//312 1297//313 
f 1321//341 1297//313 1298//314 
f 1322//342 1298//314 1299//315 
f 1323//343 1299//315 1300//316 
f 1324//344 1300//316 1301//317 
f 1325//345 1301//317 1302//318 
f 1326//346 1302//318 1303//319 
f 1327//347 1303//319 1328//348 
f 1329//349 1305//321 1306//322 
f 1330//350 1306//322 1307//323 
f 1331//351 1307//323 1308//324 
f 1332//352 1308//324 1309//325 
f 1333//353 1309//325 1310//326 
f 1334//354 1310//326 1311//327 
f 1335//355 1311//327 1312//328 
f 1336//356 1312//328 1313//329 
f 1337//357 1313//329 1314//330 
f 1338//358 1314//330 1315//331 
f 1339//359 1315//331 1316//332 
f 1340//360 1316//332 191//361 
f 191//361 192//362 1340//360 
f 1317//335 193//363 194//364 
f 1341//365 195//366 193//363 
f 193//363 1317//335 1341//365 
f 1342//367 1320//340 1321//341 
f 1343//368 1321//341 1322//342 
f 1344//369 1322//342 1323//343 
f 1345//370 1323//343 1324//344 
f 1346//371 1324//344 1325//345 
f 1347//372 1325//345 1326//346 
f 1348//373 1326//346 1327//347 
f 1349//374 1327//347 1350//375 
f 1351//376 1350//375 1352//377 
f 1353//378 1354//379 1329//349 
f 1355//380 1329//349 1330//350 
f 1356//381 1330//350 1331//351 
f 1357//382 1331//351 1332//352 
f 1358//383 1332//352 1333//353 
f 1359//384 1333//353 1334//354 
f 1360//385 1334//354 1335//355 
f 1361//386 1335//355 1336//356 
f 1362//387 1336//356 1337//357 
f 1363//388 1340//360 196//389 
f 196//389 197//390 1363//388 
f 1364//391 198//392 199//393 
f 199//393 1341//365 1364//391 
f 1365//394 1343//368 1344//369 
f 1366//395 1344//369 1345//370 
f 1367//396 1345//370 1346//371 
f 1368//397 1346//371 1347//372 
f 1369//398 1347//372 1348//373 
f 1370//399 1348//373 1349//374 
f 1371//400 1349//374 1351//376 
f 1372//401 1351//376 1373//402 
f 1374//403 1373//402 1375//404 
f 1376//405 1375//404 1377//406 
f 1378//407 1377//406 1353//378 
f 1379//408 1353//378 1355//380 
f 1380//409 1355//380 1356//381 
f 1381//410 1356//381 1357//382 
f 1382//411 1357//382 1358//383 
f 1383//412 1358//383 1359//384 
f 1384//413 1359//384 1360//385 
f 1385//414 1360//385 1361//386 
f 1386//415 1361//386 1362//387 
f 1387//416 1363//388 200//417 
f 200//417 201//418 1387//416 
f 1388//419 202//420 203//421 
f 203//421 1364//391 1388//419 
f 1389//422 1365//394 1366//395 
f 1390//423 1366//395 1367//396 
f 1391//424 1367//396 1368//397 
f 1392//425 1368//397 1369//398 
f 1393//426 1369//398 1370//399 
f 1394//427 1370//399 1371//400 
f 1395//428 1371//400 1372//401 
f 1396//429 1372//401 1374//403 
f 1397//430 1374//403 1376//405 
f 1398//431 1376//405 1378//407 
f 1399//432 1378//407 1379//408 
f 1400//433 1379//408 1380//409 
f 1401//434 1380//409 1381//410 
f 1402//435 1381//410 1382//411 
f 1403//436 1382//411 1383//412 
f 1404//437 1383//412 1384//413 
f 1405//438 1384//413 1385//414 
f 1406//439 1385//414 1386//415 
f 1407//440 1386//415 1408//441 
f 1409//442 1387//416 204//443 
f 204//443 205//444 1409//442 
f 1410//445 206//446 207//447 
f 207//447 1388//419 1410//445 
f 1411//448 1412//449 1389//422 
f 1413//450 1389//422 1390//423 
f 1414//451 1390//423 1391//424 
f 1415//452 1391//424 1392//425 
f 1416//453 1392//425 1393//426 
f 1417//454 1393//426 1394//427 
f 1418//455 1394//427 1395//428 
f 1419//456 1395//428 1396//429 
f 1420//457 1396//429 1397//430 
f 1421//458 1397//430 1398//431 
f 1422//459 1398//431 1399//432 
f 1423//460 1399//432 1400//433 
f 1424//461 1400//433 1401//434 
f 1425//462 1401//434 1402//435 
f 1426//463 1402//435 1403//436 
f 1427//464 1403//436 1404//437 
f 1428//465 1404//437 1405//438 
f 1429//466 1405//438 1406//439 
f 1430//467 1406//439 1407//440 
f 1431//468 1407//440 1432//469 
f 1433//470 1432//469 1434//471 
f 1409//442 208//472 209//473 
f 209//473 1435//474 1409//442 
f 1436//475 210//476 211//477 
f 211//477 1410//445 1436//475 
f 1436//475 1410//445 1437//478 
f 1438//479 1437//478 1439//480 
f 1440//481 1439//480 1411//448 
f 1441//482 1411//448 1413//450 
f 1442//483 1413//450 1414//451 
f 1443//484 1418//455 1419//456 
f 1444//485 1419//456 1420//457 
f 1445//486 1420//457 1421//458 
f 1446//487 1424//461 1425//462 
f 1447//488 1425//462 1426//463 
f 1448//489 1426//463 1427//464 
f 1449//490 1431//468 1433//470 
f 1450//491 1433//470 1451//492 
f 1452//493 1451//492 1453//494 
f 1454//495 1453//494 1455//496 
f 1456//497 1455//496 1435//474 
f 1435//474 212//498 213//499 
f 213//499 1457//500 1435//474 
f 1458//501 214//502 215//503 
f 215//503 1436//475 1458//501 
f 1458//501 1436//475 1438//479 
f 1459//504 1438//479 1440//481 
f 1460//505 1440//481 1441//482 
f 1461//506 1441//482 1442//483 
f 1462//507 1442//483 1463//508 
f 1464//509 1443//484 1444//485 
f 1465//510 1444//485 1445//486 
f 1466//511 1445//486 1467//512 
f 1468//513 1446//487 1447//488 
f 1469//514 1447//488 1448//489 
f 1470//515 1448//489 1471//516 
f 1472//517 1449//490 1450//491 
f 1473//518 1450//491 1452//493 
f 1474//519 1452//493 1454//495 
f 1475//520 1454//495 1456//497 
f 1476//521 1456//497 1457//500 
f 1457//500 216//522 217//523 
f 217//523 1477//524 1457//500 
f 1478//525 218//526 219//527 
f 219//527 1458//501 1478//525 
f 1478//525 1458//501 1459//504 
f 1479//528 1459//504 1460//505 
f 1480//529 1460//505 1461//506 
f 1481//530 1461//506 1462//507 
f 1482//531 1462//507 1483//532 
f 1484//533 1464//509 1465//510 
f 1485//534 1465//510 1466//511 
f 1486//535 1466//511 1487//536 
f 1488//537 1468//513 1469//514 
f 1489//538 1469//514 1470//515 
f 1490//539 1470//515 1491//540 
f 1492//541 1472//517 1473//518 
f 1493//542 1473//518 1474//519 
f 1494//543 1474//519 1475//520 
f 1495//544 1475//520 1476//521 
f 1496//545 1476//521 1477//524 
f 1477//524 220//546 221//547 
f 221//547 1497//548 1477//524 
f 1498//549 222//550 223//551 
f 223//551 1478//525 1498//549 
f 1499//552 1481//530 1482//531 
f 1500//553 1482//531 1501//554 
f 1502//555 1501//554 1503//556 
f 1504//557 1503//556 1505//558 
f 1506//559 1505//558 1507//560 
f 1508//561 1507//560 1484//533 
f 1509//562 1484//533 1485//534 
f 1510//563 1485//534 1486//535 
f 1511//564 1486//535 1512//565 
f 1513//566 1512//565 1514//567 
f 1515//568 1514//567 1516//569 
f 1517//570 1516//569 1488//537 
f 1518//571 1488//537 1489//538 
f 1519//572 1489//538 1490//539 
f 1520//573 1490//539 1521//574 
f 1522//575 1521//574 1523//576 
f 1524//577 1523//576 1525//578 
f 1526//579 1525//578 1527//580 
f 1528//581 1527//580 1492//541 
f 1529//582 1492//541 1493//542 
f 1530//583 1493//542 1494//543 
f 1497//548 224//584 225//585 
f 225//585 1531//586 1497//548 
f 1532//587 226//588 227//589 
f 227//589 1498//549 1532//587 
f 1533//590 1500//553 1502//555 
f 1534//591 1502//555 1504//557 
f 1535//592 1504//557 1506//559 
f 1536//593 1506//559 1508//561 
f 1537//594 1508//561 1509//562 
f 1538//595 1509//562 1510//563 
f 1539//596 1510//563 1511//564 
f 1540//597 1511//564 1513//566 
f 1541//598 1513//566 1515//568 
f 1542//599 1515//568 1517//570 
f 1543//600 1517//570 1518//571 
f 1544//601 1518//571 1519//572 
f 1545//602 1519//572 1520//573 
f 1546//603 1520//573 1522//575 
f 1547//604 1522//575 1524//577 
f 1548//605 1524//577 1526//579 
f 1549//606 1526//579 1528//581 
f 1550//607 1528//581 1529//582 
f 1551//608 1529//582 1530//583 
f 1531//586 228//609 229//610 
f 229//610 1552//611 1531//586 
f 1553//612 230//613 231//614 
f 231//614 1532//587 1553//612 
f 1554//615 1533//590 1534//591 
f 1555//616 1534//591 1535//592 
f 1556//617 1535//592 1536//593 
f 1557//618 1536//593 1537//594 
f 1558//619 1537//594 1538//595 
f 1559//620 1538//595 1539//596 
f 1560//621 1539//596 1540//597 
f 1561//622 1540//597 1541//598 
f 1562//623 1541//598 1542//599 
f 1563//624 1542//599 1543//600 
f 1564//625 1543//600 1544//601 
f 1565//626 1544//601 1545//602 
f 1566//627 1545//602 1546//603 
f 1567//628 1546//603 1547//604 
f 1568//629 1547//604 1548//605 
f 1569//630 1548//605 1549//606 
f 1570//631 1549//606 1550//607 
f 1571//632 1550//607 1551//608 
f 1572//633 1551//608 1573//634 
f 1552//611 232//635 233//636 
f 233//636 1574//637 1552//611 
f 1575//638 234//639 235//640 
f 235//640 1553//612 1575//638 
f 1576//641 1577//642 1554//615 
f 1578//643 1554//615 1555//616 
f 1579//644 1555//616 1556//617 
f 1580//645 1556//617 1557//618 
f 1581//646 1557//618 1558//619 
f 1582//647 1558//619 1559//620 
f 1583//648 1559//620 1560//621 
f 1584//649 1560//621 1561//622 
f 1585//650 1561//622 1562//623 
f 1586//651 1565//626 1566//627 
f 1587//652 1566//627 1567//628 
f 1588//653 1567//628 1568//629 
f 1589//654 1568//629 1569//630 
f 1590//655 1569//630 1570//631 
f 1591//656 1570//631 1571//632 
f 1592//657 1571//632 1572//633 
f 1593//658 1572//633 1594//659 
f 1595//660 1594//659 1596//661 
f 1574//637 236//662 237//663 
f 237//663 1597//664 1574//637 
f 1598//665 238//666 239//667 
f 239//667 1575//638 1598//665 
f 1598//665 1575//638 1599//668 
f 1600//669 1599//668 1601//670 
f 1602//671 1601//670 1576//641 
f 1603//672 1576//641 1578//643 
f 1604//673 1578//643 1579//644 
f 1605//674 1579//644 1580//645 
f 1606//675 1580//645 1581//646 
f 1607//676 1581//646 1582//647 
f 1608//677 1582//647 1583//648 
f 1609//678 1583//648 1584//649 
f 1610//679 1584//649 1585//650 
f 1611//680 1587//652 1588//653 
f 1612//681 1588//653 1589//654 
f 1613//682 1589//654 1590//655 
f 1614//683 1590//655 1591//656 
f 1615//684 1591//656 1592//657 
f 1616//685 1592//657 1593//658 
f 1617//686 1593//658 1595//660 
f 1618//687 1595//660 1619//688 
f 1620//689 1619//688 1621//690 
f 1622//691 1621//690 1623//692 
f 1624//693 1623//692 1597//664 
f 1597//664 240//694 241//695 
f 241//695 1625//696 1597//664 
f 1626//697 242//698 243//699 
f 243//699 1598//665 1626//697 
f 1626//697 1598//665 1600//669 
f 1627//700 1600//669 1602//671 
f 1628//701 1602//671 1603//672 
f 1629//702 1603//672 1604//673 
f 1630//703 1604//673 1605//674 
f 1631//704 1605//674 1606//675 
f 1632//705 1606//675 1607//676 
f 1633//706 1607//676 1608//677 
f 1634//707 1608//677 1609//678 
f 1635//708 1609//678 1610//679 
f 1636//709 1610//679 1637//710 
f 1638//711 1611//680 1612//681 
f 1639//712 1612//681 1613//682 
f 1640//713 1613//682 1614//683 
f 1641//714 1614//683 1615//684 
f 1642//715 1615//684 1616//685 
f 1643//716 1616//685 1617//686 
f 1644//717 1617//686 1618//687 
f 1645//718 1618//687 1620//689 
f 1646//719 1620//689 1622//691 
f 1647//720 1622//691 1624//693 
f 1648//721 1624//693 1625//696 
f 1625//696 244//722 245//723 
f 245//723 1649//724 1625//696 
f 1650//725 246//726 247//727 
f 247//727 1626//697 1650//725 
f 1650//725 1626//697 1627//700 
f 1651//728 1627//700 1628//701 
f 1652//729 1628//701 1629//702 
f 1653//730 1629//702 1630//703 
f 1654//731 1630//703 1631//704 
f 1655//732 1631//704 1632//705 
f 1656//733 1632//705 1633//706 
f 1657//734 1633//706 1634//707 
f 1658//735 1634//707 1635//708 
f 1659//736 1635//708 1636//709 
f 1660//737 1636//709 1661//738 
f 1662//739 1638//711 1639//712 
f 1663//740 1639//712 1640//713 
f 1664//741 1640//713 1641//714 
f 1665//742 1641//714 1642//715 
f 1666//743 1642//715 1643//716 
f 1667//744 1643//716 1644//717 
f 1668//745 1644//717 1645//718 
f 1669//746 1645//718 1646//719 
f 1670//747 1646//719 1647//720 
f 1671//748 1647//720 1648//721 
f 1672//749 1648//721 1649//724 
f 1649//724 248//750 249//751 
f 249//751 1673//752 1649//724 
f 1674//753 250//754 251//755 
f 251//755 1650//725 1674//753 
f 1674//753 1650//725 1651//728 
f 1675//756 1651//728 1652//729 
f 1676//757 1658//735 1659//736 
f 1677//758 1659//736 1660//737 
f 1678//759 1660//737 1679//760 
f 1680//761 1679//760 1681//762 
f 1682//763 1681//762 1683//764 
f 1684//765 1683//764 1685//766 
f 1686//767 1685//766 1687//768 
f 1688//769 1687//768 1662//739 
f 1689//770 1662//739 1663//740 
f 1690//771 1663//740 1664//741 
f 1691//772 1664//741 1665//742 
f 1692//773 1671//748 1672//749 
f 1693//774 1672//749 1673//752 
f 1673//752 252//775 253//776 
f 253//776 1694//777 1673//752 
f 1695//778 254//779 255//780 
f 255//780 1674//753 1695//778 
f 1695//778 1674//753 1675//756 
f 1696//781 1677//758 1678//759 
f 1697//782 1678//759 1680//761 
f 1698//783 1680//761 1682//763 
f 1699//784 1682//763 1684//765 
f 1700//785 1684//765 1686//767 
f 1701//786 1686//767 1688//769 
f 1702//787 1688//769 1689//770 
f 1703//788 1689//770 1690//771 
f 1704//789 1690//771 1691//772 
f 1705//790 1693//774 1694//777 
f 1694//777 256//791 257//792 
f 257//792 1706//793 1694//777 
f 1707//794 258//795 259//796 
f 259//796 1695//778 1707//794 
f 1707//794 1695//778 1708//797 
f 1709//798 1696//781 1697//782 
f 1710//799 1697//782 1698//783 
f 1711//800 1698//783 1699//784 
f 1712//801 1699//784 1700//785 
f 1713//802 1700//785 1701//786 
f 1714//803 1701//786 1702//787 
f 1715//804 1702//787 1703//788 
f 1716//805 1703//788 1704//789 
f 1717//806 1704//789 1718//807 
f 1719//808 1705//790 1706//793 
f 1706//793 260//809 261//810 
f 261//810 1720//811 1706//793 
f 1721//812 262//813 263//814 
f 263//814 1707//794 1721//812 
f 1721//812 1707//794 1722//815 
f 1723//816 1722//815 1724//817 
f 1725//818 1724//817 1726//819 
f 1727//820 1728//821 1729//822 
f 1730//823 1729//822 1709//798 
f 1731//824 1709//798 1710//799 
f 1732//825 1710//799 1711//800 
f 1733//826 1711//800 1712//801 
f 1734//827 1712//801 1713//802 
f 1735//828 1713//802 1714//803 
f 1736//829 1714//803 1715//804 
f 1737//830 1715//804 1716//805 
f 1738//831 1716//805 1717//806 
f 1739//832 1717//806 1740//833 
f 1741//834 1740//833 1742//835 
f 1743//836 1742//835 1744//837 
f 1745//838 1746//839 1747//840 
f 1748//841 1747//840 1719//808 
f 1749//842 1719//808 1720//811 
f 1720//811 264//843 265//844 
f 265//844 1750//845 1720//811 
f 1751//846 266//847 267//848 
f 267//848 1721//812 1751//846 
f 1751//846 1721//812 1723//816 
f 1752//849 1723//816 1725//818 
f 1753//850 1725//818 1754//851 
f 1755//852 1754//851 1756//853 
f 1757//854 1756//853 1758//855 
f 1759//856 1758//855 1760//857 
f 1761//858 1760//857 1727//820 
f 1762//859 1727//820 1730//823 
f 1763//860 1730//823 1731//824 
f 1764//861 1731//824 1732//825 
f 1765//862 1732//825 1733//826 
f 1766//863 1733//826 1734//827 
f 1767//864 1734//827 1735//828 
f 1768//865 1735//828 1736//829 
f 1769//866 1736//829 1737//830 
f 1770//867 1737//830 1738//831 
f 1771//868 1738//831 1739//832 
f 1772//869 1739//832 1741//834 
f 1773//870 1741//834 1743//836 
f 1774//871 1743//836 1775//872 
f 1776//873 1775//872 1777//874 
f 1778//875 1777//874 1779//876 
f 1780//877 1779//876 1781//878 
f 1782//879 1781//878 1745//838 
f 1783//880 1745//838 1748//841 
f 1784//881 1748//841 1749//842 
f 1785//882 1749//842 1750//845 
f 1750//845 268//883 269//884 
f 269//884 1786//885 1750//845 
f 1751//846 270//886 271//887 
f 1751//846 272//888 270//886 
f 271//887 273//889 1751//846 
f 271//887 274//890 273//889 
f 1786//885 275//891 276//892 
f 1471//516 277//893 278//894 
f 278//894 1491//540 1471//516 
f 278//894 279//895 1491//540 
f 1471//516 280//896 277//893 
f 1471//516 281//897 280//896 
f 279//895 282//898 1491//540 
f 1471//516 283//899 281//897 
f 282//898 284//900 1491//540 
f 1521//574 285//901 286//902 
f 1521//574 287//903 285//901 
f 1521//574 288//904 287//903 
f 1491//540 289//905 288//904 
f 288//904 1521//574 1491//540 
f 1523//576 290//906 291//907 
f 1523//576 292//908 293//909 
f 293//909 290//906 1523//576 
f 1523//576 294//910 292//908 
f 291//907 1525//578 1523//576 
f 1523//576 295//911 294//910 
f 1523//576 296//912 295//911 
f 1523//576 286//902 296//912 
f 1527//580 297//913 298//914 
f 1527//580 1525//578 299//915 
f 299//915 297//913 1527//580 
f 298//914 300//916 1527//580 
f 1525//578 301//917 299//915 
f 300//916 302//918 1527//580 
f 302//918 303//919 1527//580 
f 1472//517 1492//541 304//920 
f 1492//541 305//921 306//922 
f 306//922 304//920 1492//541 
f 1492//541 307//923 305//921 
f 1492//541 308//924 307//923 
f 1492//541 1527//580 309//925 
f 309//925 308//924 1492//541 
f 1449//490 1472//517 310//926 
f 1472//517 311//927 310//926 
f 1472//517 312//928 311//927 
f 310//926 313//929 1449//490 
f 313//929 314//930 1449//490 
f 1472//517 315//931 312//928 
f 1472//517 316//932 315//931 
f 314//930 317//933 1449//490 
f 1431//468 318//934 319//935 
f 1431//468 320//936 321//937 
f 1449//490 322//938 320//936 
f 320//936 1431//468 1449//490 
f 321//937 323//939 1431//468 
f 323//939 324//940 1431//468 
f 324//940 318//934 1431//468 
f 1430//467 325//941 326//942 
f 1430//467 327//943 328//944 
f 328//944 325//941 1430//467 
f 1430//467 329//945 327//943 
f 326//942 1429//466 1430//467 
f 1430//467 330//946 329//945 
f 1430//467 319//935 330//946 
f 1428//465 331//947 332//948 
f 1428//465 1429//466 333//949 
f 333//949 331//947 1428//465 
f 332//948 334//950 1428//465 
f 1429//466 335//951 333//949 
f 334//950 336//952 1428//465 
f 336//952 337//953 1428//465 
f 337//953 338//954 1428//465 
f 1471//516 1427//464 339//955 
f 1427//464 340//956 341//957 
f 341//957 339//955 1427//464 
f 1427//464 342//958 340//956 
f 1427//464 1428//465 343//959 
f 343//959 342//958 1427//464 
f 1483//532 1463//508 344//960 
f 1463//508 345//961 344//960 
f 1463//508 346//962 345//961 
f 344//960 347//963 1483//532 
f 1463//508 348//964 346//962 
f 347//963 349//965 1483//532 
f 349//965 350//966 1483//532 
f 1463//508 351//967 348//964 
f 1501//554 352//968 353//969 
f 1501//554 354//970 355//971 
f 1483//532 356//972 354//970 
f 354//970 1501//554 1483//532 
f 355//971 357//973 1501//554 
f 357//973 358//974 1501//554 
f 358//974 352//968 1501//554 
f 1503//556 359//975 360//976 
f 1503//556 361//977 362//978 
f 362//978 359//975 1503//556 
f 1503//556 363//979 361//977 
f 360//976 1505//558 1503//556 
f 1503//556 364//980 363//979 
f 1503//556 353//969 364//980 
f 1507//560 365//981 366//982 
f 1507//560 1505//558 367//983 
f 367//983 365//981 1507//560 
f 366//982 368//984 1507//560 
f 1505//558 369//985 367//983 
f 368//984 370//986 1507//560 
f 370//986 371//987 1507//560 
f 371//987 372//988 1507//560 
f 1464//509 1484//533 373//989 
f 1484//533 1507//560 374//990 
f 374//990 375//991 1484//533 
f 375//991 376//992 1484//533 
f 376//992 373//989 1484//533 
f 1464//509 377//993 378//994 
f 378//994 1443//484 1464//509 
f 378//994 379//995 1443//484 
f 1464//509 380//996 377//993 
f 1464//509 381//997 380//996 
f 379//995 382//998 1443//484 
f 382//998 383//999 1443//484 
f 1464//509 384//1000 381//997 
f 1418//455 385//1001 386//1002 
f 1418//455 387//1003 385//1001 
f 1418//455 388//1004 387//1003 
f 1443//484 389//1005 388//1004 
f 388//1004 1418//455 1443//484 
f 1417//454 390//1006 391//1007 
f 1417//454 392//1008 393//1009 
f 393//1009 390//1006 1417//454 
f 1417//454 394//1010 392//1008 
f 391//1007 1416//453 1417//454 
f 1417//454 395//1011 394//1010 
f 1417//454 396//1012 395//1011 
f 1417//454 386//1002 396//1012 
f 1415//452 397//1013 398//1014 
f 1415//452 1416//453 399//1015 
f 399//1015 397//1013 1415//452 
f 398//1014 400//1016 1415//452 
f 1416//453 401//1017 399//1015 
f 400//1016 402//1018 1415//452 
f 402//1018 403//1019 1415//452 
f 1463//508 1414//451 404//1020 
f 1414//451 405//1021 406//1022 
f 406//1022 404//1020 1414//451 
f 1414//451 407//1023 405//1021 
f 1414//451 408//1024 407//1023 
f 1414//451 409//1025 408//1024 
f 1414//451 1415//452 410//1026 
f 410//1026 409//1025 1414//451 
f 1564//625 411//1027 412//1028 
f 412//1028 1563//624 1564//625 
f 412//1028 413//1029 1563//624 
f 1564//625 414//1030 411//1027 
f 1564//625 415//1031 414//1030 
f 413//1029 416//1032 1563//624 
f 1562//623 417//1033 418//1034 
f 1563//624 419//1035 420//1036 
f 420//1036 1562//623 1563//624 
f 420//1036 421//1037 1562//623 
f 1563//624 422//1038 419//1035 
f 421//1037 423//1039 1562//623 
f 423//1039 417//1033 1562//623 
f 1787//1040 418//1034 424//1041 
f 424//1041 425//1042 1787//1040 
f 1637//710 1585//650 426//1043 
f 1585//650 1787//1040 427//1044 
f 427//1044 428//1045 1585//650 
f 428//1045 429//1046 1585//650 
f 429//1046 430//1047 1585//650 
f 430//1047 426//1043 1585//650 
f 426//1043 431//1048 1637//710 
f 1661//738 1637//710 432//1049 
f 1637//710 433//1050 432//1049 
f 432//1049 434//1051 1661//738 
f 1637//710 435//1052 433//1050 
f 434//1051 436//1053 1661//738 
f 436//1053 437//1054 1661//738 
f 1637//710 438//1055 435//1052 
f 437//1054 439//1056 1661//738 
f 1679//760 1661//738 440//1057 
f 1661//738 441//1058 440//1057 
f 1683//764 1681//762 442//1059 
f 1681//762 443//1060 442//1059 
f 1681//762 444//1061 443//1060 
f 1681//762 445//1062 444//1061 
f 1681//762 446//1063 445//1062 
f 1681//762 440//1057 446//1063 
f 1685//766 1683//764 447//1064 
f 1683//764 448//1065 447//1064 
f 447//1064 449//1066 1685//766 
f 1683//764 450//1067 448//1065 
f 449//1066 451//1068 1685//766 
f 1685//766 452//1069 453//1070 
f 453//1070 1687//768 1685//766 
f 453//1070 454//1071 1687//768 
f 454//1071 455//1072 1687//768 
f 455//1072 456//1073 1687//768 
f 456//1073 457//1074 1687//768 
f 1662//739 1687//768 458//1075 
f 458//1075 1638//711 1662//739 
f 1638//711 459//1076 460//1077 
f 460//1077 1611//680 1638//711 
f 1638//711 461//1078 459//1076 
f 460//1077 462//1079 1611//680 
f 1638//711 463//1080 461//1078 
f 1638//711 464//1081 463//1080 
f 462//1079 465//1082 1611//680 
f 1638//711 466//1083 464//1081 
f 1587//652 467//1084 468//1085 
f 1587//652 469//1086 467//1084 
f 1587//652 470//1087 469//1086 
f 1587//652 471//1088 470//1087 
f 1611//680 472//1089 471//1088 
f 471//1088 1587//652 1611//680 
f 1611//680 473//1090 472//1089 
f 1586//651 474//1091 475//1092 
f 1586//651 468//1085 474//1091 
f 1564//625 1565//626 476//1093 
f 1565//626 477//1094 478//1095 
f 478//1095 476//1093 1565//626 
f 1565//626 479//1096 477//1094 
f 476//1093 480//1097 1564//625 
f 1565//626 481//1098 479//1096 
f 1565//626 1586//651 482//1099 
f 482//1099 481//1098 1565//626 
f 1657//734 483//1100 484//1101 
f 1657//734 485//1102 483//1100 
f 1657//734 486//1103 485//1102 
f 1657//734 487//1104 488//1105 
f 488//1105 486//1103 1657//734 
f 484//1101 1656//733 1657//734 
f 1656//733 489//1106 490//1107 
f 1656//733 491//1108 489//1106 
f 490//1107 1655//732 1656//733 
f 1656//733 492//1109 491//1108 
f 1655//732 493//1110 494//1111 
f 494//1111 1654//731 1655//732 
f 1655//732 495//1112 493//1110 
f 494//1111 496//1113 1654//731 
f 1654//731 497//1114 498//1115 
f 498//1115 1653//730 1654//731 
f 498//1115 499//1116 1653//730 
f 1654//731 500//1117 497//1114 
f 499//1116 501//1118 1653//730 
f 1788//1119 1652//729 502//1120 
f 1652//729 1653//730 503//1121 
f 503//1121 504//1122 1652//729 
f 504//1122 505//1123 1652//729 
f 505//1123 506//1124 1652//729 
f 506//1124 507//1125 1652//729 
f 507//1125 502//1120 1652//729 
f 1675//756 508//1126 509//1127 
f 1675//756 510//1128 508//1126 
f 509//1127 1708//797 1675//756 
f 1675//756 511//1129 510//1128 
f 1675//756 512//1130 511//1129 
f 1675//756 1788//1119 513//1131 
f 513//1131 512//1130 1675//756 
f 509//1127 514//1132 1708//797 
f 1722//815 515//1133 516//1134 
f 1722//815 517//1135 515//1133 
f 1722//815 518//1136 517//1135 
f 1722//815 519//1137 518//1136 
f 1708//797 520//1138 519//1137 
f 519//1137 1722//815 1708//797 
f 1724//817 521//1139 522//1140 
f 1724//817 523//1141 521//1139 
f 1724//817 524//1142 523//1141 
f 1724//817 516//1134 524//1142 
f 1726//819 522//1140 525//1143 
f 525//1143 526//1144 1726//819 
f 1754//851 527//1145 528//1146 
f 1754//851 1726//819 529//1147 
f 529//1147 527//1145 1754//851 
f 1758//855 1756//853 530//1148 
f 1756//853 528//1146 530//1148 
f 1760//857 1758//855 531//1149 
f 531//1149 532//1150 1760//857 
f 532//1150 533//1151 1760//857 
f 1727//820 1760//857 534//1152 
f 534//1152 535//1153 1727//820 
f 1728//821 536//1154 537//1155 
f 1728//821 535//1153 536//1154 
f 1729//822 1728//821 538//1156 
f 538//1156 539//1157 1729//822 
f 539//1157 540//1158 1729//822 
f 540//1158 541//1159 1729//822 
f 541//1159 542//1160 1729//822 
f 542//1160 543//1161 1729//822 
f 1709//798 1729//822 544//1162 
f 544//1162 1696//781 1709//798 
f 544//1162 545//1163 1696//781 
f 1677//758 546//1164 547//1165 
f 1677//758 1696//781 548//1166 
f 548//1166 546//1164 1677//758 
f 1696//781 549//1167 548//1166 
f 1696//781 550//1168 549//1167 
f 1676//757 551//1169 552//1170 
f 1676//757 553//1171 551//1169 
f 552//1170 554//1172 1676//757 
f 1676//757 547//1165 553//1171 
f 1658//735 555//1173 487//1104 
f 1658//735 556//1174 555//1173 
f 1658//735 557//1175 556//1174 
f 1658//735 1676//757 558//1176 
f 558//1176 557//1175 1658//735 
f 1577//642 1576//641 559//1177 
f 1601//670 560//1178 561//1179 
f 561//1179 1576//641 1601//670 
f 561//1179 562//1180 1576//641 
f 1601//670 563//1181 560//1178 
f 562//1180 564//1182 1576//641 
f 564//1182 565//1183 1576//641 
f 565//1183 559//1177 1576//641 
f 1577//642 566//1184 567//1185 
f 1533//590 1554//615 568//1186 
f 1554//615 569//1187 568//1186 
f 1554//615 570//1188 569//1187 
f 1554//615 571//1189 570//1188 
f 1554//615 1577//642 572//1190 
f 572//1190 571//1189 1554//615 
f 568//1186 573//1191 1533//590 
f 573//1191 574//1192 1533//590 
f 1500//553 575//1193 576//1194 
f 1533//590 577//1195 578//1196 
f 578//1196 1500//553 1533//590 
f 578//1196 579//1197 1500//553 
f 579//1197 580//1198 1500//553 
f 580//1198 575//1193 1500//553 
f 1533//590 581//1199 577//1195 
f 1499//552 576//1194 582//1200 
f 582//1200 583//1201 1499//552 
f 1481//530 584//1202 585//1203 
f 1481//530 586//1204 584//1202 
f 585//1203 1480//529 1481//530 
f 1481//530 587//1205 586//1204 
f 1481//530 588//1206 587//1205 
f 1481//530 1499//552 589//1207 
f 589//1207 588//1206 1481//530 
f 585//1203 590//1208 1480//529 
f 1480//529 591//1209 592//1210 
f 592//1210 1479//528 1480//529 
f 1480//529 593//1211 591//1209 
f 592//1210 594//1212 1479//528 
f 1480//529 595//1213 593//1211 
f 594//1212 596//1214 1479//528 
f 596//1214 597//1215 1479//528 
f 1478//525 598//1216 599//1217 
f 1478//525 600//1218 598//1216 
f 1478//525 601//1219 600//1218 
f 1478//525 1479//528 602//1220 
f 602//1220 601//1219 1478//525 
f 1532//587 1498//549 603//1221 
f 1498//549 604//1222 605//1223 
f 605//1223 603//1221 1498//549 
f 1498//549 606//1224 604//1222 
f 603//1221 607//1225 1532//587 
f 1498//549 608//1226 606//1224 
f 1498//549 609//1227 608//1226 
f 1498//549 599//1217 609//1227 
f 1553//612 610//1228 611//1229 
f 1532//587 612//1230 610//1228 
f 610//1228 1553//612 1532//587 
f 611//1229 613//1231 1553//612 
f 1532//587 614//1232 612//1230 
f 613//1231 615//1233 1553//612 
f 615//1233 616//1234 1553//612 
f 1532//587 617//1235 614//1232 
f 1575//638 618//1236 619//1237 
f 1575//638 620//1238 618//1236 
f 1575//638 621//1239 620//1238 
f 1575//638 1553//612 622//1240 
f 622//1240 621//1239 1575//638 
f 1601//670 1599//668 623//1241 
f 1599//668 624//1242 623//1241 
f 623//1241 625//1243 1601//670 
f 1599//668 626//1244 624//1242 
f 625//1243 627//1245 1601//670 
f 1599//668 628//1246 626//1244 
f 1599//668 619//1237 628//1246 
f 1594//659 629//1247 630//1248 
f 1573//634 631//1249 632//1250 
f 632//1250 1594//659 1573//634 
f 632//1250 633//1251 1594//659 
f 633//1251 634//1252 1594//659 
f 634//1252 629//1247 1594//659 
f 1573//634 635//1253 631//1249 
f 1573//634 636//1254 635//1253 
f 1596//661 630//1248 637//1255 
f 1621//690 1619//688 638//1256 
f 1619//688 639//1257 638//1256 
f 1619//688 640//1258 639//1257 
f 638//1256 641//1259 1621//690 
f 1619//688 642//1260 640//1258 
f 1619//688 643//1261 642//1260 
f 1596//661 644//1262 643//1261 
f 643//1261 1619//688 1596//661 
f 1621//690 645//1263 646//1264 
f 646//1264 1623//692 1621//690 
f 1621//690 647//1265 645//1263 
f 646//1264 648//1266 1623//692 
f 1621//690 649//1267 647//1265 
f 648//1266 650//1268 1623//692 
f 650//1268 651//1269 1623//692 
f 1597//664 652//1270 653//1271 
f 1597//664 1623//692 654//1272 
f 654//1272 655//1273 1597//664 
f 655//1273 656//1274 1597//664 
f 656//1274 652//1270 1597//664 
f 1552//611 1574//637 657//1275 
f 1574//637 658//1276 659//1277 
f 659//1277 657//1275 1574//637 
f 1574//637 660//1278 658//1276 
f 657//1275 661//1279 1552//611 
f 1574//637 662//1280 660//1278 
f 1574//637 653//1271 662//1280 
f 661//1279 663//1281 1552//611 
f 1531//586 664//1282 665//1283 
f 1552//611 666//1284 664//1282 
f 664//1282 1531//586 1552//611 
f 665//1283 667//1285 1531//586 
f 1552//611 668//1286 666//1284 
f 667//1285 669//1287 1531//586 
f 669//1287 670//1288 1531//586 
f 670//1288 671//1289 1531//586 
f 1497//548 672//1290 673//1291 
f 1497//548 1531//586 674//1292 
f 674//1292 675//1293 1497//548 
f 675//1293 676//1294 1497//548 
f 676//1294 672//1290 1497//548 
f 1495//544 1496//545 677//1295 
f 1496//545 678//1296 677//1295 
f 677//1295 679//1297 1495//544 
f 1496//545 680//1298 678//1296 
f 679//1297 681//1299 1495//544 
f 1496//545 682//1300 680//1298 
f 1496//545 673//1291 682//1300 
f 1494//543 683//1301 684//1302 
f 1494//543 1495//544 685//1303 
f 685//1303 686//1304 1494//543 
f 1495//544 687//1305 685//1303 
f 686//1304 688//1306 1494//543 
f 688//1306 689//1307 1494//543 
f 689//1307 683//1301 1494//543 
f 1495//544 690//1308 687//1305 
f 1789//1309 691//1310 692//1311 
f 1789//1309 684//1302 691//1310 
f 1530//583 693//1312 694//1313 
f 694//1313 1573//634 1530//583 
f 1530//583 695//1314 693//1312 
f 694//1313 696//1315 1573//634 
f 1530//583 697//1316 695//1314 
f 1530//583 698//1317 697//1316 
f 1530//583 1789//1309 699//1318 
f 699//1318 698//1317 1530//583 
f 1668//745 1669//746 65//1319 
f 1669//746 69//1320 65//1319 
f 65//1319 63//1321 1668//745 
f 1669//746 68//1322 69//1320 
f 1667//744 1668//745 59//1323 
f 59//1323 57//1324 1667//744 
f 1668//745 61//1325 59//1323 
f 57//1324 50//1326 1667//744 
f 1666//743 1667//744 54//1327 
f 54//1327 49//1328 1666//743 
f 49//1328 47//1329 1666//743 
f 1667//744 53//1330 54//1327 
f 47//1329 41//1331 1666//743 
f 41//1331 44//1332 1666//743 
f 1665//742 37//1333 35//1334 
f 1665//742 1666//743 39//1335 
f 39//1335 38//1336 1665//742 
f 38//1336 37//1333 1665//742 
f 1790//1337 31//1338 30//1339 
f 30//1339 26//1340 1790//1337 
f 1790//1337 35//1334 31//1338 
f 26//1340 25//1341 1790//1337 
f 1691//772 24//1342 21//1343 
f 1691//772 1790//1337 23//1344 
f 23//1344 24//1342 1691//772 
f 21//1343 1718//807 1691//772 
f 21//1343 14//1345 1718//807 
f 1740//833 1718//807 12//1346 
f 1718//807 17//1347 12//1346 
f 1718//807 18//1348 17//1347 
f 1742//835 3//1349 152//1350 
f 1742//835 5//1351 3//1349 
f 1742//835 6//1352 5//1351 
f 1742//835 7//1353 6//1352 
f 1742//835 11//1354 7//1353 
f 1742//835 12//1346 11//1354 
f 1744//837 152//1350 147//1355 
f 147//1355 150//1356 1744//837 
f 1775//872 145//1357 146//1358 
f 1775//872 1744//837 145//1357 
f 1777//874 140//1359 139//1360 
f 1777//874 141//1361 140//1359 
f 1777//874 146//1358 141//1361 
f 1779//876 139//1360 132//1362 
f 132//1362 1781//878 1779//876 
f 1745//838 136//1363 131//1364 
f 1745//838 1781//878 135//1365 
f 135//1365 136//1363 1745//838 
f 1746//839 128//1366 125//1367 
f 1746//839 131//1364 128//1366 
f 1747//840 1746//839 123//1368 
f 123//1368 122//1369 1747//840 
f 122//1369 117//1370 1747//840 
f 117//1370 120//1371 1747//840 
f 1705//790 1719//808 113//1372 
f 1719//808 1747//840 115//1373 
f 115//1373 116//1374 1719//808 
f 116//1374 113//1372 1719//808 
f 113//1372 111//1375 1705//790 
f 111//1375 109//1376 1705//790 
f 1693//774 95//1377 88//1378 
f 1693//774 1705//790 103//1379 
f 103//1379 101//1380 1693//774 
f 1705//790 104//1381 103//1379 
f 101//1380 99//1382 1693//774 
f 99//1382 97//1383 1693//774 
f 97//1383 95//1377 1693//774 
f 1705//790 105//1384 104//1381 
f 1671//748 81//1385 77//1386 
f 1671//748 83//1387 81//1385 
f 1671//748 85//1388 83//1387 
f 1671//748 87//1389 85//1388 
f 1671//748 92//1390 87//1389 
f 1692//773 91//1391 92//1390 
f 92//1390 1671//748 1692//773 
f 1669//746 1670//747 73//1392 
f 1670//747 75//1393 73//1392 
f 1670//747 76//1394 75//1393 
f 73//1392 71//1395 1669//746 
f 1670//747 77//1386 76//1394 
f 1423//460 700//1396 701//1397 
f 701//1397 1422//459 1423//460 
f 1423//460 702//1398 700//1396 
f 701//1397 703//1399 1422//459 
f 703//1399 704//1400 1422//459 
f 1423//460 705//1401 702//1398 
f 704//1400 706//1402 1422//459 
f 1423//460 707//1403 705//1401 
f 1467//512 1421//458 708//1404 
f 1421//458 709//1405 710//1406 
f 710//1406 708//1404 1421//458 
f 1421//458 711//1407 709//1405 
f 1421//458 712//1408 711//1407 
f 1421//458 713//1409 712//1408 
f 1421//458 714//1410 713//1409 
f 1422//459 715//1411 714//1410 
f 714//1410 1421//458 1422//459 
f 708//1404 716//1412 1467//512 
f 1487//536 1467//512 717//1413 
f 1467//512 718//1414 717//1413 
f 1467//512 719//1415 718//1414 
f 1467//512 720//1416 719//1415 
f 717//1413 721//1417 1487//536 
f 721//1417 722//1418 1487//536 
f 1467//512 723//1419 720//1416 
f 1514//567 1512//565 724//1420 
f 1512//565 725//1421 726//1422 
f 1487//536 727//1423 725//1421 
f 725//1421 1512//565 1487//536 
f 726//1422 728//1424 1512//565 
f 728//1424 729//1425 1512//565 
f 729//1425 730//1426 1512//565 
f 730//1426 731//1427 1512//565 
f 731//1427 724//1420 1512//565 
f 1487//536 732//1428 727//1423 
f 1516//569 1514//567 733//1429 
f 1514//567 734//1430 733//1429 
f 1514//567 735//1431 734//1430 
f 733//1429 736//1432 1516//569 
f 736//1432 737//1433 1516//569 
f 1514//567 738//1434 735//1431 
f 1514//567 739//1435 738//1434 
f 737//1433 740//1436 1516//569 
f 1468//513 1488//537 741//1437 
f 1488//537 742//1438 743//1439 
f 743//1439 741//1437 1488//537 
f 1488//537 744//1440 742//1438 
f 1488//537 745//1441 744//1440 
f 1488//537 746//1442 745//1441 
f 1488//537 747//1443 746//1442 
f 1516//569 748//1444 747//1443 
f 747//1443 1488//537 1516//569 
f 741//1437 749//1445 1468//513 
f 1446//487 1468//513 750//1446 
f 1468//513 751//1447 750//1446 
f 1468//513 752//1448 751//1447 
f 1468//513 753//1449 752//1448 
f 750//1446 754//1450 1446//487 
f 754//1450 755//1451 1446//487 
f 1468//513 756//1452 753//1449 
f 1423//460 1424//461 757//1453 
f 1424//461 758//1454 759//1455 
f 759//1455 760//1456 1424//461 
f 1424//461 761//1457 758//1454 
f 760//1456 757//1453 1424//461 
f 1424//461 762//1458 761//1457 
f 1424//461 763//1459 762//1458 
f 1424//461 764//1460 763//1459 
f 1446//487 765//1461 764//1460 
f 764//1460 1424//461 1446//487 
f 1446//487 766//1462 765//1461 
f 1791//1463 1337//357 767//1464 
f 1338//358 768//1465 769//1466 
f 769//1466 1337//357 1338//358 
f 769//1466 770//1467 1337//357 
f 1338//358 771//1468 768//1465 
f 770//1467 772//1469 1337//357 
f 772//1469 773//1470 1337//357 
f 773//1470 767//1464 1337//357 
f 1791//1463 774//1471 775//1472 
f 1408//441 1362//387 776//1473 
f 1362//387 777//1474 776//1473 
f 1362//387 778//1475 777//1474 
f 1362//387 779//1476 778//1475 
f 1362//387 1791//1463 780//1477 
f 780//1477 779//1476 1362//387 
f 776//1473 781//1478 1408//441 
f 781//1478 782//1479 1408//441 
f 1432//469 783//1480 784//1481 
f 1408//441 785//1482 786//1483 
f 786//1483 1432//469 1408//441 
f 786//1483 787//1484 1432//469 
f 787//1484 788//1485 1432//469 
f 788//1485 783//1480 1432//469 
f 1408//441 789//1486 785//1482 
f 1434//471 784//1481 790//1487 
f 790//1487 791//1488 1434//471 
f 1451//492 792//1489 793//1490 
f 1451//492 794//1491 792//1489 
f 793//1490 1453//494 1451//492 
f 1451//492 795//1492 794//1491 
f 1451//492 796//1493 795//1492 
f 1451//492 1434//471 797//1494 
f 797//1494 796//1493 1451//492 
f 793//1490 798//1495 1453//494 
f 1453//494 799//1496 800//1497 
f 800//1497 1455//496 1453//494 
f 1453//494 801//1498 799//1496 
f 800//1497 802//1499 1455//496 
f 1453//494 803//1500 801//1498 
f 802//1499 804//1501 1455//496 
f 804//1501 805//1502 1455//496 
f 1435//474 806//1503 807//1504 
f 1435//474 808//1505 806//1503 
f 1435//474 809//1506 808//1505 
f 1435//474 1455//496 810//1507 
f 810//1507 809//1506 1435//474 
f 1387//416 1409//442 811//1508 
f 1409//442 812//1509 813//1510 
f 813//1510 811//1508 1409//442 
f 1409//442 814//1511 812//1509 
f 811//1508 815//1512 1387//416 
f 1409//442 816//1513 814//1511 
f 1409//442 817//1514 816//1513 
f 1409//442 807//1504 817//1514 
f 1363//388 818//1515 819//1516 
f 1387//416 820//1517 818//1515 
f 818//1515 1363//388 1387//416 
f 819//1516 821//1518 1363//388 
f 1387//416 822//1519 820//1517 
f 821//1518 823//1520 1363//388 
f 823//1520 824//1521 1363//388 
f 1387//416 825//1522 822//1519 
f 1340//360 826//1523 827//1524 
f 1340//360 828//1525 826//1523 
f 1340//360 829//1526 828//1525 
f 1340//360 1363//388 830//1527 
f 830//1527 829//1526 1340//360 
f 1338//358 1339//359 831//1528 
f 1339//359 832//1529 831//1528 
f 831//1528 833//1530 1338//358 
f 1339//359 834//1531 832//1529 
f 833//1530 835//1532 1338//358 
f 1339//359 836//1533 834//1531 
f 1339//359 827//1524 836//1533 
f 1207//203 837//1534 838//1535 
f 1207//203 839//1536 837//1534 
f 1207//203 840//1537 839//1536 
f 1207//203 841//1538 840//1537 
f 1206//202 838//1535 842//1539 
f 842//1539 843//1540 1206//202 
f 1184//176 844//1541 845//1542 
f 1184//176 1206//202 846//1543 
f 846//1543 844//1541 1184//176 
f 1180//172 1182//174 847//1544 
f 1182//174 845//1542 847//1544 
f 1178//170 1180//172 848//1545 
f 848//1545 849//1546 1178//170 
f 849//1546 850//1547 1178//170 
f 1176//168 1178//170 851//1548 
f 851//1548 852//1549 1176//168 
f 1792//1550 853//1551 854//1552 
f 1792//1550 852//1549 853//1551 
f 1205//201 1792//1550 855//1553 
f 855//1553 856//1554 1205//201 
f 856//1554 857//1555 1205//201 
f 857//1555 858//1556 1205//201 
f 858//1556 859//1557 1205//201 
f 859//1557 860//1558 1205//201 
f 1204//200 1205//201 861//1559 
f 861//1559 1233//237 1204//200 
f 861//1559 862//1560 1233//237 
f 1251//259 863//1561 864//1562 
f 1251//259 1233//237 865//1563 
f 865//1563 863//1561 1251//259 
f 1233//237 866//1564 865//1563 
f 1233//237 867//1565 866//1564 
f 1253//261 868//1566 869//1567 
f 1253//261 870//1568 868//1566 
f 869//1567 871//1569 1253//261 
f 1253//261 864//1562 870//1568 
f 1278//290 872//1570 873//1571 
f 1278//290 874//1572 872//1570 
f 1278//290 1253//261 875//1573 
f 875//1573 874//1572 1278//290 
f 1280//292 876//1574 877//1575 
f 1280//292 878//1576 876//1574 
f 1280//292 879//1577 878//1576 
f 877//1575 1282//294 1280//292 
f 1280//292 880//1578 879//1577 
f 1280//292 873//1571 880//1578 
f 1282//294 881//1579 882//1580 
f 1282//294 883//1581 881//1579 
f 882//1580 1284//296 1282//294 
f 1282//294 884//1582 883//1581 
f 1284//296 885//1583 886//1584 
f 886//1584 1286//298 1284//296 
f 1284//296 887//1585 885//1583 
f 886//1584 888//1586 1286//298 
f 1286//298 889//1587 890//1588 
f 890//1588 1288//300 1286//298 
f 890//1588 891//1589 1288//300 
f 1286//298 892//1590 889//1587 
f 891//1589 893//1591 1288//300 
f 1255//263 1254//262 894//1592 
f 1254//262 1288//300 895//1593 
f 895//1593 896//1594 1254//262 
f 896//1594 897//1595 1254//262 
f 897//1595 898//1596 1254//262 
f 898//1596 899//1597 1254//262 
f 899//1597 894//1592 1254//262 
f 1234//238 900//1598 901//1599 
f 1234//238 902//1600 900//1598 
f 901//1599 1220//220 1234//238 
f 1234//238 903//1601 902//1600 
f 1234//238 904//1602 903//1601 
f 1234//238 1255//263 905//1603 
f 905//1603 904//1602 1234//238 
f 901//1599 906//1604 1220//220 
f 1208//204 907//1605 841//1538 
f 1208//204 908//1606 909//1607 
f 1208//204 910//1608 908//1606 
f 909//1607 911//1609 1208//204 
f 911//1609 907//1605 1208//204 
f 1220//220 912//1610 910//1608 
f 910//1608 1208//204 1220//220 
f 1266//278 1264//276 913//1611 
f 1264//276 914//1612 913//1611 
f 913//1611 915//1613 1266//278 
f 1264//276 916//1614 914//1612 
f 1268//280 1266//278 917//1615 
f 917//1615 918//1616 1268//280 
f 1266//278 919//1617 917//1615 
f 918//1616 920//1618 1268//280 
f 1270//282 1268//280 921//1619 
f 921//1619 922//1620 1270//282 
f 922//1620 923//1621 1270//282 
f 1268//280 924//1622 921//1619 
f 923//1621 925//1623 1270//282 
f 925//1623 926//1624 1270//282 
f 1240//248 927//1625 928//1626 
f 1240//248 1270//282 929//1627 
f 929//1627 930//1628 1240//248 
f 930//1628 927//1625 1240//248 
f 1241//249 931//1629 932//1630 
f 932//1630 933//1631 1241//249 
f 1241//249 928//1626 931//1629 
f 933//1631 934//1632 1241//249 
f 1224//228 935//1633 936//1634 
f 1224//228 1241//249 937//1635 
f 937//1635 935//1633 1224//228 
f 936//1634 1211//211 1224//228 
f 936//1634 938//1636 1211//211 
f 1195//191 1211//211 939//1637 
f 1211//211 940//1638 939//1637 
f 1211//211 941//1639 940//1638 
f 1194//190 942//1640 943//1641 
f 1194//190 944//1642 942//1640 
f 1194//190 945//1643 944//1642 
f 1194//190 946//1644 945//1643 
f 1194//190 947//1645 946//1644 
f 1194//190 939//1637 947//1645 
f 1193//189 943//1641 948//1646 
f 948//1646 949//1647 1193//189 
f 1150//142 950//1648 951//1649 
f 1150//142 1193//189 950//1648 
f 1148//140 952//1650 953//1651 
f 1148//140 954//1652 952//1650 
f 1148//140 951//1649 954//1652 
f 1146//138 953//1651 955//1653 
f 955//1653 1144//136 1146//138 
f 1142//134 956//1654 957//1655 
f 1142//134 1144//136 958//1656 
f 958//1656 956//1654 1142//134 
f 1793//1657 959//1658 960//1659 
f 1793//1657 957//1655 959//1658 
f 1192//188 1793//1657 961//1660 
f 961//1660 962//1661 1192//188 
f 962//1661 963//1662 1192//188 
f 963//1662 964//1663 1192//188 
f 1223//227 1191//187 965//1664 
f 1191//187 1192//188 966//1665 
f 966//1665 967//1666 1191//187 
f 967//1666 965//1664 1191//187 
f 965//1664 968//1667 1223//227 
f 968//1667 969//1668 1223//227 
f 1237//245 970//1669 971//1670 
f 1237//245 1223//227 972//1671 
f 972//1671 973//1672 1237//245 
f 1223//227 974//1673 972//1671 
f 973//1672 975//1674 1237//245 
f 975//1674 976//1675 1237//245 
f 976//1675 970//1669 1237//245 
f 1223//227 977//1676 974//1673 
f 1260//272 978//1677 979//1678 
f 1260//272 980//1679 978//1677 
f 1260//272 981//1680 980//1679 
f 1260//272 982//1681 981//1680 
f 1260//272 983//1682 982//1681 
f 1239//247 984//1683 983//1682 
f 983//1682 1260//272 1239//247 
f 1264//276 1262//274 985//1684 
f 1262//274 986//1685 985//1684 
f 1262//274 987//1686 986//1685 
f 985//1684 988//1687 1264//276 
f 1262//274 979//1678 987//1686 
f 1388//419 989//1688 990//1689 
f 1364//391 991//1690 989//1688 
f 989//1688 1388//419 1364//391 
f 990//1689 992//1691 1388//419 
f 1364//391 993//1692 991//1690 
f 992//1691 994//1693 1388//419 
f 994//1693 995//1694 1388//419 
f 995//1694 996//1695 1388//419 
f 1410//445 997//1696 998//1697 
f 1410//445 1388//419 999//1698 
f 999//1698 1000//1699 1410//445 
f 1000//1699 1001//1700 1410//445 
f 1001//1700 997//1696 1410//445 
f 1439//480 1437//478 1002//1701 
f 1437//478 1003//1702 1002//1701 
f 1002//1701 1004//1703 1439//480 
f 1437//478 1005//1704 1003//1702 
f 1004//1703 1006//1705 1439//480 
f 1437//478 1007//1706 1005//1704 
f 1437//478 998//1697 1007//1706 
f 1411//448 1008//1707 1009//1708 
f 1411//448 1439//480 1010//1709 
f 1010//1709 1011//1710 1411//448 
f 1439//480 1012//1711 1010//1709 
f 1011//1710 1013//1712 1411//448 
f 1013//1712 1014//1713 1411//448 
f 1014//1713 1008//1707 1411//448 
f 1439//480 1015//1714 1012//1711 
f 1412//449 1016//1715 1017//1716 
f 1412//449 1009//1708 1016//1715 
f 1365//394 1389//422 1018//1717 
f 1389//422 1019//1718 1018//1717 
f 1389//422 1020//1719 1019//1718 
f 1389//422 1021//1720 1020//1719 
f 1389//422 1412//449 1022//1721 
f 1022//1721 1021//1720 1389//422 
f 1018//1717 1023//1722 1365//394 
f 1343//368 1024//1723 1025//1724 
f 1365//394 1026//1725 1027//1726 
f 1027//1726 1343//368 1365//394 
f 1027//1726 1028//1727 1343//368 
f 1028//1727 1029//1728 1343//368 
f 1029//1728 1024//1723 1343//368 
f 1365//394 1030//1729 1026//1725 
f 1365//394 1031//1730 1030//1729 
f 1342//367 1025//1724 1032//1731 
f 1319//339 1320//340 1033//1732 
f 1320//340 1034//1733 1033//1732 
f 1320//340 1035//1734 1034//1733 
f 1033//1732 1036//1735 1319//339 
f 1320//340 1037//1736 1035//1734 
f 1320//340 1038//1737 1037//1736 
f 1342//367 1039//1738 1038//1737 
f 1038//1737 1320//340 1342//367 
f 1319//339 1040//1739 1041//1740 
f 1041//1740 1318//338 1319//339 
f 1319//339 1042//1741 1040//1739 
f 1041//1740 1043//1742 1318//338 
f 1319//339 1044//1743 1042//1741 
f 1043//1742 1045//1744 1318//338 
f 1045//1744 1046//1745 1318//338 
f 1317//335 1047//1746 1048//1747 
f 1317//335 1318//338 1049//1748 
f 1049//1748 1050//1749 1317//335 
f 1050//1749 1051//1750 1317//335 
f 1051//1750 1047//1746 1317//335 
f 1364//391 1052//1751 1053//1752 
f 1364//391 1341//365 1054//1753 
f 1054//1753 1052//1751 1364//391 
f 1053//1752 1055//1754 1364//391 
f 1341//365 1056//1755 1054//1753 
f 1341//365 1057//1756 1056//1755 
f 1341//365 1058//1757 1057//1756 
f 1341//365 1059//1758 1058//1757 
f 1341//365 1048//1747 1059//1758 
f 1246//254 1247//255 1060//1759 
f 1247//255 1061//1760 1060//1759 
f 1247//255 1062//1761 1061//1760 
f 1060//1759 1063//1762 1246//254 
f 1247//255 1064//1763 1062//1761 
f 1246//254 1065//1764 1066//1765 
f 1066//1765 1245//253 1246//254 
f 1066//1765 1067//1766 1245//253 
f 1067//1766 1068//1767 1245//253 
f 1068//1767 1069//1768 1245//253 
f 1069//1768 1070//1769 1245//253 
f 1244//252 1245//253 1071//1770 
f 1071//1770 1304//320 1244//252 
f 1304//320 1072//1771 1073//1772 
f 1073//1772 1328//348 1304//320 
f 1304//320 1074//1773 1072//1771 
f 1073//1772 1075//1774 1328//348 
f 1304//320 1076//1775 1074//1773 
f 1304//320 1077//1776 1076//1775 
f 1075//1774 1078//1777 1328//348 
f 1304//320 1079//1778 1077//1776 
f 1350//375 1080//1779 1081//1780 
f 1350//375 1082//1781 1080//1779 
f 1350//375 1083//1782 1082//1781 
f 1350//375 1084//1783 1083//1782 
f 1328//348 1085//1784 1084//1783 
f 1084//1783 1350//375 1328//348 
f 1328//348 1086//1785 1085//1784 
f 1352//377 1087//1786 1088//1787 
f 1352//377 1081//1780 1087//1786 
f 1375//404 1373//402 1089//1788 
f 1373//402 1090//1789 1089//1788 
f 1373//402 1091//1790 1090//1789 
f 1089//1788 1092//1791 1375//404 
f 1373//402 1093//1792 1091//1790 
f 1373//402 1352//377 1094//1793 
f 1094//1793 1093//1792 1373//402 
f 1375//404 1095//1794 1096//1795 
f 1096//1795 1377//406 1375//404 
f 1096//1795 1097//1796 1377//406 
f 1375//404 1098//1797 1095//1794 
f 1375//404 1099//1798 1098//1797 
f 1097//1796 1100//1799 1377//406 
f 1353//378 1101//1800 1102//1801 
f 1377//406 1103//1802 1104//1803 
f 1104//1803 1353//378 1377//406 
f 1104//1803 1105//1804 1353//378 
f 1377//406 1106//1805 1103//1802 
f 1105//1804 1107//1806 1353//378 
f 1107//1806 1101//1800 1353//378 
f 1354//379 1102//1801 1108//1807 
f 1108//1807 1109//1808 1354//379 
f 1305//321 1329//349 1110//1809 
f 1329//349 1354//379 1111//1810 
f 1111//1810 1112//1811 1329//349 
f 1112//1811 1113//1812 1329//349 
f 1113//1812 1114//1813 1329//349 
f 1114//1813 1110//1809 1329//349 
f 1110//1809 1115//1814 1305//321 
f 1275//287 1305//321 1116//1815 
f 1305//321 1117//1816 1116//1815 
f 1116//1815 1118//1817 1275//287 
f 1305//321 1119//1818 1117//1816 
f 1118//1817 1120//1819 1275//287 
f 1120//1819 1121//1820 1275//287 
f 1305//321 1122//1821 1119//1818 
f 1121//1820 1123//1822 1275//287 
f 1249//257 1275//287 1124//1823 
f 1275//287 1125//1824 1124//1823 
f 1247//255 1248//256 1126//1825 
f 1248//256 1127//1826 1128//1827 
f 1128//1827 1129//1828 1248//256 
f 1248//256 1130//1829 1127//1826 
f 1129//1828 1126//1825 1248//256 
f 1248//256 1131//1830 1130//1829 
f 1248//256 1124//1823 1131//1830 
f 1126//1825 1064//1763 1247//255 
f 1124//1823 1248//256 1249//257 
f 1123//1822 1125//1824 1275//287 
f 1115//1814 1122//1821 1305//321 
f 1109//1808 1111//1810 1354//379 
f 1102//1801 1354//379 1353//378 
f 1100//1799 1106//1805 1377//406 
f 1092//1791 1099//1798 1375//404 
f 1088//1787 1094//1793 1352//377 
f 1081//1780 1352//377 1350//375 
f 1078//1777 1086//1785 1328//348 
f 1071//1770 1079//1778 1304//320 
f 1070//1769 1071//1770 1245//253 
f 1063//1762 1065//1764 1246//254 
f 1055//1754 993//1692 1364//391 
f 1048//1747 1341//365 1317//335 
f 1046//1745 1049//1748 1318//338 
f 1036//1735 1044//1743 1319//339 
f 1032//1731 1039//1738 1342//367 
f 1025//1724 1342//367 1343//368 
f 1023//1722 1031//1730 1365//394 
f 1017//1716 1022//1721 1412//449 
f 1009//1708 1412//449 1411//448 
f 1006//1705 1015//1714 1439//480 
f 998//1697 1437//478 1410//445 
f 996//1695 999//1698 1388//419 
f 988//1687 916//1614 1264//276 
f 979//1678 1262//274 1260//272 
f 984//1683 1239//247 971//1670 
f 971//1670 1239//247 1237//245 
f 969//1668 977//1676 1223//227 
f 964//1663 966//1665 1192//188 
f 960//1659 961//1660 1793//1657 
f 957//1655 1793//1657 1142//134 
f 955//1653 958//1656 1144//136 
f 953//1651 1146//138 1148//140 
f 951//1649 1148//140 1150//142 
f 949//1647 950//1648 1193//189 
f 943//1641 1193//189 1194//190 
f 939//1637 1194//190 1195//191 
f 938//1636 941//1639 1211//211 
f 934//1632 937//1635 1241//249 
f 928//1626 1241//249 1240//248 
f 926//1624 929//1627 1270//282 
f 920//1618 924//1622 1268//280 
f 915//1613 919//1617 1266//278 
f 841//1538 1207//203 1208//204 
f 906//1604 912//1610 1220//220 
f 905//1603 1255//263 1132//1831 
f 894//1592 1132//1831 1255//263 
f 893//1591 895//1593 1288//300 
f 888//1586 892//1590 1286//298 
f 882//1580 887//1585 1284//296 
f 877//1575 884//1582 1282//294 
f 873//1571 1280//292 1278//290 
f 871//1569 875//1573 1253//261 
f 864//1562 1253//261 1251//259 
f 862//1560 867//1565 1233//237 
f 860//1558 861//1559 1205//201 
f 854//1552 855//1553 1792//1550 
f 852//1549 1792//1550 1176//168 
f 850//1547 851//1548 1178//170 
f 847//1544 848//1545 1180//172 
f 845//1542 1182//174 1184//176 
f 843//1540 846//1543 1206//202 
f 838//1535 1206//202 1207//203 
f 835//1532 771//1468 1338//358 
f 827//1524 1339//359 1340//360 
f 824//1521 830//1527 1363//388 
f 815//1512 825//1522 1387//416 
f 807//1504 1409//442 1435//474 
f 805//1502 810//1507 1455//496 
f 798//1495 803//1500 1453//494 
f 791//1488 797//1494 1434//471 
f 784//1481 1434//471 1432//469 
f 782//1479 789//1486 1408//441 
f 775//1472 780//1477 1791//1463 
f 767//1464 774//1471 1791//1463 
f 757//1453 707//1403 1423//460 
f 755//1451 766//1462 1446//487 
f 749//1445 756//1452 1468//513 
f 740//1436 748//1444 1516//569 
f 724//1420 739//1435 1514//567 
f 722//1418 732//1428 1487//536 
f 716//1412 723//1419 1467//512 
f 706//1402 715//1411 1422//459 
f 71//1395 68//1322 1669//746 
f 77//1386 1670//747 1671//748 
f 91//1391 1692//773 88//1378 
f 88//1378 1692//773 1693//774 
f 109//1376 105//1384 1705//790 
f 120//1371 115//1373 1747//840 
f 125//1367 123//1368 1746//839 
f 131//1364 1746//839 1745//838 
f 132//1362 135//1365 1781//878 
f 139//1360 1779//876 1777//874 
f 146//1358 1777//874 1775//872 
f 150//1356 145//1357 1744//837 
f 152//1350 1744//837 1742//835 
f 12//1346 1742//835 1740//833 
f 14//1345 18//1348 1718//807 
f 25//1341 23//1344 1790//1337 
f 35//1334 1790//1337 1665//742 
f 44//1332 39//1335 1666//743 
f 50//1326 53//1330 1667//744 
f 63//1321 61//1325 1668//745 
f 696//1315 636//1254 1573//634 
f 692//1311 699//1318 1789//1309 
f 684//1302 1789//1309 1494//543 
f 681//1299 690//1308 1495//544 
f 673//1291 1496//545 1497//548 
f 671//1289 674//1292 1531//586 
f 663//1281 668//1286 1552//611 
f 653//1271 1574//637 1597//664 
f 651//1269 654//1272 1623//692 
f 641//1259 649//1267 1621//690 
f 637//1255 644//1262 1596//661 
f 630//1248 1596//661 1594//659 
f 627//1245 563//1181 1601//670 
f 619//1237 1599//668 1575//638 
f 616//1234 622//1240 1553//612 
f 607//1225 617//1235 1532//587 
f 599//1217 1498//549 1478//525 
f 597//1215 602//1220 1479//528 
f 590//1208 595//1213 1480//529 
f 583//1201 589//1207 1499//552 
f 576//1194 1499//552 1500//553 
f 574//1192 581//1199 1533//590 
f 567//1185 572//1190 1577//642 
f 559//1177 566//1184 1577//642 
f 487//1104 1657//734 1658//735 
f 554//1172 558//1176 1676//757 
f 547//1165 1676//757 1677//758 
f 545//1163 550//1168 1696//781 
f 543//1161 544//1162 1729//822 
f 537//1155 538//1156 1728//821 
f 535//1153 1728//821 1727//820 
f 533//1151 534//1152 1760//857 
f 530//1148 531//1149 1758//855 
f 528//1146 1756//853 1754//851 
f 526//1144 529//1147 1726//819 
f 522//1140 1726//819 1724//817 
f 516//1134 1724//817 1722//815 
f 514//1132 520//1138 1708//797 
f 513//1131 1788//1119 1133//1832 
f 502//1120 1133//1832 1788//1119 
f 501//1118 503//1121 1653//730 
f 496//1113 500//1117 1654//731 
f 490//1107 495//1112 1655//732 
f 484//1101 492//1109 1656//733 
f 480//1097 415//1031 1564//625 
f 475//1092 482//1099 1586//651 
f 468//1085 1586//651 1587//652 
f 465//1082 473//1090 1611//680 
f 458//1075 466//1083 1638//711 
f 457//1074 458//1075 1687//768 
f 451//1068 452//1069 1685//766 
f 442//1059 450//1067 1683//764 
f 440//1057 1681//762 1679//760 
f 439//1056 441//1058 1661//738 
f 431//1048 438//1055 1637//710 
f 425//1042 427//1044 1787//1040 
f 418//1034 1787//1040 1562//623 
f 416//1032 422//1038 1563//624 
f 404//1020 351//967 1463//508 
f 403//1019 410//1026 1415//452 
f 391//1007 401//1017 1416//453 
f 386//1002 1417//454 1418//455 
f 383//999 389//1005 1443//484 
f 373//989 384//1000 1464//509 
f 372//988 374//990 1507//560 
f 360//976 369//985 1505//558 
f 353//969 1503//556 1501//554 
f 350//966 356//972 1483//532 
f 339//955 283//899 1471//516 
f 338//954 343//959 1428//465 
f 326//942 335//951 1429//466 
f 319//935 1430//467 1431//468 
f 317//933 322//938 1449//490 
f 304//920 316//932 1472//517 
f 303//919 309//925 1527//580 
f 291//907 301//917 1525//578 
f 286//902 1523//576 1521//574 
f 284//900 289//905 1491//540 
f 276//892 272//1833 1786//885 
f 272//1833 1785//882 1786//885 
f 272//1833 1784//881 1785//882 
f 272//1833 1783//880 1784//881 
f 272//1833 1782//879 1783//880 
f 272//1833 1780//877 1782//879 
f 272//1833 1778//875 1780//877 
f 272//1833 1776//873 1778//875 
f 272//1833 1774//871 1776//873 
f 272//1833 1773//870 1774//871 
f 272//1833 1772//869 1773//870 
f 272//1833 1771//868 1772//869 
f 272//1833 1770//867 1771//868 
f 272//1833 1769//866 1770//867 
f 272//1833 1768//865 1769//866 
f 272//1833 1767//864 1768//865 
f 272//1833 1766//863 1767//864 
f 272//1833 1765//862 1766//863 
f 272//1833 1764//861 1765//862 
f 272//1833 1763//860 1764//861 
f 272//1833 1762//859 1763//860 
f 272//1833 1761//858 1762//859 
f 272//1833 1759//856 1761//858 
f 272//1833 1757//854 1759//856 
f 272//1833 1755//852 1757//854 
f 272//1833 1753//850 1755//852 
f 272//1833 1752//849 1753//850 
f 272//1833 1751//846 1752//849 
f 273//889 266//847 1751//846 
f 269//884 275//891 1786//885 
f 1750//845 1786//885 1785//882 
f 1749//842 1785//882 1784//881 
f 1748//841 1784//881 1783//880 
f 1745//838 1783//880 1782//879 
f 1781//878 1782//879 1780//877 
f 1779//876 1780//877 1778//875 
f 1777//874 1778//875 1776//873 
f 1775//872 1776//873 1774//871 
f 1743//836 1774//871 1773//870 
f 1741//834 1773//870 1772//869 
f 1739//832 1772//869 1771//868 
f 1738//831 1771//868 1770//867 
f 1737//830 1770//867 1769//866 
f 1736//829 1769//866 1768//865 
f 1735//828 1768//865 1767//864 
f 1734//827 1767//864 1766//863 
f 1733//826 1766//863 1765//862 
f 1732//825 1765//862 1764//861 
f 1731//824 1764//861 1763//860 
f 1730//823 1763//860 1762//859 
f 1727//820 1762//859 1761//858 
f 1760//857 1761//858 1759//856 
f 1758//855 1759//856 1757//854 
f 1756//853 1757//854 1755//852 
f 1754//851 1755//852 1753//850 
f 1725//818 1753//850 1752//849 
f 1723//816 1752//849 1751//846 
f 267//848 262//813 1721//812 
f 265//844 268//883 1750//845 
f 1720//811 1750//845 1749//842 
f 1719//808 1749//842 1748//841 
f 1747//840 1748//841 1745//838 
f 1744//837 1775//872 1743//836 
f 1742//835 1743//836 1741//834 
f 1740//833 1741//834 1739//832 
f 1717//806 1739//832 1738//831 
f 1716//805 1738//831 1737//830 
f 1715//804 1737//830 1736//829 
f 1714//803 1736//829 1735//828 
f 1713//802 1735//828 1734//827 
f 1712//801 1734//827 1733//826 
f 1711//800 1733//826 1732//825 
f 1710//799 1732//825 1731//824 
f 1709//798 1731//824 1730//823 
f 1729//822 1730//823 1727//820 
f 1726//819 1754//851 1725//818 
f 1724//817 1725//818 1723//816 
f 1722//815 1723//816 1721//812 
f 263//814 258//795 1707//794 
f 261//810 264//843 1720//811 
f 1706//793 1720//811 1719//808 
f 1718//807 1740//833 1717//806 
f 1704//789 1717//806 1716//805 
f 1703//788 1716//805 1715//804 
f 1702//787 1715//804 1714//803 
f 1701//786 1714//803 1713//802 
f 1700//785 1713//802 1712//801 
f 1699//784 1712//801 1711//800 
f 1698//783 1711//800 1710//799 
f 1697//782 1710//799 1709//798 
f 1708//797 1722//815 1707//794 
f 259//796 254//779 1695//778 
f 257//792 260//809 1706//793 
f 1694//777 1706//793 1705//790 
f 1691//772 1718//807 1704//789 
f 1690//771 1704//789 1703//788 
f 1689//770 1703//788 1702//787 
f 1688//769 1702//787 1701//786 
f 1686//767 1701//786 1700//785 
f 1684//765 1700//785 1699//784 
f 1682//763 1699//784 1698//783 
f 1680//761 1698//783 1697//782 
f 1678//759 1697//782 1696//781 
f 1675//756 1708//797 1695//778 
f 255//780 250//754 1674//753 
f 253//776 256//791 1694//777 
f 1673//752 1694//777 1693//774 
f 1672//749 1693//774 1692//773 
f 1665//742 1790//1337 1691//772 
f 1664//741 1691//772 1690//771 
f 1663//740 1690//771 1689//770 
f 1662//739 1689//770 1688//769 
f 1687//768 1688//769 1686//767 
f 1685//766 1686//767 1684//765 
f 1683//764 1684//765 1682//763 
f 1681//762 1682//763 1680//761 
f 1679//760 1680//761 1678//759 
f 1660//737 1678//759 1677//758 
f 1659//736 1677//758 1676//757 
f 1652//729 1788//1119 1675//756 
f 1651//728 1675//756 1674//753 
f 251//755 246//726 1650//725 
f 249//751 252//775 1673//752 
f 1649//724 1673//752 1672//749 
f 1648//721 1672//749 1671//748 
f 1647//720 1671//748 1670//747 
f 1646//719 1670//747 1669//746 
f 1645//718 1669//746 1668//745 
f 1644//717 1668//745 1667//744 
f 1643//716 1667//744 1666//743 
f 1642//715 1666//743 1665//742 
f 1641//714 1665//742 1664//741 
f 1640//713 1664//741 1663//740 
f 1639//712 1663//740 1662//739 
f 1661//738 1679//760 1660//737 
f 1636//709 1660//737 1659//736 
f 1635//708 1659//736 1658//735 
f 1634//707 1658//735 1657//734 
f 1633//706 1657//734 1656//733 
f 1632//705 1656//733 1655//732 
f 1631//704 1655//732 1654//731 
f 1630//703 1654//731 1653//730 
f 1629//702 1653//730 1652//729 
f 1628//701 1652//729 1651//728 
f 1627//700 1651//728 1650//725 
f 247//727 242//698 1626//697 
f 245//723 248//750 1649//724 
f 1625//696 1649//724 1648//721 
f 1624//693 1648//721 1647//720 
f 1622//691 1647//720 1646//719 
f 1620//689 1646//719 1645//718 
f 1618//687 1645//718 1644//717 
f 1617//686 1644//717 1643//716 
f 1616//685 1643//716 1642//715 
f 1615//684 1642//715 1641//714 
f 1614//683 1641//714 1640//713 
f 1613//682 1640//713 1639//712 
f 1612//681 1639//712 1638//711 
f 1637//710 1661//738 1636//709 
f 1610//679 1636//709 1635//708 
f 1609//678 1635//708 1634//707 
f 1608//677 1634//707 1633//706 
f 1607//676 1633//706 1632//705 
f 1606//675 1632//705 1631//704 
f 1605//674 1631//704 1630//703 
f 1604//673 1630//703 1629//702 
f 1603//672 1629//702 1628//701 
f 1602//671 1628//701 1627//700 
f 1600//669 1627//700 1626//697 
f 243//699 238//666 1598//665 
f 241//695 244//722 1625//696 
f 1597//664 1625//696 1624//693 
f 1623//692 1624//693 1622//691 
f 1621//690 1622//691 1620//689 
f 1619//688 1620//689 1618//687 
f 1595//660 1618//687 1617//686 
f 1593//658 1617//686 1616//685 
f 1592//657 1616//685 1615//684 
f 1591//656 1615//684 1614//683 
f 1590//655 1614//683 1613//682 
f 1589//654 1613//682 1612//681 
f 1588//653 1612//681 1611//680 
f 1585//650 1637//710 1610//679 
f 1584//649 1610//679 1609//678 
f 1583//648 1609//678 1608//677 
f 1582//647 1608//677 1607//676 
f 1581//646 1607//676 1606//675 
f 1580//645 1606//675 1605//674 
f 1579//644 1605//674 1604//673 
f 1578//643 1604//673 1603//672 
f 1576//641 1603//672 1602//671 
f 1601//670 1602//671 1600//669 
f 1599//668 1600//669 1598//665 
f 239//667 234//639 1575//638 
f 237//663 240//694 1597//664 
f 1596//661 1619//688 1595//660 
f 1594//659 1595//660 1593//658 
f 1572//633 1593//658 1592//657 
f 1571//632 1592//657 1591//656 
f 1570//631 1591//656 1590//655 
f 1569//630 1590//655 1589//654 
f 1568//629 1589//654 1588//653 
f 1567//628 1588//653 1587//652 
f 1566//627 1587//652 1586//651 
f 1562//623 1787//1040 1585//650 
f 1561//622 1585//650 1584//649 
f 1560//621 1584//649 1583//648 
f 1559//620 1583//648 1582//647 
f 1558//619 1582//647 1581//646 
f 1557//618 1581//646 1580//645 
f 1556//617 1580//645 1579//644 
f 1555//616 1579//644 1578//643 
f 1554//615 1578//643 1576//641 
f 235//640 230//613 1553//612 
f 233//636 236//662 1574//637 
f 1573//634 1594//659 1572//633 
f 1551//608 1572//633 1571//632 
f 1550//607 1571//632 1570//631 
f 1549//606 1570//631 1569//630 
f 1548//605 1569//630 1568//629 
f 1547//604 1568//629 1567//628 
f 1546//603 1567//628 1566//627 
f 1545//602 1566//627 1565//626 
f 1544//601 1565//626 1564//625 
f 1543//600 1564//625 1563//624 
f 1542//599 1563//624 1562//623 
f 1541//598 1562//623 1561//622 
f 1540//597 1561//622 1560//621 
f 1539//596 1560//621 1559//620 
f 1538//595 1559//620 1558//619 
f 1537//594 1558//619 1557//618 
f 1536//593 1557//618 1556//617 
f 1535//592 1556//617 1555//616 
f 1534//591 1555//616 1554//615 
f 231//614 226//588 1532//587 
f 229//610 232//635 1552//611 
f 1530//583 1573//634 1551//608 
f 1529//582 1551//608 1550//607 
f 1528//581 1550//607 1549//606 
f 1526//579 1549//606 1548//605 
f 1524//577 1548//605 1547//604 
f 1522//575 1547//604 1546//603 
f 1520//573 1546//603 1545//602 
f 1519//572 1545//602 1544//601 
f 1518//571 1544//601 1543//600 
f 1517//570 1543//600 1542//599 
f 1515//568 1542//599 1541//598 
f 1513//566 1541//598 1540//597 
f 1511//564 1540//597 1539//596 
f 1510//563 1539//596 1538//595 
f 1509//562 1538//595 1537//594 
f 1508//561 1537//594 1536//593 
f 1506//559 1536//593 1535//592 
f 1504//557 1535//592 1534//591 
f 1502//555 1534//591 1533//590 
f 227//589 222//550 1498//549 
f 225//585 228//609 1531//586 
f 1494//543 1789//1309 1530//583 
f 1493//542 1530//583 1529//582 
f 1492//541 1529//582 1528//581 
f 1527//580 1528//581 1526//579 
f 1525//578 1526//579 1524//577 
f 1523//576 1524//577 1522//575 
f 1521//574 1522//575 1520//573 
f 1490//539 1520//573 1519//572 
f 1489//538 1519//572 1518//571 
f 1488//537 1518//571 1517//570 
f 1516//569 1517//570 1515//568 
f 1514//567 1515//568 1513//566 
f 1512//565 1513//566 1511//564 
f 1486//535 1511//564 1510//563 
f 1485//534 1510//563 1509//562 
f 1484//533 1509//562 1508//561 
f 1507//560 1508//561 1506//559 
f 1505//558 1506//559 1504//557 
f 1503//556 1504//557 1502//555 
f 1501//554 1502//555 1500//553 
f 1482//531 1500//553 1499//552 
f 223//551 218//526 1478//525 
f 221//547 224//584 1497//548 
f 1477//524 1497//548 1496//545 
f 1476//521 1496//545 1495//544 
f 1475//520 1495//544 1494//543 
f 1474//519 1494//543 1493//542 
f 1473//518 1493//542 1492//541 
f 1491//540 1521//574 1490//539 
f 1470//515 1490//539 1489//538 
f 1469//514 1489//538 1488//537 
f 1487//536 1512//565 1486//535 
f 1466//511 1486//535 1485//534 
f 1465//510 1485//534 1484//533 
f 1483//532 1501//554 1482//531 
f 1462//507 1482//531 1481//530 
f 1461//506 1481//530 1480//529 
f 1460//505 1480//529 1479//528 
f 1459//504 1479//528 1478//525 
f 219//527 214//502 1458//501 
f 217//523 220//546 1477//524 
f 1457//500 1477//524 1476//521 
f 1456//497 1476//521 1475//520 
f 1454//495 1475//520 1474//519 
f 1452//493 1474//519 1473//518 
f 1450//491 1473//518 1472//517 
f 1471//516 1491//540 1470//515 
f 1448//489 1470//515 1469//514 
f 1447//488 1469//514 1468//513 
f 1467//512 1487//536 1466//511 
f 1445//486 1466//511 1465//510 
f 1444//485 1465//510 1464//509 
f 1463//508 1483//532 1462//507 
f 1442//483 1462//507 1461//506 
f 1441//482 1461//506 1460//505 
f 1440//481 1460//505 1459//504 
f 1438//479 1459//504 1458//501 
f 215//503 210//476 1436//475 
f 213//499 216//522 1457//500 
f 1435//474 1457//500 1456//497 
f 1455//496 1456//497 1454//495 
f 1453//494 1454//495 1452//493 
f 1451//492 1452//493 1450//491 
f 1433//470 1450//491 1449//490 
f 1427//464 1471//516 1448//489 
f 1426//463 1448//489 1447//488 
f 1425//462 1447//488 1446//487 
f 1421//458 1467//512 1445//486 
f 1420//457 1445//486 1444//485 
f 1419//456 1444//485 1443//484 
f 1414//451 1463//508 1442//483 
f 1413//450 1442//483 1441//482 
f 1411//448 1441//482 1440//481 
f 1439//480 1440//481 1438//479 
f 1437//478 1438//479 1436//475 
f 211//477 206//446 1410//445 
f 209//473 212//498 1435//474 
f 1434//471 1451//492 1433//470 
f 1432//469 1433//470 1431//468 
f 1407//440 1431//468 1430//467 
f 1406//439 1430//467 1429//466 
f 1405//438 1429//466 1428//465 
f 1404//437 1428//465 1427//464 
f 1403//436 1427//464 1426//463 
f 1402//435 1426//463 1425//462 
f 1401//434 1425//462 1424//461 
f 1400//433 1424//461 1423//460 
f 1399//432 1423//460 1422//459 
f 1398//431 1422//459 1421//458 
f 1397//430 1421//458 1420//457 
f 1396//429 1420//457 1419//456 
f 1395//428 1419//456 1418//455 
f 1394//427 1418//455 1417//454 
f 1393//426 1417//454 1416//453 
f 1392//425 1416//453 1415//452 
f 1391//424 1415//452 1414//451 
f 1390//423 1414//451 1413//450 
f 1389//422 1413//450 1411//448 
f 207//447 202//420 1388//419 
f 205//444 208//472 1409//442 
f 1408//441 1432//469 1407//440 
f 1386//415 1407//440 1406//439 
f 1385//414 1406//439 1405//438 
f 1384//413 1405//438 1404//437 
f 1383//412 1404//437 1403//436 
f 1382//411 1403//436 1402//435 
f 1381//410 1402//435 1401//434 
f 1380//409 1401//434 1400//433 
f 1379//408 1400//433 1399//432 
f 1378//407 1399//432 1398//431 
f 1376//405 1398//431 1397//430 
f 1374//403 1397//430 1396//429 
f 1372//401 1396//429 1395//428 
f 1371//400 1395//428 1394//427 
f 1370//399 1394//427 1393//426 
f 1369//398 1393//426 1392//425 
f 1368//397 1392//425 1391//424 
f 1367//396 1391//424 1390//423 
f 1366//395 1390//423 1389//422 
f 203//421 198//392 1364//391 
f 201//418 204//443 1387//416 
f 1362//387 1408//441 1386//415 
f 1361//386 1386//415 1385//414 
f 1360//385 1385//414 1384//413 
f 1359//384 1384//413 1383//412 
f 1358//383 1383//412 1382//411 
f 1357//382 1382//411 1381//410 
f 1356//381 1381//410 1380//409 
f 1355//380 1380//409 1379//408 
f 1353//378 1379//408 1378//407 
f 1377//406 1378//407 1376//405 
f 1375//404 1376//405 1374//403 
f 1373//402 1374//403 1372//401 
f 1351//376 1372//401 1371//400 
f 1349//374 1371//400 1370//399 
f 1348//373 1370//399 1369//398 
f 1347//372 1369//398 1368//397 
f 1346//371 1368//397 1367//396 
f 1345//370 1367//396 1366//395 
f 1344//369 1366//395 1365//394 
f 199//393 195//366 1341//365 
f 197//390 200//417 1363//388 
f 1337//357 1791//1463 1362//387 
f 1336//356 1362//387 1361//386 
f 1335//355 1361//386 1360//385 
f 1334//354 1360//385 1359//384 
f 1333//353 1359//384 1358//383 
f 1332//352 1358//383 1357//382 
f 1331//351 1357//382 1356//381 
f 1330//350 1356//381 1355//380 
f 1329//349 1355//380 1353//378 
f 1352//377 1373//402 1351//376 
f 1350//375 1351//376 1349//374 
f 1327//347 1349//374 1348//373 
f 1326//346 1348//373 1347//372 
f 1325//345 1347//372 1346//371 
f 1324//344 1346//371 1345//370 
f 1323//343 1345//370 1344//369 
f 1322//342 1344//369 1343//368 
f 1321//341 1343//368 1342//367 
f 194//364 189//336 1317//335 
f 192//362 196//389 1340//360 
f 1316//332 1340//360 1339//359 
f 1315//331 1339//359 1338//358 
f 1314//330 1338//358 1337//357 
f 1313//329 1337//357 1336//356 
f 1312//328 1336//356 1335//355 
f 1311//327 1335//355 1334//354 
f 1310//326 1334//354 1333//353 
f 1309//325 1333//353 1332//352 
f 1308//324 1332//352 1331//351 
f 1307//323 1331//351 1330//350 
f 1306//322 1330//350 1329//349 
f 1328//348 1350//375 1327//347 
f 1303//319 1327//347 1326//346 
f 1302//318 1326//346 1325//345 
f 1301//317 1325//345 1324//344 
f 1300//316 1324//344 1323//343 
f 1299//315 1323//343 1322//342 
f 1298//314 1322//342 1321//341 
f 1297//313 1321//341 1320//340 
f 1296//312 1320//340 1319//339 
f 1295//311 1319//339 1318//338 
f 1294//310 1318//338 1317//335 
f 190//337 185//308 1293//307 
f 188//334 191//361 1316//332 
f 1292//304 1316//332 1315//331 
f 1291//303 1315//331 1314//330 
f 1290//302 1314//330 1313//329 
f 1289//301 1313//329 1312//328 
f 1287//299 1312//328 1311//327 
f 1285//297 1311//327 1310//326 
f 1283//295 1310//326 1309//325 
f 1281//293 1309//325 1308//324 
f 1279//291 1308//324 1307//323 
f 1277//289 1307//323 1306//322 
f 1276//288 1306//322 1305//321 
f 1304//320 1328//348 1303//319 
f 1274//286 1303//319 1302//318 
f 1273//285 1302//318 1301//317 
f 1272//284 1301//317 1300//316 
f 1271//283 1300//316 1299//315 
f 1269//281 1299//315 1298//314 
f 1267//279 1298//314 1297//313 
f 1265//277 1297//313 1296//312 
f 1263//275 1296//312 1295//311 
f 1261//273 1295//311 1294//310 
f 1259//271 1294//310 1293//307 
f 186//309 181//269 1258//268 
f 184//306 187//333 1292//304 
f 1257//265 1292//304 1291//303 
f 1256//264 1291//303 1290//302 
f 1254//262 1290//302 1289//301 
f 1288//300 1289//301 1287//299 
f 1286//298 1287//299 1285//297 
f 1284//296 1285//297 1283//295 
f 1282//294 1283//295 1281//293 
f 1280//292 1281//293 1279//291 
f 1278//290 1279//291 1277//289 
f 1252//260 1277//289 1276//288 
f 1250//258 1276//288 1275//287 
f 1244//252 1304//320 1274//286 
f 1243//251 1274//286 1273//285 
f 1242//250 1273//285 1272//284 
f 1240//248 1272//284 1271//283 
f 1270//282 1271//283 1269//281 
f 1268//280 1269//281 1267//279 
f 1266//278 1267//279 1265//277 
f 1264//276 1265//277 1263//275 
f 1262//274 1263//275 1261//273 
f 1260//272 1261//273 1259//271 
f 1238//246 1259//271 1258//268 
f 182//270 177//243 1236//242 
f 180//267 183//305 1257//265 
f 1235//239 1257//265 1256//264 
f 1234//238 1256//264 1254//262 
f 1253//261 1278//290 1252//260 
f 1251//259 1252//260 1250//258 
f 1232//236 1250//258 1249//257 
f 1231//235 1249//257 1248//256 
f 1230//234 1248//256 1247//255 
f 1229//233 1247//255 1246//254 
f 1228//232 1246//254 1245//253 
f 1227//231 1245//253 1244//252 
f 1226//230 1244//252 1243//251 
f 1225//229 1243//251 1242//250 
f 1224//228 1242//250 1240//248 
f 1239//247 1260//272 1238//246 
f 1237//245 1238//246 1236//242 
f 178//244 173//225 1222//224 
f 176//241 179//266 1235//239 
f 1221//221 1235//239 1234//238 
f 1233//237 1251//259 1232//236 
f 1219//219 1232//236 1231//235 
f 1218//218 1231//235 1230//234 
f 1217//217 1230//234 1229//233 
f 1216//216 1229//233 1228//232 
f 1215//215 1228//232 1227//231 
f 1214//214 1227//231 1226//230 
f 1213//213 1226//230 1225//229 
f 1212//212 1225//229 1224//228 
f 1223//227 1237//245 1222//224 
f 174//226 169//209 1210//208 
f 172//223 175//240 1221//221 
f 1209//205 1221//221 1220//220 
f 1204//200 1233//237 1219//219 
f 1203//199 1219//219 1218//218 
f 1202//198 1218//218 1217//217 
f 1201//197 1217//217 1216//216 
f 1200//196 1216//216 1215//215 
f 1199//195 1215//215 1214//214 
f 1198//194 1214//214 1213//213 
f 1197//193 1213//213 1212//212 
f 1196//192 1212//212 1211//211 
f 1191//187 1223//227 1210//208 
f 170//210 165//185 1190//184 
f 168//207 171//222 1209//205 
f 1189//183 1209//205 1208//204 
f 1188//180 1208//204 1207//203 
f 1186//178 1207//203 1206//202 
f 1176//168 1792//1550 1205//201 
f 1174//166 1205//201 1204//200 
f 1172//164 1204//200 1203//199 
f 1170//162 1203//199 1202//198 
f 1168//160 1202//198 1201//197 
f 1166//158 1201//197 1200//196 
f 1164//156 1200//196 1199//195 
f 1162//154 1199//195 1198//194 
f 1160//152 1198//194 1197//193 
f 1158//150 1197//193 1196//192 
f 1156//148 1196//192 1195//191 
f 1154//146 1195//191 1194//190 
f 1152//144 1194//190 1193//189 
f 1142//134 1793//1657 1192//188 
f 1140//132 1192//188 1191//187 
f 1138//130 1191//187 1190//184 
f 166//186 161//127 1136//126 
f 164//182 167//206 1189//183 
f 1135//119 1189//183 1188//180 
f 1187//179 1188//180 1186//178 
f 1185//177 1186//178 1184//176 
f 1183//175 1184//176 1182//174 
f 1181//173 1182//174 1180//172 
f 1179//171 1180//172 1178//170 
f 1177//169 1178//170 1176//168 
f 1175//167 1176//168 1174//166 
f 1173//165 1174//166 1172//164 
f 1171//163 1172//164 1170//162 
f 1169//161 1170//162 1168//160 
f 1167//159 1168//160 1166//158 
f 1165//157 1166//158 1164//156 
f 1163//155 1164//156 1162//154 
f 1161//153 1162//154 1160//152 
f 1159//151 1160//152 1158//150 
f 1157//149 1158//150 1156//148 
f 1155//147 1156//148 1154//146 
f 1153//145 1154//146 1152//144 
f 1151//143 1152//144 1150//142 
f 1149//141 1150//142 1148//140 
f 1147//139 1148//140 1146//138 
f 1145//137 1146//138 1144//136 
f 1143//135 1144//136 1142//134 
f 1141//133 1142//134 1140//132 
f 1139//131 1140//132 1138//130 
f 1137//129 1138//130 1136//126 
f 162//128 153//117 1134//116 
f 160//125 163//181 1135//119 
f 1135//119 1187//179 155//1834 
f 1187//179 1185//177 155//1834 
f 1185//177 1183//175 155//1834 
f 1183//175 1181//173 155//1834 
f 1181//173 1179//171 155//1834 
f 1179//171 1177//169 155//1834 
f 1177//169 1175//167 155//1834 
f 1175//167 1173//165 155//1834 
f 1173//165 1171//163 155//1834 
f 1171//163 1169//161 155//1834 
f 1169//161 1167//159 155//1834 
f 1167//159 1165//157 155//1834 
f 1165//157 1163//155 155//1834 
f 1163//155 1161//153 155//1834 
f 1161//153 1159//151 155//1834 
f 1159//151 1157//149 155//1834 
f 1157//149 1155//147 155//1834 
f 1155//147 1153//145 155//1834 
f 1153//145 1151//143 155//1834 
f 1151//143 1149//141 155//1834 
f 1149//141 1147//139 155//1834 
f 1147//139 1145//137 155//1834 
f 1145//137 1143//135 155//1834 
f 1143//135 1141//133 155//1834 
f 1141//133 1139//131 155//1834 
f 1139//131 1137//129 155//1834 
f 1137//129 1134//116 155//1834 
f 154//118 155//1834 1134//116 
o mesh2
f 647//1835 649//1836 1794//1837 
f 1795//1838 1794//1837 649//1836 
f 649//1836 641//1838 1795//1838 
f 1796//1839 1795//1838 641//1838 
f 1797//1840 1796//1839 638//1839 
f 1798//1841 1797//1840 639//1840 
f 1799//1842 1798//1841 640//1841 
f 1800//1843 1799//1842 642//1842 
f 1800//1843 643//1843 644//1844 
f 637//1845 1801//1846 1802//1847 
f 1802//1847 644//1844 637//1845 
f 637//1845 1803//1848 1801//1846 
f 1804//1849 1803//1848 630//1850 
f 1803//1848 637//1845 630//1850 
f 1805//1851 1804//1849 629//1852 
f 1806//1853 1805//1851 634//1854 
f 1807//1855 1806//1853 633//1856 
f 1808//1857 1807//1855 632//1858 
f 1809//1859 1808//1857 631//1860 
f 635//1859 636//1861 1810//1862 
f 1811//1863 1810//1862 636//1861 
f 636//1861 696//1863 1811//1863 
f 694//1864 1812//1864 1811//1863 
f 1812//1864 694//1864 693//1865 
f 693//1865 1813//1865 1812//1864 
f 1814//1866 1813//1865 693//1865 
f 1815//1867 1814//1866 695//1866 
f 1816//1868 1815//1867 697//1867 
f 1816//1868 698//1868 699//1869 
f 699//1869 1817//1870 1816//1868 
f 692//1870 691//1871 1818//1872 
f 691//1871 1819//1871 1818//1872 
f 1818//1872 1820//1873 692//1870 
f 1821//1874 1819//1871 684//1875 
f 1819//1871 691//1871 684//1875 
f 1822//1876 1821//1874 683//1877 
f 1823//1878 1822//1876 689//1879 
f 1824//1880 1823//1878 688//1881 
f 1825//1882 1824//1880 686//1883 
f 1826//1884 1825//1882 685//1885 
f 1826//1884 687//1884 690//1886 
f 681//1887 1827//1887 1828//1888 
f 1828//1888 690//1886 681//1887 
f 1829//1889 1827//1887 681//1887 
f 1830//1890 1829//1889 679//1889 
f 1831//1891 1830//1890 677//1890 
f 1832//1892 1831//1891 678//1891 
f 1833//1893 1832//1892 680//1892 
f 682//1893 673//1894 1834//1895 
f 1835//1896 1834//1895 673//1894 
f 673//1894 672//1896 1835//1896 
f 1836//1897 1835//1896 672//1896 
f 1837//1898 1836//1897 676//1897 
f 1837//1898 675//1898 674//1899 
f 674//1899 1838//1900 1837//1898 
f 670//1901 1839//1901 1840//1902 
f 1840//1902 671//1903 670//1901 
f 1841//1904 1839//1901 670//1901 
f 1842//1905 1841//1904 669//1904 
f 1843//1906 1842//1905 667//1905 
f 1844//1907 1843//1906 665//1906 
f 1845//1908 1844//1907 664//1907 
f 1845//1908 666//1908 668//1909 
f 663//1910 1846//1910 1847//1911 
f 1847//1911 668//1909 663//1910 
f 1848//1912 1846//1910 663//1910 
f 1849//1913 1848//1912 661//1912 
f 1850//1914 1849//1913 657//1913 
f 1851//1915 1850//1914 659//1914 
f 1852//1916 1851//1915 658//1915 
f 1853//1917 1852//1916 660//1916 
f 662//1917 653//1918 1854//1919 
f 1855//1920 1854//1919 653//1918 
f 653//1918 652//1920 1855//1920 
f 1856//1921 1855//1920 652//1920 
f 1857//1922 1856//1921 656//1921 
f 1857//1922 655//1922 654//1923 
f 654//1923 1858//1924 1857//1922 
f 650//1925 1859//1925 1860//1926 
f 1860//1926 651//1927 650//1925 
f 1861//1928 1859//1925 650//1925 
f 1862//1929 1861//1928 648//1928 
f 1863//1930 1862//1929 646//1929 
f 1864//1931 1863//1930 645//1930 
f 645//1930 647//1835 1864//1931 
f 646//1929 645//1930 1863//1930 
f 648//1928 646//1929 1862//1929 
f 650//1925 648//1928 1861//1928 
f 1860//1926 1858//1924 651//1927 
f 654//1923 651//1927 1858//1924 
f 656//1921 655//1922 1857//1922 
f 652//1920 656//1921 1856//1921 
f 1854//1919 1853//1917 662//1917 
f 660//1916 662//1917 1853//1917 
f 658//1915 660//1916 1852//1916 
f 659//1914 658//1915 1851//1915 
f 657//1913 659//1914 1850//1914 
f 661//1912 657//1913 1849//1913 
f 663//1910 661//1912 1848//1912 
f 668//1909 1847//1911 1845//1908 
f 664//1907 666//1908 1845//1908 
f 665//1906 664//1907 1844//1907 
f 667//1905 665//1906 1843//1906 
f 669//1904 667//1905 1842//1905 
f 670//1901 669//1904 1841//1904 
f 1840//1902 1838//1900 671//1903 
f 674//1899 671//1903 1838//1900 
f 676//1897 675//1898 1837//1898 
f 672//1896 676//1897 1836//1897 
f 1834//1895 1833//1893 682//1893 
f 680//1892 682//1893 1833//1893 
f 678//1891 680//1892 1832//1892 
f 677//1890 678//1891 1831//1891 
f 679//1889 677//1890 1830//1890 
f 681//1887 679//1889 1829//1889 
f 690//1886 1828//1888 1826//1884 
f 685//1885 687//1884 1826//1884 
f 686//1883 685//1885 1825//1882 
f 688//1881 686//1883 1824//1880 
f 689//1879 688//1881 1823//1878 
f 683//1877 689//1879 1822//1876 
f 684//1875 683//1877 1821//1874 
f 1820//1873 1817//1870 692//1870 
f 699//1869 692//1870 1817//1870 
f 697//1867 698//1868 1816//1868 
f 695//1866 697//1867 1815//1867 
f 693//1865 695//1866 1814//1866 
f 1811//1863 696//1863 694//1864 
f 1810//1862 1809//1859 635//1859 
f 631//1860 635//1859 1809//1859 
f 632//1858 631//1860 1808//1857 
f 633//1856 632//1858 1807//1855 
f 634//1854 633//1856 1806//1853 
f 629//1852 634//1854 1805//1851 
f 630//1850 629//1852 1804//1849 
f 644//1844 1802//1847 1800//1843 
f 642//1842 643//1843 1800//1843 
f 640//1841 642//1842 1799//1842 
f 639//1840 640//1841 1798//1841 
f 638//1839 639//1840 1797//1840 
f 641//1838 638//1839 1796//1839 
f 1794//1837 1864//1931 647//1835 
o mesh3
f 1865//1932 1866//1933 800//1933 
f 1867//1934 1865//1932 799//1935 
f 801//1934 803//1936 1868//1937 
f 1869//1938 1868//1937 803//1936 
f 803//1936 798//1938 1869//1938 
f 1870//1939 1869//1938 798//1938 
f 1871//1940 1870//1939 793//1939 
f 1872//1941 1871//1940 792//1940 
f 1873//1942 1872//1941 794//1941 
f 1874//1943 1873//1942 795//1942 
f 1874//1943 796//1943 797//1944 
f 797//1944 1875//1945 1874//1943 
f 790//1946 1876//1947 1877//1948 
f 1877//1948 791//1949 790//1946 
f 790//1946 1878//1950 1876//1947 
f 1879//1951 1878//1950 784//1952 
f 1878//1950 790//1946 784//1952 
f 1880//1953 1879//1951 783//1954 
f 1881//1955 1880//1953 788//1956 
f 1882//1957 1881//1955 787//1958 
f 1883//1959 1882//1957 786//1960 
f 1883//1959 785//1959 789//1961 
f 782//1962 1884//1962 1885//1963 
f 1885//1963 789//1961 782//1962 
f 1886//1964 1884//1962 782//1962 
f 1887//1965 1886//1964 781//1964 
f 1888//1966 1887//1965 776//1965 
f 1889//1967 1888//1966 777//1966 
f 1890//1968 1889//1967 778//1967 
f 1890//1968 779//1968 780//1969 
f 780//1969 1891//1970 1890//1968 
f 775//1970 774//1971 1892//1972 
f 1893//1973 1892//1972 774//1971 
f 774//1971 767//1973 1893//1973 
f 1892//1972 1894//1974 775//1970 
f 1895//1975 1893//1973 767//1973 
f 1896//1976 1895//1975 773//1975 
f 1897//1977 1896//1976 772//1976 
f 1898//1978 1897//1977 770//1977 
f 1899//1979 1898//1978 769//1978 
f 1899//1979 768//1979 771//1980 
f 835//1981 1900//1981 1901//1982 
f 1901//1982 771//1980 835//1981 
f 1902//1983 1900//1981 835//1981 
f 1903//1984 1902//1983 833//1983 
f 1904//1985 1903//1984 831//1984 
f 1905//1986 1904//1985 832//1985 
f 834//1986 836//1987 1906//1988 
f 836//1987 1907//1987 1906//1988 
f 1908//1989 1907//1987 827//1990 
f 1907//1987 836//1987 827//1990 
f 1909//1991 1908//1989 826//1992 
f 1910//1993 1909//1991 828//1994 
f 1910//1993 829//1993 830//1995 
f 824//1996 1911//1996 1912//1997 
f 1912//1997 830//1995 824//1996 
f 1913//1998 1911//1996 824//1996 
f 1914//1999 1913//1998 823//1998 
f 1915//2000 1914//1999 821//1999 
f 1916//2001 1915//2000 819//2000 
f 1917//2002 1916//2001 818//2001 
f 1918//2003 1917//2002 820//2002 
f 822//2003 825//2004 1919//2005 
f 1920//2006 1919//2005 825//2004 
f 825//2004 815//2006 1920//2006 
f 1921//2007 1920//2006 815//2006 
f 1922//2008 1921//2007 811//2007 
f 1923//2009 1922//2008 813//2008 
f 1924//2010 1923//2009 812//2009 
f 1925//2011 1924//2010 814//2010 
f 816//2011 817//2012 1926//2013 
f 817//2012 1927//2012 1926//2013 
f 1928//2014 1927//2012 807//2015 
f 1927//2012 817//2012 807//2015 
f 1929//2016 1928//2014 806//2017 
f 1930//2018 1929//2016 808//2019 
f 1930//2018 809//2018 810//2020 
f 805//2021 1931//2021 1932//2022 
f 1932//2022 810//2020 805//2021 
f 1933//2023 1931//2021 805//2021 
f 1934//2024 1933//2023 804//2023 
f 1866//1933 1934//2024 802//2024 
f 802//2024 800//1933 1866//1933 
f 804//2023 802//2024 1934//2024 
f 805//2021 804//2023 1933//2023 
f 810//2020 1932//2022 1930//2018 
f 808//2019 809//2018 1930//2018 
f 806//2017 808//2019 1929//2016 
f 807//2015 806//2017 1928//2014 
f 1926//2013 1925//2011 816//2011 
f 814//2010 816//2011 1925//2011 
f 812//2009 814//2010 1924//2010 
f 813//2008 812//2009 1923//2009 
f 811//2007 813//2008 1922//2008 
f 815//2006 811//2007 1921//2007 
f 1919//2005 1918//2003 822//2003 
f 820//2002 822//2003 1918//2003 
f 818//2001 820//2002 1917//2002 
f 819//2000 818//2001 1916//2001 
f 821//1999 819//2000 1915//2000 
f 823//1998 821//1999 1914//1999 
f 824//1996 823//1998 1913//1998 
f 830//1995 1912//1997 1910//1993 
f 828//1994 829//1993 1910//1993 
f 826//1992 828//1994 1909//1991 
f 827//1990 826//1992 1908//1989 
f 1906//1988 1905//1986 834//1986 
f 832//1985 834//1986 1905//1986 
f 831//1984 832//1985 1904//1985 
f 833//1983 831//1984 1903//1984 
f 835//1981 833//1983 1902//1983 
f 771//1980 1901//1982 1899//1979 
f 769//1978 768//1979 1899//1979 
f 770//1977 769//1978 1898//1978 
f 772//1976 770//1977 1897//1977 
f 773//1975 772//1976 1896//1976 
f 767//1973 773//1975 1895//1975 
f 1894//1974 1891//1970 775//1970 
f 780//1969 775//1970 1891//1970 
f 778//1967 779//1968 1890//1968 
f 777//1966 778//1967 1889//1967 
f 776//1965 777//1966 1888//1966 
f 781//1964 776//1965 1887//1965 
f 782//1962 781//1964 1886//1964 
f 789//1961 1885//1963 1883//1959 
f 786//1960 785//1959 1883//1959 
f 787//1958 786//1960 1882//1957 
f 788//1956 787//1958 1881//1955 
f 783//1954 788//1956 1880//1953 
f 784//1952 783//1954 1879//1951 
f 1877//1948 1875//1945 791//1949 
f 797//1944 791//1949 1875//1945 
f 795//1942 796//1943 1874//1943 
f 794//1941 795//1942 1873//1942 
f 792//1940 794//1941 1872//1941 
f 793//1939 792//1940 1871//1940 
f 798//1938 793//1939 1870//1939 
f 1868//1937 1867//1934 801//1934 
f 799//1935 801//1934 1867//1934 
f 800//1933 799//1935 1865//1932 
o mesh4
f 1935//2025 1936//2026 891//2026 
f 1937//2027 1935//2025 890//2028 
f 888//2029 1938//2029 1939//2030 
f 1937//2027 889//2031 892//2032 
f 892//2032 1939//2030 1937//2027 
f 1940//2033 1938//2029 888//2029 
f 1941//2034 1940//2033 886//2033 
f 1942//2035 1941//2034 885//2034 
f 1943//2036 1942//2035 887//2035 
f 1944//2037 1943//2036 882//2036 
f 1945//2038 1944//2037 881//2037 
f 883//2038 884//2039 1946//2040 
f 884//2039 1947//2041 1946//2040 
f 1946//2040 1945//2038 883//2038 
f 1948//2042 1947//2041 877//2041 
f 1949//2043 1948//2042 876//2042 
f 1950//2044 1949//2043 878//2043 
f 879//2044 880//2045 1951//2046 
f 880//2045 1952//2045 1951//2046 
f 1953//2047 1952//2045 873//2048 
f 1952//2045 880//2045 873//2048 
f 1954//2049 1953//2047 872//2050 
f 1954//2049 874//2049 875//2051 
f 875//2051 1955//2052 1954//2049 
f 869//2053 1956//2053 1957//2054 
f 1957//2054 871//2055 869//2053 
f 1958//2056 1956//2053 869//2053 
f 870//2057 1959//2057 1960//2058 
f 1960//2058 868//2059 870//2057 
f 1959//2057 870//2057 864//2060 
f 864//2060 1961//2061 1959//2057 
f 1962//2062 1961//2061 863//2061 
f 1963//2063 1962//2062 865//2062 
f 1964//2064 1965//2065 867//2066 
f 866//2067 867//2066 1965//2065 
f 1965//2065 1963//2063 866//2067 
f 1966//2068 1964//2064 861//2069 
f 1964//2064 862//2070 861//2069 
f 1967//2071 1966//2068 860//2072 
f 858//2073 1968//2073 1969//2074 
f 1969//2074 859//2075 858//2073 
f 1970//2076 1968//2073 858//2073 
f 1971//2077 1970//2076 857//2076 
f 1972//2078 1971//2077 855//2079 
f 854//2080 1973//2080 1972//2078 
f 1971//2077 856//2081 855//2079 
f 854//2080 853//2082 1974//2083 
f 853//2082 1975//2082 1974//2083 
f 1975//2082 853//2082 852//2084 
f 852//2084 1976//2085 1975//2082 
f 852//2084 851//2086 1976//2085 
f 849//2087 1977//2087 1978//2088 
f 1978//2088 850//2089 849//2087 
f 1979//2090 1977//2087 849//2087 
f 1980//2091 1979//2090 848//2090 
f 847//2091 845//2092 1981//2093 
f 845//2092 1982//2094 1981//2093 
f 1981//2093 1980//2091 847//2091 
f 1982//2094 844//2094 846//2095 
f 846//2095 1983//2096 1982//2094 
f 843//2096 842//2097 1984//2098 
f 842//2097 1985//2097 1986//2099 
f 1986//2099 1984//2098 842//2097 
f 1987//2100 1985//2097 838//2101 
f 1985//2097 842//2097 838//2101 
f 1988//2102 1987//2100 837//2103 
f 839//2102 840//2104 1989//2105 
f 840//2104 1990//2104 1989//2105 
f 1990//2104 840//2104 841//2106 
f 841//2106 1991//2107 1990//2104 
f 1992//2108 1991//2107 907//2107 
f 1993//2109 1992//2108 911//2108 
f 1993//2109 909//2109 908//2110 
f 908//2110 1994//2110 1993//2109 
f 1995//2111 1994//2110 908//2110 
f 1995//2111 910//2111 912//2112 
f 912//2112 1996//2113 1997//2114 
f 912//2112 1997//2114 1995//2111 
f 1998//2115 1996//2113 906//2116 
f 1999//2117 1998//2115 901//2118 
f 2000//2119 1999//2117 900//2120 
f 2001//2121 2000//2119 902//2122 
f 2002//2123 2001//2121 903//2124 
f 894//2125 2003//2125 2004//2126 
f 905//2127 1132//2128 2005//2129 
f 1132//2128 2004//2126 2005//2129 
f 2005//2129 2002//2123 905//2127 
f 2002//2123 904//2130 905//2127 
f 2006//2131 2003//2125 894//2125 
f 2007//2132 2006//2131 899//2131 
f 2008//2133 2007//2132 898//2132 
f 2009//2134 2008//2133 897//2133 
f 893//2135 2010//2135 2011//2136 
f 2011//2136 895//2137 893//2135 
f 2009//2134 896//2138 895//2137 
f 1936//2026 2010//2135 893//2135 
f 893//2135 891//2026 1936//2026 
f 2011//2136 2009//2134 895//2137 
f 897//2133 896//2138 2009//2134 
f 898//2132 897//2133 2008//2133 
f 899//2131 898//2132 2007//2132 
f 894//2125 899//2131 2006//2131 
f 2004//2126 1132//2128 894//2125 
f 903//2124 904//2130 2002//2123 
f 902//2122 903//2124 2001//2121 
f 900//2120 902//2122 2000//2119 
f 901//2118 900//2120 1999//2117 
f 906//2116 901//2118 1998//2115 
f 912//2112 906//2116 1996//2113 
f 908//2110 910//2111 1995//2111 
f 911//2108 909//2109 1993//2109 
f 907//2107 911//2108 1992//2108 
f 841//2106 907//2107 1991//2107 
f 1989//2105 1988//2102 839//2102 
f 837//2103 839//2102 1988//2102 
f 838//2101 837//2103 1987//2100 
f 1984//2098 1983//2096 843//2096 
f 846//2095 843//2096 1983//2096 
f 845//2092 844//2094 1982//2094 
f 848//2090 847//2091 1980//2091 
f 849//2087 848//2090 1979//2090 
f 1978//2088 1976//2085 850//2089 
f 851//2086 850//2089 1976//2085 
f 1974//2083 1973//2080 854//2080 
f 855//2079 854//2080 1972//2078 
f 857//2076 856//2081 1971//2077 
f 858//2073 857//2076 1970//2076 
f 1969//2074 1967//2071 859//2075 
f 860//2072 859//2075 1967//2071 
f 861//2069 860//2072 1966//2068 
f 867//2066 862//2070 1964//2064 
f 865//2062 866//2067 1963//2063 
f 863//2061 865//2062 1962//2062 
f 864//2060 863//2061 1961//2061 
f 1960//2058 1958//2056 868//2059 
f 869//2053 868//2059 1958//2056 
f 1957//2054 1955//2052 871//2055 
f 875//2051 871//2055 1955//2052 
f 872//2050 874//2049 1954//2049 
f 873//2048 872//2050 1953//2047 
f 1951//2046 1950//2044 879//2044 
f 878//2043 879//2044 1950//2044 
f 876//2042 878//2043 1949//2043 
f 877//2041 876//2042 1948//2042 
f 884//2039 877//2041 1947//2041 
f 881//2037 883//2038 1945//2038 
f 882//2036 881//2037 1944//2037 
f 887//2035 882//2036 1943//2036 
f 885//2034 887//2035 1942//2035 
f 886//2033 885//2034 1941//2034 
f 888//2029 886//2033 1940//2033 
f 1939//2030 892//2032 888//2029 
f 890//2028 889//2031 1937//2027 
f 891//2026 890//2028 1935//2025 
o mesh5
f 2012//2139 2013//2140 942//2140 
f 2014//2141 2012//2139 944//2142 
f 945//2141 946//2143 2015//2144 
f 946//2143 2016//2143 2015//2144 
f 2017//2145 2016//2143 946//2143 
f 2017//2145 947//2145 939//2146 
f 939//2146 2018//2147 2017//2145 
f 2018//2147 940//2147 941//2148 
f 938//2149 2019//2149 2020//2150 
f 2020//2150 941//2148 938//2149 
f 2021//2151 2019//2149 938//2149 
f 2022//2152 2021//2151 936//2151 
f 2023//2153 2022//2152 937//2154 
f 2022//2152 935//2155 937//2154 
f 934//2156 933//2157 2024//2158 
f 933//2157 2025//2157 2024//2158 
f 2026//2159 2025//2157 933//2157 
f 932//2159 931//2160 2027//2161 
f 931//2160 2028//2160 2027//2161 
f 2029//2162 2028//2160 928//2163 
f 2028//2160 931//2160 928//2163 
f 2030//2164 2029//2162 927//2165 
f 2030//2164 930//2164 929//2166 
f 929//2166 2031//2167 2030//2164 
f 925//2168 2032//2168 2033//2169 
f 2033//2169 926//2170 925//2168 
f 2034//2171 2032//2168 925//2168 
f 2035//2172 2034//2171 923//2171 
f 2036//2173 2035//2172 922//2172 
f 920//2174 2037//2174 2038//2175 
f 2038//2175 924//2176 920//2174 
f 2036//2173 921//2177 924//2176 
f 2039//2178 2037//2174 920//2174 
f 2040//2179 2039//2178 918//2178 
f 2041//2180 2040//2179 917//2179 
f 2042//2181 2041//2180 919//2180 
f 2043//2182 2042//2181 915//2181 
f 2044//2183 2043//2182 913//2182 
f 2045//2184 2046//2185 916//2186 
f 914//2187 916//2186 2046//2185 
f 2046//2185 2044//2183 914//2187 
f 2047//2188 2045//2184 988//2189 
f 2048//2190 2047//2188 985//2191 
f 2049//2192 2048//2190 986//2193 
f 987//2192 979//2194 2050//2195 
f 979//2194 2051//2196 2050//2195 
f 2050//2195 2049//2192 987//2192 
f 2052//2197 2051//2196 978//2196 
f 2053//2198 2052//2197 980//2197 
f 2054//2199 2053//2198 981//2198 
f 2055//2200 2054//2199 982//2199 
f 971//2201 2056//2202 2057//2203 
f 2057//2203 984//2204 971//2201 
f 971//2201 970//2205 2056//2202 
f 983//2206 984//2204 2058//2207 
f 2058//2207 2055//2200 983//2206 
f 2059//2208 2056//2202 970//2205 
f 2060//2209 2059//2208 976//2208 
f 2061//2210 2060//2209 975//2209 
f 2062//2211 2061//2210 973//2210 
f 2063//2212 2062//2211 972//2211 
f 974//2212 977//2213 2064//2214 
f 2065//2215 2064//2214 977//2213 
f 977//2213 969//2215 2065//2215 
f 2066//2216 2065//2215 969//2215 
f 2067//2217 2066//2216 968//2216 
f 2068//2218 2067//2217 965//2217 
f 2069//2219 2068//2218 966//2220 
f 2068//2218 967//2221 966//2220 
f 963//2222 2070//2222 2071//2223 
f 2071//2223 964//2224 963//2222 
f 2072//2225 2070//2222 963//2222 
f 2072//2225 962//2225 961//2226 
f 961//2226 2073//2227 2072//2225 
f 959//2228 2074//2228 2075//2229 
f 2075//2229 960//2230 959//2228 
f 2075//2229 2076//2231 960//2230 
f 2077//2232 2074//2228 957//2233 
f 2074//2228 959//2228 957//2233 
f 2077//2232 956//2232 958//2234 
f 955//2235 2078//2235 2079//2236 
f 2079//2236 958//2234 955//2235 
f 2080//2237 2078//2235 955//2235 
f 2081//2238 2080//2237 953//2237 
f 952//2238 954//2239 2082//2240 
f 954//2239 2083//2239 2082//2240 
f 2084//2241 2083//2239 950//2242 
f 2083//2239 954//2239 951//2243 
f 951//2243 950//2242 2083//2239 
f 948//2244 2085//2244 2086//2245 
f 2086//2245 949//2246 948//2244 
f 2087//2247 948//2244 943//2248 
f 943//2248 2013//2140 2087//2247 
f 943//2248 942//2140 2013//2140 
f 2087//2247 2085//2244 948//2244 
f 2086//2245 2084//2241 949//2246 
f 950//2242 949//2246 2084//2241 
f 2082//2240 2081//2238 952//2238 
f 953//2237 952//2238 2081//2238 
f 955//2235 953//2237 2080//2237 
f 958//2234 2079//2236 2077//2232 
f 957//2233 956//2232 2077//2232 
f 2076//2231 2073//2227 960//2230 
f 961//2226 960//2230 2073//2227 
f 963//2222 962//2225 2072//2225 
f 2071//2223 2069//2219 964//2224 
f 966//2220 964//2224 2069//2219 
f 965//2217 967//2221 2068//2218 
f 968//2216 965//2217 2067//2217 
f 969//2215 968//2216 2066//2216 
f 2064//2214 2063//2212 974//2212 
f 972//2211 974//2212 2063//2212 
f 973//2210 972//2211 2062//2211 
f 975//2209 973//2210 2061//2210 
f 976//2208 975//2209 2060//2209 
f 970//2205 976//2208 2059//2208 
f 2057//2203 2058//2207 984//2204 
f 982//2199 983//2206 2055//2200 
f 981//2198 982//2199 2054//2199 
f 980//2197 981//2198 2053//2198 
f 978//2196 980//2197 2052//2197 
f 979//2194 978//2196 2051//2196 
f 986//2193 987//2192 2049//2192 
f 985//2191 986//2193 2048//2190 
f 988//2189 985//2191 2047//2188 
f 916//2186 988//2189 2045//2184 
f 913//2182 914//2187 2044//2183 
f 915//2181 913//2182 2043//2182 
f 919//2180 915//2181 2042//2181 
f 917//2179 919//2180 2041//2180 
f 918//2178 917//2179 2040//2179 
f 920//2174 918//2178 2039//2178 
f 2038//2175 2036//2173 924//2176 
f 922//2172 921//2177 2036//2173 
f 923//2171 922//2172 2035//2172 
f 925//2168 923//2171 2034//2171 
f 2033//2169 2031//2167 926//2170 
f 929//2166 926//2170 2031//2167 
f 927//2165 930//2164 2030//2164 
f 928//2163 927//2165 2029//2162 
f 2027//2161 2026//2159 932//2159 
f 933//2157 932//2159 2026//2159 
f 2024//2158 2023//2153 934//2156 
f 937//2154 934//2156 2023//2153 
f 936//2151 935//2155 2022//2152 
f 938//2149 936//2151 2021//2151 
f 941//2148 2020//2150 2018//2147 
f 939//2146 940//2147 2018//2147 
f 946//2143 947//2145 2017//2145 
f 2015//2144 2014//2141 945//2141 
f 944//2142 945//2141 2014//2141 
f 942//2140 944//2142 2012//2139 
o mesh6
f 2088//2249 2089//2250 1044//2251 
f 1042//2252 1044//2251 2089//2250 
f 2089//2250 2090//2252 1042//2252 
f 2091//2253 2088//2249 1036//2254 
f 2092//2255 2091//2253 1033//2256 
f 2093//2257 2092//2255 1034//2258 
f 2094//2259 2093//2257 1035//2260 
f 2095//2261 2094//2259 1037//2262 
f 1032//2263 2096//2264 2097//2265 
f 1032//2263 2098//2266 2096//2264 
f 2097//2265 1039//2267 1032//2263 
f 2095//2261 1038//2268 1039//2267 
f 2099//2269 2098//2266 1025//2270 
f 2098//2266 1032//2263 1025//2270 
f 2100//2271 2099//2269 1024//2272 
f 2101//2273 2100//2271 1029//2274 
f 2102//2275 2101//2273 1028//2276 
f 2103//2277 2102//2275 1027//2278 
f 2104//2279 2103//2277 1026//2280 
f 2105//2281 2106//2282 1031//2283 
f 1030//2284 1031//2283 2106//2282 
f 2106//2282 2104//2279 1030//2284 
f 2107//2285 2105//2281 1023//2286 
f 2108//2287 2107//2285 1018//2288 
f 2109//2289 2108//2287 1019//2290 
f 2110//2291 2109//2289 1020//2292 
f 2110//2291 1021//2291 1022//2293 
f 1022//2293 2111//2294 2110//2291 
f 1017//2294 1016//2295 2112//2296 
f 2112//2296 2113//2297 1017//2294 
f 1016//2295 2114//2298 2112//2296 
f 2115//2299 2114//2298 1009//2300 
f 2114//2298 1016//2295 1009//2300 
f 2116//2301 2115//2299 1008//2302 
f 2117//2303 2116//2301 1014//2304 
f 2118//2305 2117//2303 1013//2306 
f 2119//2307 2118//2305 1011//2308 
f 2120//2309 2119//2307 1010//2310 
f 1006//2311 2121//2311 2122//2312 
f 2120//2309 1012//2313 1015//2314 
f 1015//2314 2122//2312 2120//2309 
f 2123//2315 2121//2311 1006//2311 
f 2124//2316 2123//2315 1004//2315 
f 2125//2317 2124//2316 1002//2316 
f 2126//2318 2125//2317 1003//2317 
f 2127//2319 2126//2318 1005//2318 
f 2128//2320 2129//2321 998//2322 
f 1007//2323 998//2322 2129//2321 
f 2129//2321 2127//2319 1007//2323 
f 2130//2324 2128//2320 997//2325 
f 2131//2326 2130//2324 1001//2327 
f 2131//2326 1000//2326 999//2328 
f 999//2328 2132//2329 2131//2326 
f 995//2330 2133//2330 2134//2331 
f 2134//2331 996//2332 995//2330 
f 2135//2333 2133//2330 995//2330 
f 2136//2334 2135//2333 994//2333 
f 2137//2335 2136//2334 992//2334 
f 2138//2336 2137//2335 990//2335 
f 2139//2337 2138//2336 989//2336 
f 1055//2338 2140//2338 2141//2339 
f 2139//2337 991//2340 993//2341 
f 993//2341 2141//2339 2139//2337 
f 1053//2342 1052//2343 2142//2343 
f 2140//2338 1055//2338 1053//2342 
f 1053//2342 2143//2342 2140//2338 
f 2144//2344 2142//2343 1052//2343 
f 2145//2345 2144//2344 1054//2344 
f 2146//2346 2145//2345 1056//2345 
f 2147//2347 2146//2346 1057//2346 
f 2148//2348 2147//2347 1058//2347 
f 1059//2348 1048//2349 2149//2350 
f 1048//2349 2150//2351 2149//2350 
f 2149//2350 2148//2348 1059//2348 
f 2151//2352 2150//2351 1047//2351 
f 2152//2353 2151//2352 1051//2352 
f 2152//2353 1050//2353 1049//2354 
f 1049//2354 2153//2355 2152//2353 
f 1045//2356 2154//2356 2155//2357 
f 2155//2357 1046//2358 1045//2356 
f 2156//2359 2154//2356 1045//2356 
f 2157//2360 2156//2359 1043//2359 
f 2158//2361 2157//2360 1041//2360 
f 2090//2252 2158//2361 1040//2361 
f 1040//2361 1042//2252 2090//2252 
f 1041//2360 1040//2361 2158//2361 
f 1043//2359 1041//2360 2157//2360 
f 1045//2356 1043//2359 2156//2359 
f 2155//2357 2153//2355 1046//2358 
f 1049//2354 1046//2358 2153//2355 
f 1051//2352 1050//2353 2152//2353 
f 1047//2351 1051//2352 2151//2352 
f 1048//2349 1047//2351 2150//2351 
f 1058//2347 1059//2348 2148//2348 
f 1057//2346 1058//2347 2147//2347 
f 1056//2345 1057//2346 2146//2346 
f 1054//2344 1056//2345 2145//2345 
f 1052//2343 1054//2344 2144//2344 
f 2142//2343 2143//2342 1053//2342 
f 2141//2339 993//2341 1055//2338 
f 989//2336 991//2340 2139//2337 
f 990//2335 989//2336 2138//2336 
f 992//2334 990//2335 2137//2335 
f 994//2333 992//2334 2136//2334 
f 995//2330 994//2333 2135//2333 
f 2134//2331 2132//2329 996//2332 
f 999//2328 996//2332 2132//2329 
f 1001//2327 1000//2326 2131//2326 
f 997//2325 1001//2327 2130//2324 
f 998//2322 997//2325 2128//2320 
f 1005//2318 1007//2323 2127//2319 
f 1003//2317 1005//2318 2126//2318 
f 1002//2316 1003//2317 2125//2317 
f 1004//2315 1002//2316 2124//2316 
f 1006//2311 1004//2315 2123//2315 
f 2122//2312 1015//2314 1006//2311 
f 1010//2310 1012//2313 2120//2309 
f 1011//2308 1010//2310 2119//2307 
f 1013//2306 1011//2308 2118//2305 
f 1014//2304 1013//2306 2117//2303 
f 1008//2302 1014//2304 2116//2301 
f 1009//2300 1008//2302 2115//2299 
f 2113//2297 2111//2294 1017//2294 
f 1022//2293 1017//2294 2111//2294 
f 1020//2292 1021//2291 2110//2291 
f 1019//2290 1020//2292 2109//2289 
f 1018//2288 1019//2290 2108//2287 
f 1023//2286 1018//2288 2107//2285 
f 1031//2283 1023//2286 2105//2281 
f 1026//2280 1030//2284 2104//2279 
f 1027//2278 1026//2280 2103//2277 
f 1028//2276 1027//2278 2102//2275 
f 1029//2274 1028//2276 2101//2273 
f 1024//2272 1029//2274 2100//2271 
f 1025//2270 1024//2272 2099//2269 
f 2097//2265 2095//2261 1039//2267 
f 1037//2262 1038//2268 2095//2261 
f 1035//2260 1037//2262 2094//2259 
f 1034//2258 1035//2260 2093//2257 
f 1033//2256 1034//2258 2092//2255 
f 1036//2254 1033//2256 2091//2253 
f 1044//2251 1036//2254 2088//2249 
o mesh7
f 2159//2362 2160//2363 592//2363 
f 2161//2364 2159//2362 591//2365 
f 593//2364 595//2366 2162//2367 
f 2163//2368 2162//2367 595//2366 
f 595//2366 590//2368 2163//2368 
f 2164//2369 2163//2368 590//2368 
f 2165//2370 2164//2369 585//2369 
f 2166//2371 2165//2370 584//2370 
f 2167//2372 2166//2371 586//2371 
f 2168//2373 2167//2372 587//2372 
f 2168//2373 588//2373 589//2374 
f 589//2374 2169//2375 2168//2373 
f 582//2376 2170//2377 2171//2378 
f 2171//2378 583//2379 582//2376 
f 582//2376 2172//2380 2170//2377 
f 2173//2381 2172//2380 576//2382 
f 2172//2380 582//2376 576//2382 
f 2174//2383 2173//2381 575//2384 
f 2175//2385 2174//2383 580//2386 
f 2176//2387 2175//2385 579//2388 
f 2177//2389 2176//2387 578//2390 
f 2177//2389 577//2389 581//2391 
f 574//2392 2178//2392 2179//2393 
f 2179//2393 581//2391 574//2392 
f 2180//2394 2178//2392 574//2392 
f 2181//2395 2180//2394 573//2394 
f 2182//2396 2181//2395 568//2395 
f 2183//2397 2182//2396 569//2396 
f 2184//2398 2183//2397 570//2397 
f 2184//2398 571//2398 572//2399 
f 572//2399 2185//2400 2184//2398 
f 567//2400 566//2401 2186//2402 
f 566//2401 2187//2403 2186//2402 
f 2186//2402 2188//2404 567//2400 
f 566//2401 559//2403 2187//2403 
f 2189//2405 2187//2403 559//2403 
f 2190//2406 2189//2405 565//2405 
f 2191//2407 2190//2406 564//2406 
f 2192//2408 2191//2407 562//2407 
f 2193//2409 2192//2408 561//2408 
f 2193//2409 560//2409 563//2410 
f 627//2411 2194//2411 2195//2412 
f 2195//2412 563//2410 627//2411 
f 2196//2413 2194//2411 627//2411 
f 2197//2414 2196//2413 625//2413 
f 2198//2415 2197//2414 623//2414 
f 2199//2416 2198//2415 624//2415 
f 626//2416 628//2417 2200//2418 
f 628//2417 2201//2417 2200//2418 
f 2202//2419 2201//2417 619//2420 
f 2201//2417 628//2417 619//2420 
f 2203//2421 2202//2419 618//2422 
f 2204//2423 2203//2421 620//2424 
f 2204//2423 621//2423 622//2425 
f 616//2426 2205//2426 2206//2427 
f 2206//2427 622//2425 616//2426 
f 2207//2428 2205//2426 616//2426 
f 2208//2429 2207//2428 615//2428 
f 2209//2430 2208//2429 613//2429 
f 2210//2431 2209//2430 611//2430 
f 2211//2432 2210//2431 610//2431 
f 2212//2433 2211//2432 612//2432 
f 614//2433 617//2434 2213//2435 
f 2214//2436 2213//2435 617//2434 
f 617//2434 607//2436 2214//2436 
f 2215//2437 2214//2436 607//2436 
f 2216//2438 2215//2437 603//2437 
f 2217//2439 2216//2438 605//2438 
f 2218//2440 2217//2439 604//2439 
f 2219//2441 2218//2440 606//2440 
f 608//2441 609//2442 2220//2443 
f 609//2442 2221//2442 2220//2443 
f 2222//2444 2221//2442 599//2445 
f 2221//2442 609//2442 599//2445 
f 2223//2446 2222//2444 598//2447 
f 2224//2448 2223//2446 600//2449 
f 2224//2448 601//2448 602//2450 
f 597//2451 2225//2451 2226//2452 
f 2226//2452 602//2450 597//2451 
f 2227//2453 2225//2451 597//2451 
f 2228//2454 2227//2453 596//2453 
f 2160//2363 2228//2454 594//2454 
f 594//2454 592//2363 2160//2363 
f 596//2453 594//2454 2228//2454 
f 597//2451 596//2453 2227//2453 
f 602//2450 2226//2452 2224//2448 
f 600//2449 601//2448 2224//2448 
f 598//2447 600//2449 2223//2446 
f 599//2445 598//2447 2222//2444 
f 2220//2443 2219//2441 608//2441 
f 606//2440 608//2441 2219//2441 
f 604//2439 606//2440 2218//2440 
f 605//2438 604//2439 2217//2439 
f 603//2437 605//2438 2216//2438 
f 607//2436 603//2437 2215//2437 
f 2213//2435 2212//2433 614//2433 
f 612//2432 614//2433 2212//2433 
f 610//2431 612//2432 2211//2432 
f 611//2430 610//2431 2210//2431 
f 613//2429 611//2430 2209//2430 
f 615//2428 613//2429 2208//2429 
f 616//2426 615//2428 2207//2428 
f 622//2425 2206//2427 2204//2423 
f 620//2424 621//2423 2204//2423 
f 618//2422 620//2424 2203//2421 
f 619//2420 618//2422 2202//2419 
f 2200//2418 2199//2416 626//2416 
f 624//2415 626//2416 2199//2416 
f 623//2414 624//2415 2198//2415 
f 625//2413 623//2414 2197//2414 
f 627//2411 625//2413 2196//2413 
f 563//2410 2195//2412 2193//2409 
f 561//2408 560//2409 2193//2409 
f 562//2407 561//2408 2192//2408 
f 564//2406 562//2407 2191//2407 
f 565//2405 564//2406 2190//2406 
f 559//2403 565//2405 2189//2405 
f 2188//2404 2185//2400 567//2400 
f 572//2399 567//2400 2185//2400 
f 570//2397 571//2398 2184//2398 
f 569//2396 570//2397 2183//2397 
f 568//2395 569//2396 2182//2396 
f 573//2394 568//2395 2181//2395 
f 574//2392 573//2394 2180//2394 
f 581//2391 2179//2393 2177//2389 
f 578//2390 577//2389 2177//2389 
f 579//2388 578//2390 2176//2387 
f 580//2386 579//2388 2175//2385 
f 575//2384 580//2386 2174//2383 
f 576//2382 575//2384 2173//2381 
f 2171//2378 2169//2375 583//2379 
f 589//2374 583//2379 2169//2375 
f 587//2372 588//2373 2168//2373 
f 586//2371 587//2372 2167//2372 
f 584//2370 586//2371 2166//2371 
f 585//2369 584//2370 2165//2370 
f 590//2368 585//2369 2164//2369 
f 2162//2367 2161//2364 593//2364 
f 591//2365 593//2364 2161//2364 
f 592//2363 591//2365 2159//2362 
o mesh8
f 2229//2455 2230//2456 499//2456 
f 2231//2457 2229//2455 498//2458 
f 496//2459 2232//2459 2233//2460 
f 2231//2457 497//2461 500//2462 
f 500//2462 2233//2460 2231//2457 
f 2234//2463 2232//2459 496//2459 
f 2235//2464 2234//2463 494//2463 
f 2236//2465 2235//2464 493//2464 
f 2237//2466 2236//2465 495//2465 
f 2238//2467 2237//2466 490//2466 
f 2239//2468 2238//2467 489//2467 
f 491//2468 492//2469 2240//2470 
f 492//2469 2241//2471 2240//2470 
f 2240//2470 2239//2468 491//2468 
f 2242//2472 2241//2471 484//2471 
f 2243//2473 2242//2472 483//2472 
f 2244//2474 2243//2473 485//2473 
f 486//2474 488//2475 2245//2476 
f 488//2475 2246//2475 2245//2476 
f 2247//2477 2246//2475 487//2478 
f 2246//2475 488//2475 487//2478 
f 556//2479 2248//2479 2247//2477 
f 2247//2477 555//2480 556//2479 
f 2249//2481 2248//2479 556//2479 
f 2249//2481 557//2481 558//2482 
f 558//2482 2250//2483 2249//2481 
f 552//2484 2251//2484 2252//2485 
f 2252//2485 554//2486 552//2484 
f 2253//2487 2251//2484 552//2484 
f 553//2488 2254//2488 2255//2489 
f 2255//2489 551//2490 553//2488 
f 2254//2488 553//2488 547//2491 
f 547//2491 2256//2492 2254//2488 
f 2257//2493 2256//2492 546//2492 
f 2258//2494 2257//2493 548//2493 
f 2259//2495 2260//2496 550//2497 
f 549//2498 550//2497 2260//2496 
f 2260//2496 2258//2494 549//2498 
f 2261//2499 2259//2495 544//2500 
f 2259//2495 545//2501 544//2500 
f 2262//2502 2261//2499 543//2503 
f 541//2504 2263//2504 2264//2505 
f 2264//2505 542//2506 541//2504 
f 2265//2507 2263//2504 541//2504 
f 2266//2508 2265//2507 540//2507 
f 2267//2509 2266//2508 538//2510 
f 537//2511 2268//2511 2267//2509 
f 2266//2508 539//2512 538//2510 
f 537//2511 536//2513 2269//2514 
f 536//2513 2270//2513 2269//2514 
f 2270//2513 536//2513 535//2515 
f 535//2515 2271//2516 2270//2513 
f 535//2515 534//2517 2271//2516 
f 532//2518 2272//2518 2273//2519 
f 2273//2519 533//2520 532//2518 
f 2274//2521 2272//2518 532//2518 
f 2275//2522 2274//2521 531//2521 
f 530//2522 528//2523 2276//2524 
f 528//2523 2277//2525 2276//2524 
f 2276//2524 2275//2522 530//2522 
f 2277//2525 527//2525 529//2526 
f 529//2526 2278//2527 2277//2525 
f 526//2527 525//2528 2279//2529 
f 525//2528 2280//2528 2281//2530 
f 2281//2530 2279//2529 525//2528 
f 2282//2531 2280//2528 522//2532 
f 2280//2528 525//2528 522//2532 
f 2283//2533 2282//2531 521//2534 
f 523//2533 524//2535 2284//2536 
f 524//2535 2285//2535 2284//2536 
f 2285//2535 524//2535 516//2537 
f 516//2537 2286//2538 2285//2535 
f 2287//2539 2286//2538 515//2538 
f 2288//2540 2287//2539 517//2539 
f 2289//2541 2288//2540 518//2540 
f 2289//2541 519//2541 520//2542 
f 520//2542 2290//2543 2291//2544 
f 520//2542 2291//2544 2289//2541 
f 2292//2545 2290//2543 514//2546 
f 2293//2547 2292//2545 509//2548 
f 2294//2549 2293//2547 508//2550 
f 2295//2551 2294//2549 510//2552 
f 2296//2553 2295//2551 511//2554 
f 502//2555 2297//2555 2298//2556 
f 513//2557 1133//2558 2299//2559 
f 1133//2558 2298//2556 2299//2559 
f 2299//2559 2296//2553 513//2557 
f 2296//2553 512//2560 513//2557 
f 2300//2561 2297//2555 502//2555 
f 2301//2562 2300//2561 507//2561 
f 2302//2563 2301//2562 506//2562 
f 2303//2564 2302//2563 505//2563 
f 501//2565 2304//2565 2305//2566 
f 2305//2566 503//2567 501//2565 
f 2303//2564 504//2568 503//2567 
f 2230//2456 2304//2565 501//2565 
f 501//2565 499//2456 2230//2456 
f 2305//2566 2303//2564 503//2567 
f 505//2563 504//2568 2303//2564 
f 506//2562 505//2563 2302//2563 
f 507//2561 506//2562 2301//2562 
f 502//2555 507//2561 2300//2561 
f 2298//2556 1133//2558 502//2555 
f 511//2554 512//2560 2296//2553 
f 510//2552 511//2554 2295//2551 
f 508//2550 510//2552 2294//2549 
f 509//2548 508//2550 2293//2547 
f 514//2546 509//2548 2292//2545 
f 520//2542 514//2546 2290//2543 
f 518//2540 519//2541 2289//2541 
f 517//2539 518//2540 2288//2540 
f 515//2538 517//2539 2287//2539 
f 516//2537 515//2538 2286//2538 
f 2284//2536 2283//2533 523//2533 
f 521//2534 523//2533 2283//2533 
f 522//2532 521//2534 2282//2531 
f 2279//2529 2278//2527 526//2527 
f 529//2526 526//2527 2278//2527 
f 528//2523 527//2525 2277//2525 
f 531//2521 530//2522 2275//2522 
f 532//2518 531//2521 2274//2521 
f 2273//2519 2271//2516 533//2520 
f 534//2517 533//2520 2271//2516 
f 2269//2514 2268//2511 537//2511 
f 538//2510 537//2511 2267//2509 
f 540//2507 539//2512 2266//2508 
f 541//2504 540//2507 2265//2507 
f 2264//2505 2262//2502 542//2506 
f 543//2503 542//2506 2262//2502 
f 544//2500 543//2503 2261//2499 
f 550//2497 545//2501 2259//2495 
f 548//2493 549//2498 2258//2494 
f 546//2492 548//2493 2257//2493 
f 547//2491 546//2492 2256//2492 
f 2255//2489 2253//2487 551//2490 
f 552//2484 551//2490 2253//2487 
f 2252//2485 2250//2483 554//2486 
f 558//2482 554//2486 2250//2483 
f 556//2479 557//2481 2249//2481 
f 487//2478 555//2480 2247//2477 
f 2245//2476 2244//2474 486//2474 
f 485//2473 486//2474 2244//2474 
f 483//2472 485//2473 2243//2473 
f 484//2471 483//2472 2242//2472 
f 492//2469 484//2471 2241//2471 
f 489//2467 491//2468 2239//2468 
f 490//2466 489//2467 2238//2467 
f 495//2465 490//2466 2237//2466 
f 493//2464 495//2465 2236//2465 
f 494//2463 493//2464 2235//2464 
f 496//2459 494//2463 2234//2463 
f 2233//2460 500//2462 496//2459 
f 498//2458 497//2461 2231//2457 
f 499//2456 498//2458 2229//2455 
o mesh9
f 2306//2569 2307//2570 412//2570 
f 2308//2571 2306//2569 411//2572 
f 414//2571 415//2573 2309//2574 
f 2310//2575 2309//2574 415//2573 
f 415//2573 480//2575 2310//2575 
f 2311//2576 2310//2575 480//2575 
f 477//2577 2312//2577 2313//2578 
f 2311//2576 476//2579 478//2578 
f 478//2578 2313//2578 2311//2576 
f 2314//2580 2312//2577 477//2577 
f 2315//2581 2314//2580 479//2580 
f 482//2582 475//2583 2316//2584 
f 2315//2581 481//2585 482//2582 
f 475//2583 2317//2586 2316//2584 
f 475//2583 474//2587 2318//2588 
f 474//2587 2319//2587 2318//2588 
f 2320//2589 2319//2587 468//2590 
f 2319//2587 474//2587 468//2590 
f 2321//2591 2320//2589 467//2592 
f 2322//2593 2321//2591 469//2594 
f 2323//2595 2322//2593 470//2596 
f 2324//2597 2323//2595 471//2598 
f 2324//2597 472//2597 473//2599 
f 465//2600 2325//2600 2326//2601 
f 2326//2601 473//2599 465//2600 
f 2327//2602 2325//2600 465//2600 
f 2328//2603 2327//2602 462//2602 
f 2329//2604 2328//2603 460//2603 
f 2330//2605 2329//2604 459//2604 
f 2331//2606 2330//2605 461//2605 
f 463//2606 464//2607 2332//2608 
f 464//2607 2333//2607 2332//2608 
f 2334//2609 2333//2607 466//2610 
f 2333//2607 464//2607 466//2610 
f 466//2610 458//2611 2334//2609 
f 456//2612 2335//2612 2336//2613 
f 2336//2613 457//2614 456//2612 
f 2337//2615 2335//2612 456//2612 
f 2338//2616 2337//2615 455//2615 
f 2339//2617 2338//2616 454//2616 
f 2339//2617 453//2617 452//2618 
f 452//2618 2340//2619 2339//2617 
f 449//2620 2341//2620 2342//2621 
f 2342//2621 451//2622 449//2620 
f 2343//2623 2341//2620 449//2620 
f 2344//2624 2343//2623 447//2623 
f 2345//2625 2344//2624 448//2624 
f 2346//2626 2345//2625 450//2625 
f 2347//2627 2346//2626 442//2626 
f 2348//2628 2347//2627 443//2627 
f 2349//2629 2348//2628 444//2628 
f 445//2629 446//2630 2350//2631 
f 446//2630 2351//2630 2350//2631 
f 2351//2630 440//2632 441//2633 
f 2351//2630 446//2630 440//2632 
f 441//2633 2352//2634 2351//2630 
f 437//2635 2353//2635 2354//2636 
f 2354//2636 439//2637 437//2635 
f 2355//2638 2353//2635 437//2635 
f 2356//2639 2355//2638 436//2638 
f 2357//2640 2356//2639 434//2639 
f 2358//2641 2357//2640 432//2640 
f 2359//2642 2358//2641 433//2641 
f 435//2642 438//2643 2360//2644 
f 2361//2645 2360//2644 438//2643 
f 438//2643 431//2645 2361//2645 
f 2362//2646 2361//2645 431//2645 
f 2363//2647 2362//2646 426//2646 
f 2364//2648 2363//2647 430//2647 
f 2365//2649 2364//2648 429//2648 
f 2365//2649 428//2649 427//2650 
f 427//2650 2366//2651 2365//2649 
f 424//2652 2367//2652 2368//2653 
f 2368//2653 425//2654 424//2652 
f 418//2655 2369//2656 2370//2657 
f 2370//2657 424//2652 418//2655 
f 418//2655 417//2656 2369//2656 
f 2371//2658 2369//2656 417//2656 
f 2372//2659 2371//2658 423//2658 
f 2373//2660 2372//2659 421//2659 
f 2374//2661 2373//2660 420//2660 
f 2374//2661 419//2661 422//2662 
f 416//2663 2375//2663 2376//2664 
f 2376//2664 422//2662 416//2663 
f 2377//2665 2375//2663 416//2663 
f 2307//2570 2377//2665 413//2665 
f 413//2665 412//2570 2307//2570 
f 416//2663 413//2665 2377//2665 
f 422//2662 2376//2664 2374//2661 
f 420//2660 419//2661 2374//2661 
f 421//2659 420//2660 2373//2660 
f 423//2658 421//2659 2372//2659 
f 417//2656 423//2658 2371//2658 
f 2370//2657 2367//2652 424//2652 
f 2368//2653 2366//2651 425//2654 
f 427//2650 425//2654 2366//2651 
f 429//2648 428//2649 2365//2649 
f 430//2647 429//2648 2364//2648 
f 426//2646 430//2647 2363//2647 
f 431//2645 426//2646 2362//2646 
f 2360//2644 2359//2642 435//2642 
f 433//2641 435//2642 2359//2642 
f 432//2640 433//2641 2358//2641 
f 434//2639 432//2640 2357//2640 
f 436//2638 434//2639 2356//2639 
f 437//2635 436//2638 2355//2638 
f 2354//2636 2352//2634 439//2637 
f 441//2633 439//2637 2352//2634 
f 2350//2631 2349//2629 445//2629 
f 444//2628 445//2629 2349//2629 
f 443//2627 444//2628 2348//2628 
f 442//2626 443//2627 2347//2627 
f 450//2625 442//2626 2346//2626 
f 448//2624 450//2625 2345//2625 
f 447//2623 448//2624 2344//2624 
f 449//2620 447//2623 2343//2623 
f 2342//2621 2340//2619 451//2622 
f 452//2618 451//2622 2340//2619 
f 454//2616 453//2617 2339//2617 
f 455//2615 454//2616 2338//2616 
f 456//2612 455//2615 2337//2615 
f 2336//2613 2334//2609 457//2614 
f 458//2611 457//2614 2334//2609 
f 2332//2608 2331//2606 463//2606 
f 461//2605 463//2606 2331//2606 
f 459//2604 461//2605 2330//2605 
f 460//2603 459//2604 2329//2604 
f 462//2602 460//2603 2328//2603 
f 465//2600 462//2602 2327//2602 
f 473//2599 2326//2601 2324//2597 
f 471//2598 472//2597 2324//2597 
f 470//2596 471//2598 2323//2595 
f 469//2594 470//2596 2322//2593 
f 467//2592 469//2594 2321//2591 
f 468//2590 467//2592 2320//2589 
f 2318//2588 2317//2586 475//2583 
f 2316//2584 2315//2581 482//2582 
f 479//2580 481//2585 2315//2581 
f 477//2577 479//2580 2314//2580 
f 2313//2578 478//2578 477//2577 
f 480//2575 476//2579 2311//2576 
f 2309//2574 2308//2571 414//2571 
f 411//2572 414//2571 2308//2571 
f 412//2570 411//2572 2306//2569 
o mesh10
f 2378//2666 2379//2667 310//2667 
f 2380//2668 2378//2666 311//2669 
f 2381//2670 2380//2668 312//2671 
f 2382//2672 2383//2673 316//2674 
f 2383//2673 315//2675 316//2674 
f 316//2674 304//2676 2382//2672 
f 2384//2677 2382//2672 304//2676 
f 2385//2678 2384//2677 306//2677 
f 2386//2679 2385//2678 305//2678 
f 2387//2680 2386//2679 307//2679 
f 2388//2681 2387//2680 309//2682 
f 2387//2680 308//2683 309//2682 
f 303//2684 2389//2684 2388//2681 
f 2390//2685 2389//2684 303//2684 
f 2391//2686 2390//2685 302//2685 
f 2392//2687 2391//2686 300//2686 
f 298//2687 297//2688 2393//2689 
f 297//2688 2394//2688 2393//2689 
f 2395//2690 2394//2688 297//2688 
f 2396//2691 2395//2690 299//2690 
f 291//2692 2397//2692 2398//2693 
f 2398//2693 301//2694 291//2692 
f 290//2695 2399//2695 2400//2696 
f 2400//2696 291//2692 290//2695 
f 2401//2697 2399//2695 290//2695 
f 2402//2698 2401//2697 293//2697 
f 2403//2699 2402//2698 292//2698 
f 2404//2700 2403//2699 294//2699 
f 295//2700 296//2701 2405//2702 
f 296//2701 2406//2701 2405//2702 
f 2407//2703 2406//2701 286//2704 
f 2406//2701 296//2701 286//2704 
f 2408//2705 2407//2703 285//2706 
f 2409//2707 2408//2705 287//2708 
f 2409//2707 288//2707 289//2709 
f 289//2709 2410//2710 2409//2707 
f 284//2711 2411//2711 2410//2710 
f 2412//2712 2411//2711 284//2711 
f 2413//2713 2412//2712 282//2712 
f 2414//2714 2413//2713 279//2713 
f 2415//2715 2414//2714 278//2714 
f 2416//2716 2415//2715 277//2715 
f 2417//2717 2416//2716 280//2716 
f 2418//2718 2419//2719 283//2720 
f 2419//2719 281//2721 283//2720 
f 283//2720 339//2722 2418//2718 
f 339//2722 341//2723 2420//2723 
f 341//2723 340//2724 2421//2724 
f 2421//2724 2420//2723 341//2723 
f 2422//2725 2421//2724 340//2724 
f 2422//2725 342//2725 343//2726 
f 343//2726 2423//2727 2422//2725 
f 337//2728 2424//2728 2425//2729 
f 2425//2729 338//2730 337//2728 
f 2426//2731 2424//2728 337//2728 
f 2427//2732 2426//2731 336//2731 
f 2428//2733 2427//2732 334//2732 
f 2429//2734 2428//2733 332//2733 
f 331//2734 333//2735 2430//2736 
f 333//2735 2431//2735 2430//2736 
f 333//2735 335//2737 2432//2738 
f 335//2737 2433//2737 2432//2738 
f 2434//2739 2433//2737 335//2737 
f 2435//2740 2434//2739 326//2739 
f 328//2741 2436//2741 2437//2742 
f 2437//2742 325//2743 328//2741 
f 2438//2744 2436//2741 328//2741 
f 2439//2745 2438//2744 327//2744 
f 2440//2746 2439//2745 329//2745 
f 2441//2747 330//2746 319//2748 
f 319//2748 2442//2749 2441//2747 
f 319//2748 318//2749 2442//2749 
f 2443//2750 2442//2749 318//2749 
f 2444//2751 2443//2750 324//2750 
f 2445//2752 2444//2751 323//2751 
f 2446//2753 2445//2752 321//2752 
f 2446//2753 320//2753 322//2754 
f 322//2754 2447//2755 2446//2753 
f 317//2756 2448//2756 2447//2755 
f 2449//2757 2448//2756 317//2756 
f 2450//2758 2449//2757 314//2757 
f 2379//2667 2450//2758 313//2758 
f 313//2758 310//2667 2379//2667 
f 314//2757 313//2758 2450//2758 
f 317//2756 314//2757 2449//2757 
f 322//2754 317//2756 2447//2755 
f 321//2752 320//2753 2446//2753 
f 323//2751 321//2752 2445//2752 
f 324//2750 323//2751 2444//2751 
f 318//2749 324//2750 2443//2750 
f 2441//2747 2440//2746 330//2746 
f 329//2745 330//2746 2440//2746 
f 327//2744 329//2745 2439//2745 
f 328//2741 327//2744 2438//2744 
f 2437//2742 2435//2740 325//2743 
f 326//2739 325//2743 2435//2740 
f 335//2737 326//2739 2434//2739 
f 2432//2738 2431//2735 333//2735 
f 2430//2736 2429//2734 331//2734 
f 332//2733 331//2734 2429//2734 
f 334//2732 332//2733 2428//2733 
f 336//2731 334//2732 2427//2732 
f 337//2728 336//2731 2426//2731 
f 2425//2729 2423//2727 338//2730 
f 343//2726 338//2730 2423//2727 
f 340//2724 342//2725 2422//2725 
f 2420//2723 2418//2718 339//2722 
f 2419//2719 2417//2717 281//2721 
f 280//2716 281//2721 2417//2717 
f 277//2715 280//2716 2416//2716 
f 278//2714 277//2715 2415//2715 
f 279//2713 278//2714 2414//2714 
f 282//2712 279//2713 2413//2713 
f 284//2711 282//2712 2412//2712 
f 289//2709 284//2711 2410//2710 
f 287//2708 288//2707 2409//2707 
f 285//2706 287//2708 2408//2705 
f 286//2704 285//2706 2407//2703 
f 2405//2702 2404//2700 295//2700 
f 294//2699 295//2700 2404//2700 
f 292//2698 294//2699 2403//2699 
f 293//2697 292//2698 2402//2698 
f 290//2695 293//2697 2401//2697 
f 2400//2696 2397//2692 291//2692 
f 2398//2693 2396//2691 301//2694 
f 299//2690 301//2694 2396//2691 
f 297//2688 299//2690 2395//2690 
f 2393//2689 2392//2687 298//2687 
f 300//2686 298//2687 2392//2687 
f 302//2685 300//2686 2391//2686 
f 303//2684 302//2685 2390//2685 
f 309//2682 303//2684 2388//2681 
f 307//2679 308//2683 2387//2680 
f 305//2678 307//2679 2386//2679 
f 306//2677 305//2678 2385//2678 
f 304//2676 306//2677 2384//2677 
f 2383//2673 2381//2670 315//2675 
f 312//2671 315//2675 2381//2670 
f 311//2669 312//2671 2380//2668 
f 310//2667 311//2669 2378//2666 
o mesh11
f 2451//2759 2452//2760 1060//2760 
f 1061//2759 1062//2761 2453//2762 
f 1062//2761 2454//2761 2453//2762 
f 2455//2763 2454//2761 1064//2764 
f 2454//2761 1062//2761 1064//2764 
f 2456//2765 2455//2763 1126//2766 
f 1127//2767 2457//2767 2458//2768 
f 2456//2765 1129//2769 1128//2768 
f 1128//2768 2458//2768 2456//2765 
f 2459//2770 2457//2767 1127//2767 
f 1130//2770 1131//2771 2460//2772 
f 1131//2771 2461//2771 2460//2772 
f 2461//2771 1124//2773 1125//2774 
f 2461//2771 1131//2771 1124//2773 
f 1125//2774 2462//2775 2461//2771 
f 1121//2776 2463//2776 2464//2777 
f 2464//2777 1123//2778 1121//2776 
f 2465//2779 2463//2776 1121//2776 
f 2466//2780 2465//2779 1120//2779 
f 2467//2781 2466//2780 1118//2780 
f 2468//2782 2467//2781 1116//2781 
f 2469//2783 2468//2782 1117//2782 
f 1119//2783 1122//2784 2470//2785 
f 2471//2786 2470//2785 1122//2784 
f 1122//2784 1115//2786 2471//2786 
f 2472//2787 2471//2786 1115//2786 
f 2473//2788 2472//2787 1110//2787 
f 2474//2789 2473//2788 1114//2788 
f 2475//2790 2474//2789 1113//2789 
f 2475//2790 1112//2790 1111//2791 
f 1111//2791 2476//2792 2475//2790 
f 1108//2793 2477//2793 2478//2794 
f 2478//2794 1109//2795 1108//2793 
f 1102//2796 2479//2797 2480//2798 
f 2480//2798 1108//2793 1102//2796 
f 1102//2796 1101//2797 2479//2797 
f 2481//2799 2479//2797 1101//2797 
f 2482//2800 2481//2799 1107//2799 
f 2483//2801 2482//2800 1105//2800 
f 2484//2802 2483//2801 1104//2801 
f 2484//2802 1103//2802 1106//2803 
f 1100//2804 2485//2804 2486//2805 
f 2486//2805 1106//2803 1100//2804 
f 2487//2806 2485//2804 1100//2804 
f 2488//2807 2487//2806 1097//2806 
f 2489//2808 2488//2807 1096//2807 
f 2490//2809 2489//2808 1095//2808 
f 1098//2809 1099//2810 2491//2811 
f 2492//2812 2491//2811 1099//2810 
f 1099//2810 1092//2812 2492//2812 
f 2493//2813 2492//2812 1092//2812 
f 2494//2814 2493//2813 1089//2813 
f 2495//2815 2494//2814 1090//2814 
f 2496//2816 2495//2815 1091//2815 
f 1094//2817 1088//2818 2497//2819 
f 2496//2816 1093//2820 1094//2817 
f 1088//2818 2498//2821 2497//2819 
f 1088//2818 1087//2822 2499//2823 
f 1087//2822 2500//2822 2499//2823 
f 2501//2824 2500//2822 1081//2825 
f 2500//2822 1087//2822 1081//2825 
f 2502//2826 2501//2824 1080//2827 
f 2503//2828 2502//2826 1082//2829 
f 2504//2830 2503//2828 1083//2831 
f 2505//2832 2504//2830 1084//2833 
f 2505//2832 1085//2832 1086//2834 
f 1078//2835 2506//2835 2507//2836 
f 2507//2836 1086//2834 1078//2835 
f 2508//2837 2506//2835 1078//2835 
f 2509//2838 2508//2837 1075//2837 
f 2510//2839 2509//2838 1073//2838 
f 2511//2840 2510//2839 1072//2839 
f 2512//2841 2511//2840 1074//2840 
f 1076//2841 1077//2842 2513//2843 
f 1077//2842 2514//2842 2513//2843 
f 2515//2844 2514//2842 1079//2845 
f 2514//2842 1077//2842 1079//2845 
f 1079//2845 1071//2846 2515//2844 
f 1069//2847 2516//2847 2517//2848 
f 2517//2848 1070//2849 1069//2847 
f 2518//2850 2516//2847 1069//2847 
f 2519//2851 2518//2850 1068//2850 
f 2520//2852 2519//2851 1067//2851 
f 2521//2853 2520//2852 1066//2852 
f 2522//2854 2521//2853 1065//2853 
f 2452//2760 2522//2854 1063//2854 
f 1063//2854 1060//2760 2452//2760 
f 1065//2853 1063//2854 2522//2854 
f 1066//2852 1065//2853 2521//2853 
f 1067//2851 1066//2852 2520//2852 
f 1068//2850 1067//2851 2519//2851 
f 1069//2847 1068//2850 2518//2850 
f 2517//2848 2515//2844 1070//2849 
f 1071//2846 1070//2849 2515//2844 
f 2513//2843 2512//2841 1076//2841 
f 1074//2840 1076//2841 2512//2841 
f 1072//2839 1074//2840 2511//2840 
f 1073//2838 1072//2839 2510//2839 
f 1075//2837 1073//2838 2509//2838 
f 1078//2835 1075//2837 2508//2837 
f 1086//2834 2507//2836 2505//2832 
f 1084//2833 1085//2832 2505//2832 
f 1083//2831 1084//2833 2504//2830 
f 1082//2829 1083//2831 2503//2828 
f 1080//2827 1082//2829 2502//2826 
f 1081//2825 1080//2827 2501//2824 
f 2499//2823 2498//2821 1088//2818 
f 2497//2819 2496//2816 1094//2817 
f 1091//2815 1093//2820 2496//2816 
f 1090//2814 1091//2815 2495//2815 
f 1089//2813 1090//2814 2494//2814 
f 1092//2812 1089//2813 2493//2813 
f 2491//2811 2490//2809 1098//2809 
f 1095//2808 1098//2809 2490//2809 
f 1096//2807 1095//2808 2489//2808 
f 1097//2806 1096//2807 2488//2807 
f 1100//2804 1097//2806 2487//2806 
f 1106//2803 2486//2805 2484//2802 
f 1104//2801 1103//2802 2484//2802 
f 1105//2800 1104//2801 2483//2801 
f 1107//2799 1105//2800 2482//2800 
f 1101//2797 1107//2799 2481//2799 
f 2480//2798 2477//2793 1108//2793 
f 2478//2794 2476//2792 1109//2795 
f 1111//2791 1109//2795 2476//2792 
f 1113//2789 1112//2790 2475//2790 
f 1114//2788 1113//2789 2474//2789 
f 1110//2787 1114//2788 2473//2788 
f 1115//2786 1110//2787 2472//2787 
f 2470//2785 2469//2783 1119//2783 
f 1117//2782 1119//2783 2469//2783 
f 1116//2781 1117//2782 2468//2782 
f 1118//2780 1116//2781 2467//2781 
f 1120//2779 1118//2780 2466//2780 
f 1121//2776 1120//2779 2465//2779 
f 2464//2777 2462//2775 1123//2778 
f 1125//2774 1123//2778 2462//2775 
f 2460//2772 2459//2770 1130//2770 
f 1127//2767 1130//2770 2459//2770 
f 2458//2768 1128//2768 1127//2767 
f 1126//2766 1129//2769 2456//2765 
f 1064//2764 1126//2766 2455//2763 
f 2453//2762 2451//2759 1061//2759 
f 1060//2760 1061//2759 2451//2759 
o mesh12
f 2523//2855 2524//2856 378//2856 
f 2525//2857 2523//2855 377//2858 
f 2526//2859 2525//2857 380//2860 
f 2527//2861 2528//2862 384//2863 
f 2528//2862 381//2864 384//2863 
f 384//2863 373//2865 2527//2861 
f 2529//2866 2527//2861 373//2865 
f 2530//2867 2529//2866 376//2866 
f 2530//2867 375//2867 374//2868 
f 374//2868 2531//2869 2530//2867 
f 371//2870 2532//2870 2533//2871 
f 2533//2871 372//2872 371//2870 
f 2534//2873 2532//2870 371//2870 
f 2535//2874 2534//2873 370//2873 
f 2536//2875 2535//2874 368//2874 
f 2537//2876 2536//2875 366//2875 
f 365//2876 367//2877 2538//2878 
f 367//2877 2539//2877 2538//2878 
f 367//2877 369//2879 2540//2880 
f 369//2879 2541//2879 2540//2880 
f 2542//2881 2541//2879 369//2879 
f 2543//2882 2542//2881 360//2881 
f 362//2883 2544//2883 2545//2884 
f 2545//2884 359//2885 362//2883 
f 2546//2886 2544//2883 362//2883 
f 2547//2887 2546//2886 361//2886 
f 2548//2888 2547//2887 363//2887 
f 2549//2889 364//2888 353//2890 
f 353//2890 2550//2891 2549//2889 
f 353//2890 352//2891 2550//2891 
f 2551//2892 2550//2891 352//2891 
f 2552//2893 2551//2892 358//2892 
f 2553//2894 2552//2893 357//2893 
f 2554//2895 2553//2894 355//2894 
f 2554//2895 354//2895 356//2896 
f 356//2896 2555//2897 2554//2895 
f 350//2898 2556//2898 2555//2897 
f 2557//2899 2556//2898 350//2898 
f 2558//2900 2557//2899 349//2899 
f 2559//2901 2558//2900 347//2900 
f 2560//2902 2559//2901 344//2901 
f 2561//2903 2560//2902 345//2902 
f 2562//2904 2561//2903 346//2903 
f 2563//2905 2564//2906 351//2907 
f 2564//2906 348//2908 351//2907 
f 351//2907 404//2909 2563//2905 
f 404//2909 406//2910 2565//2910 
f 2566//2911 2565//2910 406//2910 
f 406//2910 405//2911 2566//2911 
f 2567//2912 2566//2911 405//2911 
f 2568//2913 2567//2912 407//2912 
f 2569//2914 2568//2913 408//2913 
f 2570//2915 2569//2914 410//2916 
f 2569//2914 409//2917 410//2916 
f 403//2918 2571//2918 2570//2915 
f 2572//2919 2571//2918 403//2918 
f 2573//2920 2572//2919 402//2919 
f 2574//2921 2573//2920 400//2920 
f 398//2921 397//2922 2575//2923 
f 397//2922 2576//2922 2575//2923 
f 2577//2924 2576//2922 397//2922 
f 2578//2925 2577//2924 399//2924 
f 391//2926 2579//2926 2580//2927 
f 2580//2927 401//2928 391//2926 
f 390//2929 2581//2929 2582//2930 
f 2582//2930 391//2926 390//2929 
f 2583//2931 2581//2929 390//2929 
f 2584//2932 2583//2931 393//2931 
f 2585//2933 2584//2932 392//2932 
f 2586//2934 2585//2933 394//2933 
f 395//2934 396//2935 2587//2936 
f 396//2935 2588//2935 2587//2936 
f 2589//2937 2588//2935 386//2938 
f 2588//2935 396//2935 386//2938 
f 2590//2939 2589//2937 385//2940 
f 2591//2941 2590//2939 387//2942 
f 2591//2941 388//2941 389//2943 
f 389//2943 2592//2944 2591//2941 
f 383//2945 2593//2945 2592//2944 
f 2594//2946 2593//2945 383//2945 
f 2595//2947 2594//2946 382//2946 
f 2524//2856 2595//2947 379//2947 
f 379//2947 378//2856 2524//2856 
f 382//2946 379//2947 2595//2947 
f 383//2945 382//2946 2594//2946 
f 389//2943 383//2945 2592//2944 
f 387//2942 388//2941 2591//2941 
f 385//2940 387//2942 2590//2939 
f 386//2938 385//2940 2589//2937 
f 2587//2936 2586//2934 395//2934 
f 394//2933 395//2934 2586//2934 
f 392//2932 394//2933 2585//2933 
f 393//2931 392//2932 2584//2932 
f 390//2929 393//2931 2583//2931 
f 2582//2930 2579//2926 391//2926 
f 2580//2927 2578//2925 401//2928 
f 399//2924 401//2928 2578//2925 
f 397//2922 399//2924 2577//2924 
f 2575//2923 2574//2921 398//2921 
f 400//2920 398//2921 2574//2921 
f 402//2919 400//2920 2573//2920 
f 403//2918 402//2919 2572//2919 
f 410//2916 403//2918 2570//2915 
f 408//2913 409//2917 2569//2914 
f 407//2912 408//2913 2568//2913 
f 405//2911 407//2912 2567//2912 
f 2565//2910 2563//2905 404//2909 
f 2564//2906 2562//2904 348//2908 
f 346//2903 348//2908 2562//2904 
f 345//2902 346//2903 2561//2903 
f 344//2901 345//2902 2560//2902 
f 347//2900 344//2901 2559//2901 
f 349//2899 347//2900 2558//2900 
f 350//2898 349//2899 2557//2899 
f 356//2896 350//2898 2555//2897 
f 355//2894 354//2895 2554//2895 
f 357//2893 355//2894 2553//2894 
f 358//2892 357//2893 2552//2893 
f 352//2891 358//2892 2551//2892 
f 2549//2889 2548//2888 364//2888 
f 363//2887 364//2888 2548//2888 
f 361//2886 363//2887 2547//2887 
f 362//2883 361//2886 2546//2886 
f 2545//2884 2543//2882 359//2885 
f 360//2881 359//2885 2543//2882 
f 369//2879 360//2881 2542//2881 
f 2540//2880 2539//2877 367//2877 
f 2538//2878 2537//2876 365//2876 
f 366//2875 365//2876 2537//2876 
f 368//2874 366//2875 2536//2875 
f 370//2873 368//2874 2535//2874 
f 371//2870 370//2873 2534//2873 
f 2533//2871 2531//2869 372//2872 
f 374//2868 372//2872 2531//2869 
f 376//2866 375//2867 2530//2867 
f 373//2865 376//2866 2529//2866 
f 2528//2862 2526//2859 381//2864 
f 380//2860 381//2864 2526//2859 
f 377//2858 380//2860 2525//2857 
f 378//2856 377//2858 2523//2855 
o mesh13
f 2596//2948 2597//2949 701//2949 
f 700//2948 702//2950 2598//2951 
f 702//2950 2599//2950 2598//2951 
f 2600//2952 2599//2950 702//2950 
f 2601//2953 2602//2954 707//2955 
f 2602//2954 705//2956 707//2955 
f 707//2955 757//2957 2601//2953 
f 2603//2958 2601//2953 757//2957 
f 758//2959 2604//2959 2605//2960 
f 2603//2958 760//2961 759//2960 
f 759//2960 2605//2960 2603//2958 
f 2606//2962 2604//2959 758//2959 
f 2607//2963 2606//2962 761//2962 
f 2608//2964 2607//2963 762//2963 
f 2609//2965 2608//2964 763//2964 
f 2610//2966 2609//2965 764//2965 
f 2610//2966 765//2966 766//2967 
f 755//2968 2611//2968 2612//2969 
f 2612//2969 766//2967 755//2968 
f 755//2968 754//2970 2613//2971 
f 754//2970 2614//2970 2613//2971 
f 2615//2972 2614//2970 754//2970 
f 2616//2973 2615//2972 750//2972 
f 2617//2974 2616//2973 751//2973 
f 753//2975 2618//2975 2619//2976 
f 2619//2976 752//2977 753//2975 
f 753//2975 756//2978 2620//2979 
f 2621//2980 2620//2979 756//2978 
f 756//2978 749//2980 2621//2980 
f 2622//2981 2621//2980 749//2980 
f 2623//2982 2622//2981 741//2981 
f 2624//2983 2623//2982 743//2982 
f 2625//2984 2624//2983 742//2983 
f 2626//2985 2625//2984 744//2984 
f 2627//2986 2626//2985 745//2985 
f 2628//2987 2627//2986 746//2986 
f 2628//2987 747//2987 748//2988 
f 748//2988 2629//2989 2628//2987 
f 740//2990 2630//2990 2629//2989 
f 2631//2991 2630//2990 740//2990 
f 736//2992 2632//2992 2633//2993 
f 2633//2993 737//2994 736//2992 
f 2634//2995 2632//2992 736//2992 
f 2635//2996 2634//2995 733//2995 
f 734//2996 735//2997 2636//2998 
f 735//2997 2637//2997 2636//2998 
f 2638//2999 2637//2997 735//2997 
f 2639//3000 2640//3001 739//3002 
f 2640//3001 738//3003 739//3002 
f 739//3002 724//3004 2639//3000 
f 2641//3005 2639//3000 724//3004 
f 2642//3006 2641//3005 731//3005 
f 2643//3007 2642//3006 730//3006 
f 2644//3008 2643//3007 729//3007 
f 2645//3009 2644//3008 728//3008 
f 2646//3010 2645//3009 726//3009 
f 2647//3011 2646//3010 725//3010 
f 2647//3011 727//3011 732//3012 
f 722//3013 2648//3013 2649//3014 
f 2649//3014 732//3012 722//3013 
f 722//3013 721//3015 2650//3016 
f 721//3015 2651//3015 2650//3016 
f 2652//3017 2651//3015 721//3015 
f 2653//3018 2652//3017 717//3017 
f 2654//3019 2653//3018 718//3018 
f 720//3020 2655//3020 2656//3021 
f 2656//3021 719//3022 720//3020 
f 720//3020 723//3023 2657//3024 
f 2658//3025 2657//3024 723//3023 
f 723//3023 716//3025 2658//3025 
f 2659//3026 2658//3025 716//3025 
f 2660//3027 2659//3026 708//3026 
f 2661//3028 2660//3027 710//3027 
f 2662//3029 2661//3028 709//3028 
f 2663//3030 2662//3029 711//3029 
f 2664//3031 2663//3030 712//3030 
f 2665//3032 2664//3031 713//3031 
f 2665//3032 714//3032 715//3033 
f 715//3033 2666//3034 2665//3032 
f 706//3035 2667//3035 2666//3034 
f 2668//3036 2667//3035 706//3035 
f 703//3037 2669//3037 2670//3038 
f 2670//3038 704//3039 703//3037 
f 2597//2949 2669//3037 703//3037 
f 703//3037 701//2949 2597//2949 
f 2670//3038 2668//3036 704//3039 
f 706//3035 704//3039 2668//3036 
f 715//3033 706//3035 2666//3034 
f 713//3031 714//3032 2665//3032 
f 712//3030 713//3031 2664//3031 
f 711//3029 712//3030 2663//3030 
f 709//3028 711//3029 2662//3029 
f 710//3027 709//3028 2661//3028 
f 708//3026 710//3027 2660//3027 
f 716//3025 708//3026 2659//3026 
f 2657//3024 2655//3020 720//3020 
f 2656//3021 2654//3019 719//3022 
f 718//3018 719//3022 2654//3019 
f 717//3017 718//3018 2653//3018 
f 721//3015 717//3017 2652//3017 
f 2650//3016 2648//3013 722//3013 
f 732//3012 2649//3014 2647//3011 
f 725//3010 727//3011 2647//3011 
f 726//3009 725//3010 2646//3010 
f 728//3008 726//3009 2645//3009 
f 729//3007 728//3008 2644//3008 
f 730//3006 729//3007 2643//3007 
f 731//3005 730//3006 2642//3006 
f 724//3004 731//3005 2641//3005 
f 2640//3001 2638//2999 738//3003 
f 735//2997 738//3003 2638//2999 
f 2636//2998 2635//2996 734//2996 
f 733//2995 734//2996 2635//2996 
f 736//2992 733//2995 2634//2995 
f 2633//2993 2631//2991 737//2994 
f 740//2990 737//2994 2631//2991 
f 748//2988 740//2990 2629//2989 
f 746//2986 747//2987 2628//2987 
f 745//2985 746//2986 2627//2986 
f 744//2984 745//2985 2626//2985 
f 742//2983 744//2984 2625//2984 
f 743//2982 742//2983 2624//2983 
f 741//2981 743//2982 2623//2982 
f 749//2980 741//2981 2622//2981 
f 2620//2979 2618//2975 753//2975 
f 2619//2976 2617//2974 752//2977 
f 751//2973 752//2977 2617//2974 
f 750//2972 751//2973 2616//2973 
f 754//2970 750//2972 2615//2972 
f 2613//2971 2611//2968 755//2968 
f 766//2967 2612//2969 2610//2966 
f 764//2965 765//2966 2610//2966 
f 763//2964 764//2965 2609//2965 
f 762//2963 763//2964 2608//2964 
f 761//2962 762//2963 2607//2963 
f 758//2959 761//2962 2606//2962 
f 2605//2960 759//2960 758//2959 
f 757//2957 760//2961 2603//2958 
f 2602//2954 2600//2952 705//2956 
f 702//2950 705//2956 2600//2952 
f 2598//2951 2596//2948 700//2948 
f 701//2949 700//2948 2596//2948 
o mesh14
f 3621//3040 3622//3041 3623//3042 
f 3622//3041 3624//3043 3625//3044 
f 3624//3043 3626//3045 3627//3046 
f 3626//3045 3628//3047 3629//3048 
f 3628//3047 3630//3049 3631//3050 
f 3630//3049 3632//3051 3633//3052 
f 3632//3051 3634//3053 3635//3054 
f 3634//3053 3636//3055 3637//3056 
f 3636//3055 3638//3057 3639//3058 
f 3638//3057 3640//3059 3641//3060 
f 3640//3059 3642//3061 3643//3062 
f 3642//3061 3644//3063 3645//3064 
f 3644//3063 3646//3065 3647//3066 
f 3646//3065 3648//3067 3649//3068 
f 3648//3067 3650//3069 3651//3070 
f 3650//3069 3652//3071 3653//3072 
f 3652//3071 3654//3073 3655//3074 
f 3654//3073 3656//3075 3657//3076 
f 3656//3075 3658//3077 3659//3078 
f 3658//3077 3660//3079 3661//3080 
f 3660//3079 3662//3081 3663//3082 
f 3662//3081 3664//3083 3665//3084 
f 3664//3083 3666//3085 3667//3086 
f 3666//3085 3668//3087 3669//3088 
f 3668//3087 3670//3089 3671//3090 
f 3670//3089 3672//3091 3673//3092 
f 3672//3091 3674//3093 3675//3094 
f 3674//3093 3676//3095 3677//3096 
f 3676//3095 3678//3097 3679//3098 
f 3678//3097 3680//3099 3681//3100 
f 3680//3099 3682//3101 3683//3102 
f 3682//3101 3684//3103 3685//3104 
f 3684//3103 3686//3105 3687//3106 
f 3686//3105 3688//3107 3689//3108 
f 3688//3107 3690//3109 3691//3110 
f 3690//3109 3692//3111 3693//3112 
f 3692//3111 3694//3113 3695//3114 
f 3694//3113 3696//3115 3697//3116 
f 3696//3115 3698//3117 3699//3118 
f 3698//3117 3700//3119 3701//3120 
f 3700//3119 3702//3121 3703//3122 
f 3702//3121 3704//3123 3705//3124 
f 3704//3123 3706//3125 3707//3126 
f 3706//3125 3708//3127 3709//3128 
f 3710//3129 3711//3130 3712//3131 
f 3711//3130 3713//3132 3714//3133 
f 3713//3132 3715//3134 3716//3135 
f 3715//3134 3621//3040 3717//3136 
f 3717//3136 3623//3042 3718//3137 
f 3623//3042 3625//3044 3719//3138 
f 3625//3044 3627//3046 3720//3139 
f 3627//3046 3629//3048 3721//3140 
f 3637//3056 3639//3058 3722//3141 
f 3639//3058 3641//3060 3723//3142 
f 3641//3060 3643//3062 3724//3143 
f 3643//3062 3645//3064 3725//3144 
f 3645//3064 3647//3066 3726//3145 
f 3647//3066 3649//3068 3727//3146 
f 3649//3068 3651//3070 3728//3147 
f 3651//3070 3653//3072 3729//3148 
f 3653//3072 3655//3074 3730//3149 
f 3655//3074 3657//3076 3731//3150 
f 3657//3076 3659//3078 3732//3151 
f 3659//3078 3661//3080 3733//3152 
f 3661//3080 3663//3082 3734//3153 
f 3671//3090 3673//3092 3735//3154 
f 3673//3092 3675//3094 3736//3155 
f 3675//3094 3677//3096 3737//3156 
f 3677//3096 3679//3098 3738//3157 
f 3679//3098 3681//3100 3739//3158 
f 3681//3100 3683//3102 3740//3159 
f 3683//3102 3685//3104 3741//3160 
f 3685//3104 3687//3106 3742//3161 
f 3687//3106 3689//3108 3743//3162 
f 3689//3108 3691//3110 3744//3163 
f 3691//3110 3693//3112 3745//3164 
f 3693//3112 3695//3114 3746//3165 
f 3695//3114 3697//3116 3747//3166 
f 3697//3116 3699//3118 3748//3167 
f 3699//3118 3701//3120 3749//3168 
f 3701//3120 3703//3122 3750//3169 
f 3703//3122 3705//3124 3751//3170 
f 3705//3124 3707//3126 3752//3171 
f 3753//3172 3712//3131 3754//3173 
f 3712//3131 3714//3133 3755//3174 
f 3714//3133 3716//3135 3756//3175 
f 3716//3135 3717//3136 3757//3176 
f 3757//3176 3718//3137 3758//3177 
f 3718//3137 3719//3138 3759//3178 
f 3723//3142 3724//3143 3760//3179 
f 3724//3143 3725//3144 3761//3180 
f 3725//3144 3726//3145 3762//3181 
f 3726//3145 3727//3146 3763//3182 
f 3727//3146 3728//3147 3764//3183 
f 3728//3147 3729//3148 3765//3184 
f 3729//3148 3730//3149 3766//3185 
f 3730//3149 3731//3150 3767//3186 
f 3731//3150 3732//3151 3768//3187 
f 3736//3155 3737//3156 3769//3188 
f 3737//3156 3738//3157 3770//3189 
f 3738//3157 3739//3158 3771//3190 
f 3739//3158 3740//3159 3772//3191 
f 3740//3159 3741//3160 3773//3192 
f 3741//3160 3742//3161 3774//3193 
f 3742//3161 3743//3162 3775//3194 
f 3743//3162 3744//3163 3776//3195 
f 3744//3163 3745//3164 3777//3196 
f 3745//3164 3746//3165 3778//3197 
f 3746//3165 3747//3166 3779//3198 
f 3747//3166 3748//3167 3780//3199 
f 3748//3167 3749//3168 3781//3200 
f 3749//3168 3750//3169 3782//3201 
f 3750//3169 3751//3170 3783//3202 
f 3751//3170 3752//3171 3784//3203 
f 3752//3171 3785//3204 3786//3205 
f 3787//3206 3754//3173 3788//3207 
f 3754//3173 3755//3174 3789//3208 
f 3755//3174 3756//3175 3790//3209 
f 3756//3175 3757//3176 3791//3210 
f 3791//3210 3758//3177 3792//3211 
f 3758//3177 3759//3178 3793//3212 
f 3794//3213 3760//3179 3795//3214 
f 3760//3179 3761//3180 3796//3215 
f 3761//3180 3762//3181 3797//3216 
f 3762//3181 3763//3182 3798//3217 
f 3763//3182 3764//3183 3799//3218 
f 3764//3183 3765//3184 3800//3219 
f 3765//3184 3766//3185 3801//3220 
f 3766//3185 3767//3186 3802//3221 
f 3767//3186 3768//3187 3803//3222 
f 3804//3223 3769//3188 3805//3224 
f 3769//3188 3770//3189 3806//3225 
f 3770//3189 3771//3190 3807//3226 
f 3771//3190 3772//3191 3808//3227 
f 3777//3196 3778//3197 3809//3228 
f 3778//3197 3779//3198 3810//3229 
f 3779//3198 3780//3199 3811//3230 
f 3780//3199 3781//3200 3812//3231 
f 3781//3200 3782//3201 3813//3232 
f 3782//3201 3783//3202 3814//3233 
f 3783//3202 3784//3203 3815//3234 
f 3784//3203 3786//3205 3816//3235 
f 3786//3205 3817//3236 3818//3237 
f 3819//3238 3820//3239 3821//3240 
f 3820//3239 3788//3207 3822//3241 
f 3788//3207 3789//3208 3823//3242 
f 3789//3208 3790//3209 3824//3243 
f 3790//3209 3791//3210 3825//3244 
f 3825//3244 3792//3211 3826//3245 
f 3792//3211 3793//3212 3827//3246 
f 3828//3247 3829//3248 3830//3249 
f 3829//3248 3795//3214 3831//3250 
f 3795//3214 3796//3215 3832//3251 
f 3796//3215 3797//3216 3833//3252 
f 3797//3216 3798//3217 3834//3253 
f 3798//3217 3799//3218 3835//3254 
f 3799//3218 3800//3219 3836//3255 
f 3800//3219 3801//3220 3837//3256 
f 3801//3220 3802//3221 3838//3257 
f 3802//3221 3803//3222 3839//3258 
f 3803//3222 3840//3259 3841//3260 
f 3842//3261 3805//3224 3843//3262 
f 3805//3224 3806//3225 3844//3263 
f 3806//3225 3807//3226 3845//3264 
f 3846//3265 3809//3228 3847//3266 
f 3809//3228 3810//3229 3848//3267 
f 3810//3229 3811//3230 3849//3268 
f 3811//3230 3812//3231 3850//3269 
f 3812//3231 3813//3232 3851//3270 
f 3813//3232 3814//3233 3852//3271 
f 3814//3233 3815//3234 3853//3272 
f 3815//3234 3816//3235 3854//3273 
f 3816//3235 3818//3237 3855//3274 
f 3818//3237 3856//3275 3857//3276 
f 3856//3275 3858//3277 3859//3278 
f 3858//3277 3860//3279 3861//3280 
f 3860//3279 3862//3281 3863//3282 
f 3862//3281 3864//3283 3865//3284 
f 3864//3283 3866//3285 3867//3286 
f 3866//3285 3868//3287 3869//3288 
f 3868//3287 3870//3289 3871//3290 
f 3870//3289 3821//3240 3872//3291 
f 3821//3240 3822//3241 3873//3292 
f 3822//3241 3823//3242 3874//3293 
f 3823//3242 3824//3243 3875//3294 
f 3824//3243 3825//3244 3876//3295 
f 3876//3295 3826//3245 3877//3296 
f 3826//3245 3827//3246 3878//3297 
f 3827//3246 3879//3298 3880//3299 
f 3879//3298 3881//3300 3882//3301 
f 3881//3300 3883//3302 3884//3303 
f 3883//3302 3885//3304 3886//3305 
f 3885//3304 3887//3306 3888//3307 
f 3887//3306 3889//3308 3890//3309 
f 3889//3308 3891//3310 3892//3311 
f 3891//3310 3830//3249 3893//3312 
f 3830//3249 3831//3250 3894//3313 
f 3831//3250 3832//3251 3895//3314 
f 3837//3256 3838//3257 3896//3315 
f 3838//3257 3839//3258 3897//3316 
f 3839//3258 3841//3260 3898//3317 
f 3841//3260 3899//3318 3900//3319 
f 3899//3318 3901//3320 3902//3321 
f 3901//3320 3903//3322 3904//3323 
f 3903//3322 3905//3324 3906//3325 
f 3905//3324 3907//3326 3908//3327 
f 3907//3326 3909//3328 3910//3329 
f 3909//3328 3911//3330 3912//3331 
f 3911//3330 3843//3262 3913//3332 
f 3843//3262 3844//3263 3914//3333 
f 3844//3263 3845//3264 3915//3334 
f 3916//3335 3847//3266 3917//3336 
f 3847//3266 3848//3267 3918//3337 
f 3848//3267 3849//3268 3919//3338 
f 3849//3268 3850//3269 3920//3339 
f 3850//3269 3851//3270 3921//3340 
f 3851//3270 3852//3271 3922//3341 
f 3852//3271 3853//3272 3923//3342 
f 3853//3272 3854//3273 3924//3343 
f 3854//3273 3855//3274 3925//3344 
f 3855//3274 3857//3276 3926//3345 
f 3857//3276 3859//3278 3927//3346 
f 3859//3278 3861//3280 3928//3347 
f 3861//3280 3863//3282 3929//3348 
f 3863//3282 3865//3284 3930//3349 
f 3865//3284 3867//3286 3931//3350 
f 3867//3286 3869//3288 3932//3351 
f 3869//3288 3871//3290 3933//3352 
f 3871//3290 3872//3291 3934//3353 
f 3872//3291 3873//3292 3935//3354 
f 3873//3292 3874//3293 3936//3355 
f 3874//3293 3875//3294 3937//3356 
f 3875//3294 3876//3295 3938//3357 
f 3938//3357 3877//3296 3939//3358 
f 3877//3296 3878//3297 3940//3359 
f 3878//3297 3880//3299 3941//3360 
f 3880//3299 3882//3301 3942//3361 
f 3882//3301 3884//3303 3943//3362 
f 3884//3303 3886//3305 3944//3363 
f 3886//3305 3888//3307 3945//3364 
f 3888//3307 3890//3309 3946//3365 
f 3890//3309 3892//3311 3947//3366 
f 3892//3311 3893//3312 3948//3367 
f 3893//3312 3894//3313 3949//3368 
f 3894//3313 3895//3314 3950//3369 
f 3951//3370 3896//3315 3952//3371 
f 3896//3315 3897//3316 3953//3372 
f 3897//3316 3898//3317 3954//3373 
f 3898//3317 3900//3319 3955//3374 
f 3900//3319 3902//3321 3956//3375 
f 3902//3321 3904//3323 3957//3376 
f 3904//3323 3906//3325 3958//3377 
f 3906//3325 3908//3327 3959//3378 
f 3908//3327 3910//3329 3960//3379 
f 3910//3329 3912//3331 3961//3380 
f 3912//3331 3913//3332 3962//3381 
f 3913//3332 3914//3333 3963//3382 
f 3914//3333 3915//3334 3964//3383 
f 3915//3334 3965//3384 3966//3385 
f 3967//3386 3917//3336 3968//3387 
f 3917//3336 3918//3337 3969//3388 
f 3918//3337 3919//3338 3970//3389 
f 3919//3338 3920//3339 3971//3390 
f 3920//3339 3921//3340 3972//3391 
f 3921//3340 3922//3341 3973//3392 
f 3922//3341 3923//3342 3974//3393 
f 3923//3342 3924//3343 3975//3394 
f 3924//3343 3925//3344 3976//3395 
f 3925//3344 3926//3345 3977//3396 
f 3929//3348 3930//3349 3978//3397 
f 3930//3349 3931//3350 3979//3398 
f 3931//3350 3932//3351 3980//3399 
f 3932//3351 3933//3352 3981//3400 
f 3937//3356 3938//3357 3982//3401 
f 3982//3401 3939//3358 3983//3402 
f 3939//3358 3940//3359 3984//3403 
f 3940//3359 3941//3360 3985//3404 
f 3941//3360 3942//3361 3986//3405 
f 3942//3361 3943//3362 3987//3406 
f 3943//3362 3944//3363 3988//3407 
f 3944//3363 3945//3364 3989//3408 
f 3945//3364 3946//3365 3990//3409 
f 3946//3365 3947//3366 3991//3410 
f 3947//3366 3948//3367 3992//3411 
f 3948//3367 3949//3368 3993//3412 
f 3949//3368 3950//3369 3994//3413 
f 3995//3414 3952//3371 3996//3415 
f 3952//3371 3953//3372 3997//3416 
f 3953//3372 3954//3373 3998//3417 
f 3954//3373 3955//3374 3999//3418 
f 3955//3374 3956//3375 4000//3419 
f 3956//3375 3957//3376 4001//3420 
f 3957//3376 3958//3377 4002//3421 
f 3958//3377 3959//3378 4003//3422 
f 3959//3378 3960//3379 4004//3423 
f 3960//3379 3961//3380 4005//3424 
f 3961//3380 3962//3381 4006//3425 
f 3962//3381 3963//3382 4007//3426 
f 3963//3382 3964//3383 4008//3427 
f 3964//3383 3966//3385 4009//3428 
f 3966//3385 4010//3429 4011//3430 
f 4010//3429 4012//3431 4013//3432 
f 4012//3431 4014//3433 4015//3434 
f 4014//3433 4016//3435 4017//3436 
f 4016//3435 4018//3437 4019//3438 
f 4018//3437 3968//3387 4020//3439 
f 3968//3387 3969//3388 4021//3440 
f 3969//3388 3970//3389 4022//3441 
f 3970//3389 3971//3390 4023//3442 
f 3971//3390 3972//3391 4024//3443 
f 3972//3391 3973//3392 4025//3444 
f 3973//3392 3974//3393 4026//3445 
f 3974//3393 3975//3394 4027//3446 
f 3975//3394 3976//3395 4028//3447 
f 3978//3397 3979//3398 4029//3448 
f 3979//3398 3980//3399 4030//3449 
f 3980//3399 3981//3400 4031//3450 
f 4032//3451 3982//3401 4033//3452 
f 4033//3452 3983//3402 4034//3453 
f 3986//3405 3987//3406 4035//3454 
f 3987//3406 3988//3407 4036//3455 
f 3988//3407 3989//3408 4037//3456 
f 3989//3408 3990//3409 4038//3457 
f 3990//3409 3991//3410 4039//3458 
f 3991//3410 3992//3411 4040//3459 
f 3992//3411 3993//3412 4041//3460 
f 3993//3412 3994//3413 4042//3461 
f 3994//3413 4043//3462 4044//3463 
f 4045//3464 4046//3465 4047//3466 
f 4046//3465 3996//3415 4048//3467 
f 3996//3415 3997//3416 4049//3468 
f 3997//3416 3998//3417 4050//3469 
f 3998//3417 3999//3418 4051//3470 
f 3999//3418 4000//3419 4052//3471 
f 4000//3419 4001//3420 4053//3472 
f 4001//3420 4002//3421 4054//3473 
f 4002//3421 4003//3422 4055//3474 
f 4006//3425 4007//3426 4056//3475 
f 4007//3426 4008//3427 4057//3476 
f 4008//3427 4009//3428 4058//3477 
f 4009//3428 4011//3430 4059//3478 
f 4011//3430 4013//3432 4060//3479 
f 4013//3432 4015//3434 4061//3480 
f 4015//3434 4017//3436 4062//3481 
f 4017//3436 4019//3438 4063//3482 
f 4022//3441 4023//3442 4064//3483 
f 4023//3442 4024//3443 4065//3484 
f 4024//3443 4025//3444 4066//3485 
f 4025//3444 4026//3445 4067//3486 
f 4026//3445 4027//3446 4068//3487 
f 4027//3446 4028//3447 4069//3488 
f 4070//3489 4029//3448 4071//3490 
f 4029//3448 4030//3449 4072//3491 
f 4030//3449 4031//3450 4073//3492 
f 4074//3493 4033//3452 4075//3494 
f 4075//3494 4034//3453 4076//3495 
f 4035//3454 4036//3455 4077//3496 
f 4036//3455 4037//3456 4078//3497 
f 4037//3456 4038//3457 4079//3498 
f 4038//3457 4039//3458 4080//3499 
f 4039//3458 4040//3459 4081//3500 
f 4040//3459 4041//3460 4082//3501 
f 4041//3460 4042//3461 4083//3502 
f 4042//3461 4044//3463 4084//3503 
f 4044//3463 4085//3504 4086//3505 
f 4085//3504 4087//3506 4088//3507 
f 4087//3506 4089//3508 4090//3509 
f 4089//3508 4047//3466 4091//3510 
f 4047//3466 4048//3467 4092//3511 
f 4048//3467 4049//3468 4093//3512 
f 4049//3468 4050//3469 4094//3513 
f 4050//3469 4051//3470 4095//3514 
f 4051//3470 4052//3471 4096//3515 
f 4052//3471 4053//3472 4097//3516 
f 4053//3472 4054//3473 4098//3517 
f 4099//3518 4056//3475 4100//3519 
f 4056//3475 4057//3476 4101//3520 
f 4057//3476 4058//3477 4102//3521 
f 4058//3477 4059//3478 4103//3522 
f 4059//3478 4060//3479 4104//3523 
f 4060//3479 4061//3480 4105//3524 
f 4061//3480 4062//3481 4106//3525 
f 4062//3481 4063//3482 4107//3526 
f 4064//3483 4065//3484 4108//3527 
f 4065//3484 4066//3485 4109//3528 
f 4066//3485 4067//3486 4110//3529 
f 4067//3486 4068//3487 4111//3530 
f 4068//3487 4069//3488 4112//3531 
f 4069//3488 4113//3532 4114//3533 
f 4115//3534 4071//3490 4116//3535 
f 4071//3490 4072//3491 4117//3536 
f 4072//3491 4073//3492 4118//3537 
f 4119//3538 4075//3494 4120//3539 
f 4120//3539 4076//3495 4121//3540 
f 4122//3541 4077//3496 4123//3542 
f 4077//3496 4078//3497 4124//3543 
f 4078//3497 4079//3498 4125//3544 
f 4079//3498 4080//3499 4126//3545 
f 4080//3499 4081//3500 4127//3546 
f 4081//3500 4082//3501 4128//3547 
f 4082//3501 4083//3502 4129//3548 
f 4083//3502 4084//3503 4130//3549 
f 4084//3503 4086//3505 4131//3550 
f 4086//3505 4088//3507 4132//3551 
f 4088//3507 4090//3509 4133//3552 
f 4090//3509 4091//3510 4134//3553 
f 4091//3510 4092//3511 4135//3554 
f 4092//3511 4093//3512 4136//3555 
f 4093//3512 4094//3513 4137//3556 
f 4094//3513 4095//3514 4138//3557 
f 4095//3514 4096//3515 4139//3558 
f 4096//3515 4097//3516 4140//3559 
f 4097//3516 4098//3517 4141//3560 
f 4142//3561 4100//3519 4143//3562 
f 4100//3519 4101//3520 4144//3563 
f 4104//3523 4105//3524 4145//3564 
f 4105//3524 4106//3525 4146//3565 
f 4106//3525 4107//3526 4147//3566 
f 4148//3567 4108//3527 4149//3568 
f 4108//3527 4109//3528 4150//3569 
f 4109//3528 4110//3529 4151//3570 
f 4110//3529 4111//3530 4152//3571 
f 4111//3530 4112//3531 4153//3572 
f 4112//3531 4114//3533 4154//3573 
f 4114//3533 4155//3574 4156//3575 
f 4155//3574 4157//3576 4158//3577 
f 4157//3576 4159//3578 4160//3579 
f 4159//3578 4161//3580 4162//3581 
f 4161//3580 4116//3535 4163//3582 
f 4116//3535 4117//3536 4164//3583 
f 4117//3536 4118//3537 4165//3584 
f 4118//3537 4166//3585 4167//3586 
f 4166//3585 4168//3587 4169//3588 
f 4168//3587 4170//3589 4171//3590 
f 4170//3589 4172//3591 4173//3592 
f 4172//3591 4120//3539 4174//3593 
f 4174//3593 4121//3540 4175//3594 
f 4176//3595 4177//3596 4178//3597 
f 4177//3596 4123//3542 4179//3598 
f 4123//3542 4124//3543 4180//3599 
f 4126//3545 4127//3546 4181//3600 
f 4127//3546 4128//3547 4182//3601 
f 4128//3547 4129//3548 4183//3602 
f 4129//3548 4130//3549 4184//3603 
f 4130//3549 4131//3550 4185//3604 
f 4132//3551 4133//3552 4186//3605 
f 4133//3552 4134//3553 4187//3606 
f 4134//3553 4135//3554 4188//3607 
f 4135//3554 4136//3555 4189//3608 
f 4136//3555 4137//3556 4190//3609 
f 4139//3558 4140//3559 4191//3610 
f 4140//3559 4141//3560 4192//3611 
f 4141//3560 4193//3612 4194//3613 
f 4195//3614 4143//3562 4196//3615 
f 4145//3564 4146//3565 4197//3616 
f 4146//3565 4147//3566 4198//3617 
f 4199//3618 4149//3568 4200//3619 
f 4149//3568 4150//3569 4201//3620 
f 4150//3569 4151//3570 4202//3621 
f 4152//3571 4153//3572 4203//3622 
f 4153//3572 4154//3573 4204//3623 
f 4154//3573 4156//3575 4205//3624 
f 4156//3575 4158//3577 4206//3625 
f 4158//3577 4160//3579 4207//3626 
f 4160//3579 4162//3581 4208//3627 
f 4162//3581 4163//3582 4209//3628 
f 4163//3582 4164//3583 4210//3629 
f 4164//3583 4165//3584 4211//3630 
f 4165//3584 4167//3586 4212//3631 
f 4167//3586 4169//3588 4213//3632 
f 4169//3588 4171//3590 4214//3633 
f 4171//3590 4173//3592 4215//3634 
f 4173//3592 4174//3593 4216//3635 
f 4216//3635 4175//3594 4217//3636 
f 4175//3594 4218//3637 4219//3638 
f 4218//3637 4220//3639 4221//3640 
f 4220//3639 4222//3641 4223//3642 
f 4222//3641 4178//3597 4224//3643 
f 4178//3597 4179//3598 4225//3644 
f 4181//3600 4182//3601 4226//3645 
f 4182//3601 4183//3602 4227//3646 
f 4183//3602 4184//3603 4228//3647 
f 4186//3605 4187//3606 4229//3648 
f 4187//3606 4188//3607 4230//3649 
f 4188//3607 4189//3608 4231//3650 
f 4191//3610 4192//3611 4232//3651 
f 4192//3611 4194//3613 4233//3652 
f 4194//3613 4234//3653 4235//3654 
f 4234//3653 4236//3655 4237//3656 
f 4236//3655 4238//3657 4239//3658 
f 4238//3657 4196//3615 4240//3659 
f 4196//3615 4241//3660 4242//3661 
f 4243//3662 4197//3616 4244//3663 
f 4197//3616 4198//3617 4245//3664 
f 4198//3617 4246//3665 4247//3666 
f 4246//3665 4248//3667 4249//3668 
f 4248//3667 4250//3669 4251//3670 
f 4250//3669 4252//3671 4253//3672 
f 4252//3671 4200//3619 4254//3673 
f 4200//3619 4201//3620 4255//3674 
f 4203//3622 4204//3623 4256//3675 
f 4204//3623 4205//3624 4257//3676 
f 4205//3624 4206//3625 4258//3677 
f 4206//3625 4207//3626 4259//3678 
f 4207//3626 4208//3627 4260//3679 
f 4208//3627 4209//3628 4261//3680 
f 4209//3628 4210//3629 4262//3681 
f 4210//3629 4211//3630 4263//3682 
f 4211//3630 4212//3631 4264//3683 
f 4212//3631 4213//3632 4265//3684 
f 4213//3632 4214//3633 4266//3685 
f 4214//3633 4215//3634 4267//3686 
f 4215//3634 4216//3635 4268//3687 
f 4268//3687 4217//3636 4269//3688 
f 4217//3636 4219//3638 4270//3689 
f 4219//3638 4221//3640 4271//3690 
f 4221//3640 4223//3642 4272//3691 
f 4223//3642 4224//3643 4273//3692 
f 4224//3643 4225//3644 4274//3693 
f 4275//3694 4226//3645 4276//3695 
f 4226//3645 4227//3646 4277//3696 
f 4229//3648 4230//3649 4278//3697 
f 4230//3649 4231//3650 4279//3698 
f 4280//3699 4232//3651 4281//3700 
f 4232//3651 4233//3652 4282//3701 
f 4233//3652 4235//3654 4283//3702 
f 4235//3654 4237//3656 4284//3703 
f 4237//3656 4239//3658 4285//3704 
f 4239//3658 4240//3659 4286//3705 
f 4240//3659 4242//3661 4287//3706 
f 4288//3707 4289//3708 4290//3709 
f 4289//3708 4244//3663 4291//3710 
f 4244//3663 4245//3664 4292//3711 
f 4245//3664 4247//3666 4293//3712 
f 4247//3666 4249//3668 4294//3713 
f 4249//3668 4251//3670 4295//3714 
f 4251//3670 4253//3672 4296//3715 
f 4253//3672 4254//3673 4297//3716 
f 4256//3675 4257//3676 4298//3717 
f 4257//3676 4258//3677 4299//3718 
f 4258//3677 4259//3678 4300//3719 
f 4259//3678 4260//3679 4301//3720 
f 4260//3679 4261//3680 4302//3721 
f 4261//3680 4262//3681 4303//3722 
f 4262//3681 4263//3682 4304//3723 
f 4263//3682 4264//3683 4305//3724 
f 4267//3686 4268//3687 4306//3725 
f 4306//3725 4269//3688 4307//3726 
f 4269//3688 4270//3689 4308//3727 
f 4270//3689 4271//3690 4309//3728 
f 4271//3690 4272//3691 4310//3729 
f 4272//3691 4273//3692 4311//3730 
f 4273//3692 4274//3693 4312//3731 
f 4313//3732 4276//3695 4314//3733 
f 4276//3695 4277//3696 4315//3734 
f 4277//3696 4316//3735 4317//3736 
f 4318//3737 4319//3738 4320//3739 
f 4319//3738 4278//3697 4321//3740 
f 4278//3697 4279//3698 4322//3741 
f 4323//3742 4281//3700 4324//3743 
f 4281//3700 4282//3701 4325//3744 
f 4282//3701 4283//3702 4326//3745 
f 4283//3702 4284//3703 4327//3746 
f 4284//3703 4285//3704 4328//3747 
f 4285//3704 4286//3705 4329//3748 
f 4286//3705 4287//3706 4330//3749 
f 4287//3706 4331//3750 4332//3751 
f 4331//3750 4333//3752 4334//3753 
f 4333//3752 4335//3754 4336//3755 
f 4335//3754 4290//3709 4337//3756 
f 4290//3709 4291//3710 4338//3757 
f 4291//3710 4292//3711 4339//3758 
f 4292//3711 4293//3712 4340//3759 
f 4293//3712 4294//3713 4341//3760 
f 4294//3713 4295//3714 4342//3761 
f 4295//3714 4296//3715 4343//3762 
f 4296//3715 4297//3716 4344//3763 
f 4297//3716 4345//3764 4346//3765 
f 4347//3766 4348//3767 4349//3768 
f 4348//3767 4298//3717 4350//3769 
f 4298//3717 4299//3718 4351//3770 
f 4299//3718 4300//3719 4352//3771 
f 4300//3719 4301//3720 4353//3772 
f 4301//3720 4302//3721 4354//3773 
f 4302//3721 4303//3722 4355//3774 
f 4303//3722 4304//3723 4356//3775 
f 4357//3776 4306//3725 4358//3777 
f 4358//3777 4307//3726 4359//3778 
f 4310//3729 4311//3730 4360//3779 
f 4311//3730 4312//3731 4361//3780 
f 4312//3731 4362//3781 4363//3782 
f 4364//3783 4365//3784 4366//3785 
f 4365//3784 4314//3733 4367//3786 
f 4314//3733 4315//3734 4368//3787 
f 4315//3734 4317//3736 4369//3788 
f 4317//3736 4370//3789 4371//3790 
f 4372//3791 4373//3792 4374//3793 
f 4373//3792 4320//3739 4375//3794 
f 4320//3739 4321//3740 4376//3795 
f 4321//3740 4322//3741 4377//3796 
f 4322//3741 4378//3797 4379//3798 
f 4380//3799 4381//3800 4382//3801 
f 4381//3800 4324//3743 4383//3802 
f 4324//3743 4325//3744 4384//3803 
f 4328//3747 4329//3748 4385//3804 
f 4329//3748 4330//3749 4386//3805 
f 4330//3749 4332//3751 4387//3806 
f 4332//3751 4334//3753 4388//3807 
f 4334//3753 4336//3755 4389//3808 
f 4336//3755 4337//3756 4390//3809 
f 4337//3756 4338//3757 4391//3810 
f 4338//3757 4339//3758 4392//3811 
f 4339//3758 4340//3759 4393//3812 
f 4340//3759 4341//3760 4394//3813 
f 4341//3760 4342//3761 4395//3814 
f 4342//3761 4343//3762 4396//3815 
f 4343//3762 4344//3763 4397//3816 
f 4344//3763 4346//3765 4398//3817 
f 4346//3765 4399//3818 4400//3819 
f 4401//3820 4402//3821 4403//3822 
f 4402//3821 4349//3768 4404//3823 
f 4349//3768 4350//3769 4405//3824 
f 4354//3773 4355//3774 4406//3825 
f 4355//3774 4356//3775 4407//3826 
f 4408//3827 4359//3778 4409//3828 
f 4360//3779 4361//3780 4410//3829 
f 4361//3780 4363//3782 4411//3830 
f 4363//3782 4412//3831 4413//3832 
f 4412//3831 4414//3833 4415//3834 
f 4414//3833 4366//3785 4416//3835 
f 4366//3785 4367//3786 4417//3836 
f 4367//3786 4368//3787 4418//3837 
f 4368//3787 4369//3788 4419//3838 
f 4369//3788 4371//3790 4420//3839 
f 4371//3790 4421//3840 4422//3841 
f 4421//3840 4374//3793 4423//3842 
f 4374//3793 4375//3794 4424//3843 
f 4375//3794 4376//3795 4425//3844 
f 4376//3795 4377//3796 4426//3845 
f 4377//3796 4379//3798 4427//3846 
f 4379//3798 4428//3847 4429//3848 
f 4428//3847 4430//3849 4431//3850 
f 4430//3849 4382//3801 4432//3851 
f 4382//3801 4383//3802 4433//3852 
f 4434//3853 4385//3804 4435//3854 
f 4385//3804 4386//3805 4436//3855 
f 4386//3805 4387//3806 4437//3856 
f 4387//3806 4388//3807 4438//3857 
f 4388//3807 4389//3808 4439//3858 
f 4389//3808 4390//3809 4440//3859 
f 4390//3809 4391//3810 4441//3860 
f 4391//3810 4392//3811 4442//3861 
f 4392//3811 4393//3812 4443//3862 
f 4393//3812 4394//3813 4444//3863 
f 4394//3813 4395//3814 4445//3864 
f 4395//3814 4396//3815 4446//3865 
f 4396//3815 4397//3816 4447//3866 
f 4397//3816 4398//3817 4448//3867 
f 4398//3817 4400//3819 4449//3868 
f 4400//3819 4450//3869 4451//3870 
f 4450//3869 4403//3822 4452//3871 
f 4403//3822 4404//3823 4453//3872 
f 4404//3823 4405//3824 4454//3873 
f 4455//3874 4406//3825 4456//3875 
f 4406//3825 4407//3826 4457//3876 
f 4407//3826 4458//3877 4459//3878 
f 4460//3879 4408//3827 4461//3880 
f 4461//3880 4409//3828 4462//3881 
f 4463//3882 4410//3829 4464//3883 
f 4410//3829 4411//3830 4465//3884 
f 4411//3830 4413//3832 4466//3885 
f 4413//3832 4415//3834 4467//3886 
f 4415//3834 4416//3835 4468//3887 
f 4416//3835 4417//3836 4469//3888 
f 4417//3836 4418//3837 4470//3889 
f 4418//3837 4419//3838 4471//3890 
f 4419//3838 4420//3839 4472//3891 
f 4420//3839 4422//3841 4473//3892 
f 4422//3841 4423//3842 4474//3893 
f 4423//3842 4424//3843 4475//3894 
f 4424//3843 4425//3844 4476//3895 
f 4425//3844 4426//3845 4477//3896 
f 4426//3845 4427//3846 4478//3897 
f 4427//3846 4429//3848 4479//3898 
f 4429//3848 4431//3850 4480//3899 
f 4431//3850 4432//3851 4481//3900 
f 4432//3851 4433//3852 4482//3901 
f 4483//3902 4435//3854 4484//3903 
f 4435//3854 4436//3855 4485//3904 
f 4440//3859 4441//3860 4486//3905 
f 4441//3860 4442//3861 4487//3906 
f 4442//3861 4443//3862 4488//3907 
f 4447//3866 4448//3867 4489//3908 
f 4448//3867 4449//3868 4490//3909 
f 4449//3868 4451//3870 4491//3910 
f 4451//3870 4452//3871 4492//3911 
f 4452//3871 4453//3872 4493//3912 
f 4453//3872 4454//3873 4494//3913 
f 4495//3914 4456//3875 4496//3915 
f 4456//3875 4457//3876 4497//3916 
f 4457//3876 4459//3878 4498//3917 
f 4459//3878 4499//3918 4500//3919 
f 4499//3918 4501//3920 4502//3921 
f 4501//3920 4503//3922 4504//3923 
f 4503//3922 4461//3880 4505//3924 
f 4505//3924 4462//3881 4506//3925 
f 4507//3926 4508//3927 4509//3928 
f 4508//3927 4464//3883 4510//3929 
f 4464//3883 4465//3884 4511//3930 
f 4465//3884 4466//3885 4512//3931 
f 4466//3885 4467//3886 4513//3932 
f 4467//3886 4468//3887 4514//3933 
f 4468//3887 4469//3888 4515//3934 
f 4469//3888 4470//3889 4516//3935 
f 4470//3889 4471//3890 4517//3936 
f 4474//3893 4475//3894 4518//3937 
f 4475//3894 4476//3895 4519//3938 
f 4476//3895 4477//3896 4520//3939 
f 4477//3896 4478//3897 4521//3940 
f 4478//3897 4479//3898 4522//3941 
f 4479//3898 4480//3899 4523//3942 
f 4480//3899 4481//3900 4524//3943 
f 4481//3900 4482//3901 4525//3944 
f 4482//3901 4526//3945 4527//3946 
f 4528//3947 4484//3903 4529//3948 
f 4484//3903 4485//3904 4530//3949 
f 4531//3950 4486//3905 4532//3951 
f 4486//3905 4487//3906 4533//3952 
f 4487//3906 4488//3907 4534//3953 
f 4489//3908 4490//3909 4535//3954 
f 4490//3909 4491//3910 4536//3955 
f 4491//3910 4492//3911 4537//3956 
f 4492//3911 4493//3912 4538//3957 
f 4493//3912 4494//3913 4539//3958 
f 4494//3913 4540//3959 4541//3960 
f 4542//3961 4496//3915 4543//3962 
f 4496//3915 4497//3916 4544//3963 
f 4497//3916 4498//3917 4545//3964 
f 4498//3917 4500//3919 4546//3965 
f 4500//3919 4502//3921 4547//3966 
f 4502//3921 4504//3923 4548//3967 
f 4504//3923 4505//3924 4549//3968 
f 4549//3968 4506//3925 4550//3969 
f 4506//3925 4551//3970 4552//3971 
f 4551//3970 4553//3972 4554//3973 
f 4553//3972 4555//3974 4556//3975 
f 4555//3974 4509//3928 4557//3976 
f 4509//3928 4510//3929 4558//3977 
f 4510//3929 4511//3930 4559//3978 
f 4511//3930 4512//3931 4560//3979 
f 4512//3931 4513//3932 4561//3980 
f 4513//3932 4514//3933 4562//3981 
f 4514//3933 4515//3934 4563//3982 
f 4515//3934 4516//3935 4564//3983 
f 4518//3937 4519//3938 4565//3984 
f 4519//3938 4520//3939 4566//3985 
f 4520//3939 4521//3940 4567//3986 
f 4521//3940 4522//3941 4568//3987 
f 4522//3941 4523//3942 4569//3988 
f 4523//3942 4524//3943 4570//3989 
f 4524//3943 4525//3944 4571//3990 
f 4525//3944 4527//3946 4572//3991 
f 4527//3946 4573//3992 4574//3993 
f 4573//3992 4575//3994 4576//3995 
f 4575//3994 4577//3996 4578//3997 
f 4577//3996 4529//3948 4579//3998 
f 4529//3948 4530//3949 4580//3999 
f 4581//4000 4532//3951 4582//4001 
f 4532//3951 4533//3952 4583//4002 
f 4533//3952 4534//3953 4584//4003 
f 4585//4004 4535//3954 4586//4005 
f 4535//3954 4536//3955 4587//4006 
f 4536//3955 4537//3956 4588//4007 
f 4537//3956 4538//3957 4589//4008 
f 4538//3957 4539//3958 4590//4009 
f 4539//3958 4541//3960 4591//4010 
f 4541//3960 4592//4011 4593//4012 
f 4592//4011 4594//4013 4595//4014 
f 4594//4013 4596//4015 4597//4016 
f 4596//4015 4543//3962 4598//4017 
f 4543//3962 4544//3963 4599//4018 
f 4544//3963 4545//3964 4600//4019 
f 4545//3964 4546//3965 4601//4020 
f 4546//3965 4547//3966 4602//4021 
f 4547//3966 4548//3967 4603//4022 
f 4548//3967 4549//3968 4604//4023 
f 4604//4023 4550//3969 4605//4024 
f 4550//3969 4552//3971 4606//4025 
f 4552//3971 4554//3973 4607//4026 
f 4554//3973 4556//3975 4608//4027 
f 4556//3975 4557//3976 4609//4028 
f 4557//3976 4558//3977 4610//4029 
f 4558//3977 4559//3978 4611//4030 
f 4559//3978 4560//3979 4612//4031 
f 4560//3979 4561//3980 4613//4032 
f 4561//3980 4562//3981 4614//4033 
f 4562//3981 4563//3982 4615//4034 
f 4563//3982 4564//3983 4616//4035 
f 4617//4036 4565//3984 4618//4037 
f 4565//3984 4566//3985 4619//4038 
f 4566//3985 4567//3986 4620//4039 
f 4567//3986 4568//3987 4621//4040 
f 4568//3987 4569//3988 4622//4041 
f 4569//3988 4570//3989 4623//4042 
f 4570//3989 4571//3990 4624//4043 
f 4571//3990 4572//3991 4625//4044 
f 4572//3991 4574//3993 4626//4045 
f 4574//3993 4576//3995 4627//4046 
f 4576//3995 4578//3997 4628//4047 
f 4578//3997 4579//3998 4629//4048 
f 4579//3998 4580//3999 4630//4049 
f 4631//4050 4582//4001 4632//4051 
f 4582//4001 4583//4002 4633//4052 
f 4583//4002 4584//4003 4634//4053 
f 4584//4003 4635//4054 4636//4055 
f 4637//4056 4638//4057 4639//4058 
f 4638//4057 4586//4005 4640//4059 
f 4586//4005 4587//4006 4641//4060 
f 4587//4006 4588//4007 4642//4061 
f 4588//4007 4589//4008 4643//4062 
f 4589//4008 4590//4009 4644//4063 
f 4590//4009 4591//4010 4645//4064 
f 4591//4010 4593//4012 4646//4065 
f 4593//4012 4595//4014 4647//4066 
f 4595//4014 4597//4016 4648//4067 
f 4602//4021 4603//4022 4649//4068 
f 4603//4022 4604//4023 4650//4069 
f 4650//4069 4605//4024 4651//4070 
f 4605//4024 4606//4025 4652//4071 
f 4606//4025 4607//4026 4653//4072 
f 4607//4026 4608//4027 4654//4073 
f 4608//4027 4609//4028 4655//4074 
f 4609//4028 4610//4029 4656//4075 
f 4610//4029 4611//4030 4657//4076 
f 4611//4030 4612//4031 4658//4077 
f 4612//4031 4613//4032 4659//4078 
f 4613//4032 4614//4033 4660//4079 
f 4614//4033 4615//4034 4661//4080 
f 4615//4034 4616//4035 4662//4081 
f 4663//4082 4618//4037 4664//4083 
f 4618//4037 4619//4038 4665//4084 
f 4619//4038 4620//4039 4666//4085 
f 4620//4039 4621//4040 4667//4086 
f 4621//4040 4622//4041 4668//4087 
f 4622//4041 4623//4042 4669//4088 
f 4623//4042 4624//4043 4670//4089 
f 4624//4043 4625//4044 4671//4090 
f 4625//4044 4626//4045 4672//4091 
f 4626//4045 4627//4046 4673//4092 
f 4627//4046 4628//4047 4674//4093 
f 4628//4047 4629//4048 4675//4094 
f 4629//4048 4630//4049 4676//4095 
f 4630//4049 4677//4096 4678//4097 
f 4677//4096 4679//4098 4680//4099 
f 4679//4098 4681//4100 4682//4101 
f 4681//4100 4683//4102 4684//4103 
f 4683//4102 4632//4051 4685//4104 
f 4632//4051 4633//4052 4686//4105 
f 4633//4052 4634//4053 4687//4106 
f 4634//4053 4636//4055 4688//4107 
f 4636//4055 4689//4108 4690//4109 
f 4689//4108 4691//4110 4692//4111 
f 4691//4110 4693//4112 4694//4113 
f 4693//4112 4639//4058 4695//4114 
f 4639//4058 4640//4059 4696//4115 
f 4640//4059 4641//4060 4697//4116 
f 4641//4060 4642//4061 4698//4117 
f 4642//4061 4643//4062 4699//4118 
f 4643//4062 4644//4063 4700//4119 
f 4644//4063 4645//4064 4701//4120 
f 4645//4064 4646//4065 4702//4121 
f 4646//4065 4647//4066 4703//4122 
f 4647//4066 4648//4067 4704//4123 
f 4649//4068 4650//4069 4705//4124 
f 4705//4124 4651//4070 4706//4125 
f 4651//4070 4652//4071 4707//4126 
f 4659//4078 4660//4079 4708//4127 
f 4660//4079 4661//4080 4709//4128 
f 4661//4080 4662//4081 4710//4129 
f 4662//4081 4711//4130 4712//4131 
f 4711//4130 4713//4132 4714//4133 
f 4713//4132 4715//4134 4716//4135 
f 4715//4134 4717//4136 4718//4137 
f 4717//4136 4719//4138 4720//4139 
f 4719//4138 4664//4083 4721//4140 
f 4664//4083 4665//4084 4722//4141 
f 4665//4084 4666//4085 4723//4142 
f 4673//4092 4674//4093 4724//4143 
f 4674//4093 4675//4094 4725//4144 
f 4675//4094 4676//4095 4726//4145 
f 4676//4095 4678//4097 4727//4146 
f 4678//4097 4680//4099 4728//4147 
f 4680//4099 4682//4101 4729//4148 
f 4682//4101 4684//4103 4730//4149 
f 4684//4103 4685//4104 4731//4150 
f 4685//4104 4686//4105 4732//4151 
f 4686//4105 4687//4106 4733//4152 
f 4687//4106 4688//4107 4734//4153 
f 4688//4107 4690//4109 4735//4154 
f 4690//4109 4692//4111 4736//4155 
f 4692//4111 4694//4113 4737//4156 
f 4694//4113 4695//4114 4738//4157 
f 4695//4114 4696//4115 4739//4158 
f 4696//4115 4697//4116 4740//4159 
f 4697//4116 4698//4117 4741//4160 
f 4698//4117 4699//4118 4742//4161 
f 4699//4118 4700//4119 4743//4162 
f 4700//4119 4701//4120 4744//4163 
f 4701//4120 4702//4121 4745//4164 
f 4702//4121 4703//4122 4746//4165 
f 4703//4122 4704//4123 4747//4166 
f 4748//4167 4705//4124 4749//4168 
f 4749//4168 4706//4125 4750//4169 
f 4706//4125 4707//4126 4751//4170 
f 4708//4127 4709//4128 4752//4171 
f 4709//4128 4710//4129 4753//4172 
f 4710//4129 4712//4131 4754//4173 
f 4712//4131 4714//4133 4755//4174 
f 4714//4133 4716//4135 4756//4175 
f 4716//4135 4718//4137 4757//4176 
f 4718//4137 4720//4139 4758//4177 
f 4720//4139 4721//4140 4759//4178 
f 4721//4140 4722//4141 4760//4179 
f 4761//4180 4724//4143 4762//4181 
f 4724//4143 4725//4144 4763//4182 
f 4725//4144 4726//4145 4764//4183 
f 4726//4145 4727//4146 4765//4184 
f 4727//4146 4728//4147 4766//4185 
f 4728//4147 4729//4148 4767//4186 
f 4729//4148 4730//4149 4768//4187 
f 4738//4157 4739//4158 4769//4188 
f 4739//4158 4740//4159 4770//4189 
f 4740//4159 4741//4160 4771//4190 
f 4741//4160 4742//4161 4772//4191 
f 4742//4161 4743//4162 4773//4192 
f 4743//4162 4744//4163 4774//4193 
f 4744//4163 4745//4164 4775//4194 
f 4745//4164 4746//4165 4776//4195 
f 4746//4165 4747//4166 4777//4196 
f 4778//4197 4779//4198 4780//4199 
f 4779//4198 4749//4168 4781//4200 
f 4781//4200 4750//4169 4782//4201 
f 4750//4169 4751//4170 4783//4202 
f 4784//4203 4752//4171 4785//4204 
f 4752//4171 4753//4172 4786//4205 
f 4753//4172 4754//4173 4787//4206 
f 4754//4173 4755//4174 4788//4207 
f 4755//4174 4756//4175 4789//4208 
f 4756//4175 4757//4176 4790//4209 
f 4757//4176 4758//4177 4791//4210 
f 4758//4177 4759//4178 4792//4211 
f 4759//4178 4760//4179 4793//4212 
f 4794//4213 4762//4181 4795//4214 
f 4762//4181 4763//4182 4796//4215 
f 4763//4182 4764//4183 4797//4216 
f 4764//4183 4765//4184 4798//4217 
f 4765//4184 4766//4185 4799//4218 
f 4766//4185 4767//4186 4800//4219 
f 4769//4188 4770//4189 4801//4220 
f 4770//4189 4771//4190 4802//4221 
f 4771//4190 4772//4191 4803//4222 
f 4772//4191 4773//4192 4804//4223 
f 4773//4192 4774//4193 4805//4224 
f 4774//4193 4775//4194 4806//4225 
f 4775//4194 4776//4195 4807//4226 
f 4776//4195 4777//4196 4808//4227 
f 4777//4196 4809//4228 4810//4229 
f 4809//4228 4811//4230 4812//4231 
f 4811//4230 4813//4232 4814//4233 
f 4813//4232 4815//4234 4816//4235 
f 4815//4234 4817//4236 4818//4237 
f 4817//4236 4780//4199 4819//4238 
f 4780//4199 4781//4200 4820//4239 
f 4820//4239 4782//4201 4821//4240 
f 4782//4201 4783//4202 4822//4241 
f 4783//4202 4823//4242 4824//4243 
f 4823//4242 4825//4244 4826//4245 
f 4827//4246 4828//4247 4829//4248 
f 4828//4247 4830//4249 4831//4250 
f 4830//4249 4785//4204 4832//4251 
f 4785//4204 4786//4205 4833//4252 
f 4786//4205 4787//4206 4834//4253 
f 4787//4206 4788//4207 4835//4254 
f 4788//4207 4789//4208 4836//4255 
f 4789//4208 4790//4209 4837//4256 
f 4790//4209 4791//4210 4838//4257 
f 4791//4210 4792//4211 4839//4258 
f 4792//4211 4793//4212 4840//4259 
f 4793//4212 4841//4260 4842//4261 
f 4841//4260 4843//4262 4844//4263 
f 4845//4264 4846//4265 4847//4266 
f 4846//4265 4848//4267 4849//4268 
f 4848//4267 4795//4214 4850//4269 
f 4795//4214 4796//4215 4851//4270 
f 4796//4215 4797//4216 4852//4271 
f 4797//4216 4798//4217 4853//4272 
f 4798//4217 4799//4218 4854//4273 
f 4799//4218 4800//4219 4855//4274 
f 4801//4220 4802//4221 4856//4275 
f 4802//4221 4803//4222 4857//4276 
f 4803//4222 4804//4223 4858//4277 
f 4804//4223 4805//4224 4859//4278 
f 4805//4224 4806//4225 4860//4279 
f 4806//4225 4807//4226 4861//4280 
f 4807//4226 4808//4227 4862//4281 
f 4808//4227 4810//4229 4863//4282 
f 4810//4229 4812//4231 4864//4283 
f 4812//4231 4814//4233 4865//4284 
f 4814//4233 4816//4235 4866//4285 
f 4816//4235 4818//4237 4867//4286 
f 4818//4237 4819//4238 4868//4287 
f 4819//4238 4820//4239 4869//4288 
f 4869//4288 4821//4240 4870//4289 
f 4821//4240 4822//4241 4871//4290 
f 4822//4241 4824//4243 4872//4291 
f 4824//4243 4826//4245 4873//4292 
f 4826//4245 4874//4293 4875//4294 
f 4874//4293 4876//4295 4877//4296 
f 4876//4295 4878//4297 4879//4298 
f 4878//4297 4880//4299 4881//4300 
f 4880//4299 4829//4248 4882//4301 
f 4829//4248 4831//4250 4883//4302 
f 4831//4250 4832//4251 4884//4303 
f 4832//4251 4833//4252 4885//4304 
f 4833//4252 4834//4253 4886//4305 
f 4834//4253 4835//4254 4887//4306 
f 4835//4254 4836//4255 4888//4307 
f 4836//4255 4837//4256 4889//4308 
f 4837//4256 4838//4257 4890//4309 
f 4838//4257 4839//4258 4891//4310 
f 4839//4258 4840//4259 4892//4311 
f 4840//4259 4842//4261 4893//4312 
f 4842//4261 4844//4263 4894//4313 
f 4844//4263 4895//4314 4896//4315 
f 4895//4314 4897//4316 4898//4317 
f 4897//4316 4899//4318 4900//4319 
f 4899//4318 4901//4320 4902//4321 
f 4901//4320 4847//4266 4903//4322 
f 4847//4266 4849//4268 4904//4323 
f 4849//4268 4850//4269 4905//4324 
f 4850//4269 4851//4270 4906//4325 
f 4851//4270 4852//4271 4907//4326 
f 4852//4271 4853//4272 4908//4327 
f 4853//4272 4854//4273 4909//4328 
f 4854//4273 4855//4274 4910//4329 
f 4911//4330 4912//4331 4913//4332 
f 4912//4331 4856//4275 4914//4333 
f 4856//4275 4857//4276 4915//4334 
f 4857//4276 4858//4277 4916//4335 
f 4858//4277 4859//4278 4917//4336 
f 4859//4278 4860//4279 4918//4337 
f 4860//4279 4861//4280 4919//4338 
f 4861//4280 4862//4281 4920//4339 
f 4862//4281 4863//4282 4921//4340 
f 4863//4282 4864//4283 4922//4341 
f 4864//4283 4865//4284 4923//4342 
f 4865//4284 4866//4285 4924//4343 
f 4866//4285 4867//4286 4925//4344 
f 4867//4286 4868//4287 4926//4345 
f 4868//4287 4869//4288 4927//4346 
f 4362//3781 2571//4347 2572//4348 
f 2572//4348 2573//4349 4362//3781 
f 4362//3781 2570//4350 2571//4347 
f 2573//4349 2574//4351 4362//3781 
f 4412//3831 4363//3782 2576//4352 
f 4363//3782 4362//3781 2575//4353 
f 2575//4353 2576//4352 4363//3782 
f 2576//4352 2577//4354 4412//3831 
f 2577//4354 2578//4355 4412//3831 
f 4414//3833 4412//3831 2582//4356 
f 4412//3831 2579//4357 2582//4356 
f 4412//3831 2580//4358 2579//4357 
f 4364//3783 2584//4359 2585//4360 
f 2585//4360 2586//4361 4364//3783 
f 4364//3783 2583//4362 2584//4359 
f 4364//3783 2581//4363 2583//4362 
f 4364//3783 2582//4356 2581//4363 
f 4313//3732 4365//3784 2591//4364 
f 4365//3784 2590//4365 2591//4364 
f 4365//3784 2589//4366 2590//4365 
f 4365//3784 2588//4367 2589//4366 
f 4365//3784 4364//3783 2587//4368 
f 2587//4368 2588//4367 4365//3784 
f 4275//3694 4313//3732 2524//4369 
f 4313//3732 2595//4370 2524//4369 
f 4313//3732 2594//4371 2595//4370 
f 2524//4369 2523//4372 4275//3694 
f 2523//4372 2525//4373 4275//3694 
f 4313//3732 2593//4374 2594//4371 
f 4313//3732 2592//4375 2593//4374 
f 2525//4373 2526//4376 4275//3694 
f 4181//3600 2531//4377 2533//4378 
f 4275//3694 2528//4379 2527//4380 
f 2527//4380 4181//3600 4275//3694 
f 2527//4380 2529//4381 4181//3600 
f 2529//4381 2530//4382 4181//3600 
f 2530//4382 2531//4377 4181//3600 
f 4928//4383 2532//4384 2534//4385 
f 4928//4383 2533//4378 2532//4384 
f 2534//4385 2535//4386 4928//4383 
f 2535//4386 2536//4387 4928//4383 
f 2536//4387 2537//4388 4928//4383 
f 4126//3545 4928//4383 2538//4389 
f 2538//4389 4125//3544 4126//3545 
f 2538//4389 2539//4390 4125//3544 
f 4124//3543 2543//4391 2545//4392 
f 4125//3544 2542//4393 2543//4391 
f 2543//4391 4124//3543 4125//3544 
f 4125//3544 2541//4394 2542//4393 
f 4125//3544 2540//4395 2541//4394 
f 4180//3599 2546//4396 2547//4397 
f 4180//3599 2544//4398 2546//4396 
f 2547//4397 2548//4399 4180//3599 
f 4180//3599 2545//4392 2544//4398 
f 4225//3644 4179//3598 2554//4400 
f 4179//3598 2552//4401 2553//4402 
f 2553//4402 2554//4400 4179//3598 
f 4179//3598 2551//4403 2552//4401 
f 4179//3598 2550//4404 2551//4403 
f 4179//3598 4180//3599 2549//4405 
f 2549//4405 2550//4404 4179//3598 
f 4225//3644 2558//4406 2559//4407 
f 2559//4407 4274//3693 4225//3644 
f 2559//4407 2560//4408 4274//3693 
f 4225//3644 2557//4409 2558//4406 
f 4225//3644 2556//4410 2557//4409 
f 2560//4408 2561//4411 4274//3693 
f 4225//3644 2555//4412 2556//4410 
f 2561//4411 2562//4413 4274//3693 
f 4312//3731 2569//4414 2570//4350 
f 4312//3731 2563//4415 2565//4416 
f 4274//3693 2564//4417 2563//4415 
f 2563//4415 4312//3731 4274//3693 
f 2565//4416 2566//4418 4312//3731 
f 2566//4418 2567//4419 4312//3731 
f 2567//4419 2568//4420 4312//3731 
f 2568//4420 2569//4414 4312//3731 
f 4318//3737 2612//4421 2611//4422 
f 4229//3648 2617//4423 2619//4424 
f 4229//3648 4319//3738 2615//4425 
f 2615//4425 2616//4426 4229//3648 
f 2616//4426 2617//4423 4229//3648 
f 4319//3738 2614//4427 2615//4425 
f 4319//3738 4318//3737 2613//4428 
f 2613//4428 2614//4427 4319//3738 
f 4929//4429 2619//4424 2618//4430 
f 4930//4431 4186//3605 2628//4432 
f 4186//3605 2622//4433 2623//4434 
f 4186//3605 4929//4429 2621//4435 
f 2621//4435 2622//4433 4186//3605 
f 2623//4434 2624//4436 4186//3605 
f 2624//4436 2625//4437 4186//3605 
f 2625//4437 2626//4438 4186//3605 
f 2626//4438 2627//4439 4186//3605 
f 2627//4439 2628//4432 4186//3605 
f 4929//4429 2620//4440 2621//4435 
f 4930//4431 2629//4441 2630//4442 
f 2630//4442 2631//4443 4930//4431 
f 4131//3550 2635//4444 2636//4445 
f 4131//3550 4132//3551 2634//4446 
f 2634//4446 2635//4444 4131//3550 
f 4132//3551 2632//4447 2634//4446 
f 4132//3551 4930//4431 2633//4448 
f 2633//4448 2632//4447 4132//3551 
f 4185//3604 2637//4449 2638//4450 
f 4185//3604 2636//4445 2637//4449 
f 4184//3603 2646//4451 2647//4452 
f 4184//3603 2644//4453 2645//4454 
f 2645//4454 2646//4451 4184//3603 
f 4184//3603 2643//4455 2644//4453 
f 4184//3603 2642//4456 2643//4455 
f 4184//3603 2641//4457 2642//4456 
f 4184//3603 2639//4458 2641//4457 
f 4185//3604 2640//4459 2639//4458 
f 2639//4458 4184//3603 4185//3604 
f 2647//4452 4228//3647 4184//3603 
f 4228//3647 2649//4460 2648//4461 
f 4277//3696 2654//4462 2656//4463 
f 4227//3646 2652//4464 2653//4465 
f 4227//3646 2651//4466 2652//4464 
f 4227//3646 4228//3647 2650//4467 
f 2650//4467 2651//4466 4227//3646 
f 2653//4465 4277//3696 4227//3646 
f 2653//4465 2654//4462 4277//3696 
f 4316//3735 2656//4463 2655//4468 
f 4370//3789 4317//3736 2665//4469 
f 4317//3736 2659//4470 2660//4471 
f 4317//3736 4316//3735 2658//4472 
f 2658//4472 2659//4470 4317//3736 
f 2660//4471 2661//4473 4317//3736 
f 2661//4473 2662//4474 4317//3736 
f 2662//4474 2663//4475 4317//3736 
f 2663//4475 2664//4476 4317//3736 
f 2664//4476 2665//4469 4317//3736 
f 4316//3735 2657//4477 2658//4472 
f 4370//3789 2666//4478 2667//4479 
f 2667//4479 2668//4480 4370//3789 
f 4421//3840 2596//4481 2598//4482 
f 4421//3840 4371//3790 2597//4483 
f 2597//4483 2596//4481 4421//3840 
f 4371//3790 2669//4484 2597//4483 
f 4371//3790 4370//3789 2670//4485 
f 2670//4485 2669//4484 4371//3790 
f 4372//3791 2599//4486 2600//4487 
f 4372//3791 2598//4482 2599//4486 
f 4373//3792 2609//4488 2610//4489 
f 4373//3792 2603//4490 2605//4491 
f 4373//3792 2601//4492 2603//4490 
f 2605//4491 2604//4493 4373//3792 
f 4372//3791 2602//4494 2601//4492 
f 2601//4492 4373//3792 4372//3791 
f 2604//4493 2606//4495 4373//3792 
f 2606//4495 2607//4496 4373//3792 
f 2607//4496 2608//4497 4373//3792 
f 2608//4497 2609//4488 4373//3792 
f 2610//4489 4318//3737 4373//3792 
f 4663//4082 4719//4138 2462//4498 
f 4719//4138 4717//4136 2460//4499 
f 2460//4499 2461//4500 4719//4138 
f 2461//4500 2462//4498 4719//4138 
f 4663//4082 2466//4501 2467//4502 
f 2467//4502 4617//4036 4663//4082 
f 4663//4082 2465//4503 2466//4501 
f 2467//4502 2468//4504 4617//4036 
f 4663//4082 2463//4505 2465//4503 
f 4663//4082 2464//4506 2463//4505 
f 2468//4504 2469//4507 4617//4036 
f 4518//3937 2476//4508 2478//4509 
f 4617//4036 2471//4510 2472//4511 
f 2472//4511 4518//3937 4617//4036 
f 2472//4511 2473//4512 4518//3937 
f 2473//4512 2474//4513 4518//3937 
f 2474//4513 2475//4514 4518//3937 
f 2475//4514 2476//4508 4518//3937 
f 4617//4036 2470//4515 2471//4510 
f 4931//4516 2478//4509 2477//4517 
f 4474//3893 2483//4518 2484//4519 
f 4474//3893 2482//4520 2483//4518 
f 2484//4519 4473//3892 4474//3893 
f 4474//3893 2481//4521 2482//4520 
f 4474//3893 2479//4522 2481//4521 
f 4474//3893 4931//4516 2480//4523 
f 2480//4523 2479//4522 4474//3893 
f 4472//3891 4473//3892 2488//4524 
f 4473//3892 2487//4525 2488//4524 
f 2488//4524 2489//4526 4472//3891 
f 4473//3892 2485//4527 2487//4525 
f 4473//3892 2486//4528 2485//4527 
f 2489//4526 2490//4529 4472//3891 
f 4471//3890 2496//4530 2497//4531 
f 4471//3890 4472//3891 2492//4532 
f 2492//4532 2493//4533 4471//3890 
f 4472//3891 2491//4534 2492//4532 
f 2493//4533 2494//4535 4471//3890 
f 2494//4535 2495//4536 4471//3890 
f 2495//4536 2496//4530 4471//3890 
f 4517//3936 2497//4531 2498//4537 
f 4564//3983 4516//3935 2504//4538 
f 4516//3935 2503//4539 2504//4538 
f 4516//3935 2502//4540 2503//4539 
f 4516//3935 2501//4541 2502//4540 
f 4516//3935 2500//4542 2501//4541 
f 4516//3935 4517//3936 2499//4543 
f 2499//4543 2500//4542 4516//3935 
f 2504//4538 2505//4544 4564//3983 
f 4616//4035 4564//3983 2509//4545 
f 4564//3983 2508//4546 2509//4545 
f 2509//4545 2510//4547 4616//4035 
f 4564//3983 2506//4548 2508//4546 
f 2510//4547 2511//4549 4616//4035 
f 2511//4549 2512//4550 4616//4035 
f 4564//3983 2507//4551 2506//4548 
f 4662//4081 2515//4552 2517//4553 
f 4662//4081 2514//4554 2515//4552 
f 4616//4035 2513//4555 2514//4554 
f 2514//4554 4662//4081 4616//4035 
f 4713//4132 4711//4130 2520//4556 
f 4711//4130 2519//4557 2520//4556 
f 4711//4130 2518//4558 2519//4557 
f 4711//4130 2516//4559 2518//4558 
f 4711//4130 2517//4553 2516//4559 
f 4713//4132 2522//4560 2452//4561 
f 2452//4561 4715//4134 4713//4132 
f 4713//4132 2521//4562 2522//4560 
f 2452//4561 2451//4563 4715//4134 
f 4717//4136 2456//4564 2458//4565 
f 4717//4136 2455//4566 2456//4564 
f 2458//4565 2457//4567 4717//4136 
f 4715//4134 2454//4568 2455//4566 
f 2455//4566 4717//4136 4715//4134 
f 4715//4134 2453//4569 2454//4568 
f 2457//4567 2459//4570 4717//4136 
f 4551//3970 4506//3925 2153//4571 
f 4506//3925 4462//3881 2149//4572 
f 2149//4572 2150//4573 4506//3925 
f 2150//4573 2151//4574 4506//3925 
f 2151//4574 2152//4575 4506//3925 
f 2152//4575 2153//4571 4506//3925 
f 4553//3972 4551//3970 2157//4576 
f 4551//3970 2156//4577 2157//4576 
f 2157//4576 2158//4578 4553//3972 
f 4551//3970 2154//4579 2156//4577 
f 2158//4578 2090//4580 4553//3972 
f 4551//3970 2155//4581 2154//4579 
f 4507//3926 4555//3974 2095//4582 
f 4553//3972 2088//4583 2091//4584 
f 2091//4584 4555//3974 4553//3972 
f 2091//4584 2092//4585 4555//3974 
f 4553//3972 2089//4586 2088//4583 
f 2092//4585 2093//4587 4555//3974 
f 2093//4587 2094//4588 4555//3974 
f 2094//4588 2095//4582 4555//3974 
f 4463//3882 4508//3927 2102//4589 
f 4508//3927 2101//4590 2102//4589 
f 4508//3927 2100//4591 2101//4590 
f 2102//4589 2103//4592 4463//3882 
f 4508//3927 2099//4593 2100//4591 
f 4508//3927 2098//4594 2099//4593 
f 4508//3927 4507//3926 2096//4595 
f 2096//4595 2098//4594 4508//3927 
f 2103//4592 2104//4596 4463//3882 
f 4360//3779 2111//4597 2113//4598 
f 4463//3882 2105//4599 2107//4600 
f 2107//4600 4360//3779 4463//3882 
f 2107//4600 2108//4601 4360//3779 
f 4463//3882 2106//4602 2105//4599 
f 2108//4601 2109//4603 4360//3779 
f 2109//4603 2110//4604 4360//3779 
f 2110//4604 2111//4597 4360//3779 
f 4310//3729 2118//4605 2119//4606 
f 4310//3729 2117//4607 2118//4605 
f 2119//4606 4309//3728 4310//3729 
f 4310//3729 2116//4608 2117//4607 
f 2119//4606 2120//4609 4309//3728 
f 4310//3729 2115//4610 2116//4608 
f 4310//3729 2114//4611 2115//4610 
f 4932//4612 2112//4613 2114//4611 
f 2114//4611 4310//3729 4932//4612 
f 4309//3728 2123//4614 2124//4615 
f 2124//4615 4308//3727 4309//3728 
f 4309//3728 2121//4616 2123//4614 
f 2124//4615 2125//4617 4308//3727 
f 2125//4617 2126//4618 4308//3727 
f 4309//3728 2122//4619 2121//4616 
f 2126//4618 2127//4620 4308//3727 
f 4307//3726 2132//4621 2134//4622 
f 4308//3727 2129//4623 2128//4624 
f 2128//4624 4307//3726 4308//3727 
f 2128//4624 2130//4625 4307//3726 
f 2130//4625 2131//4626 4307//3726 
f 2131//4626 2132//4621 4307//3726 
f 4359//3778 2138//4627 2139//4628 
f 4359//3778 2136//4629 2137//4630 
f 2137//4630 2138//4627 4359//3778 
f 4359//3778 2135//4631 2136//4629 
f 2139//4628 4409//3828 4359//3778 
f 4359//3778 2133//4632 2135//4631 
f 4359//3778 2134//4622 2133//4632 
f 4409//3828 2143//4633 2142//4634 
f 4409//3828 2140//4635 2143//4633 
f 2142//4634 4462//3881 4409//3828 
f 4409//3828 2141//4636 2140//4635 
f 2142//4634 2144//4637 4462//3881 
f 2144//4637 2145//4638 4462//3881 
f 2145//4638 2146//4639 4462//3881 
f 2146//4639 2147//4640 4462//3881 
f 2147//4640 2148//4641 4462//3881 
f 4653//4072 4654//4073 2050//4642 
f 2050//4642 2051//4643 4653//4072 
f 2051//4643 2052//4644 4653//4072 
f 2052//4644 2053//4645 4653//4072 
f 2053//4645 2054//4646 4653//4072 
f 2054//4646 2055//4647 4653//4072 
f 4652//4071 4653//4072 2058//4648 
f 2058//4648 4707//4126 4652//4071 
f 4751//4170 4707//4126 2062//4649 
f 4707//4126 2060//4650 2061//4651 
f 2061//4651 2062//4649 4707//4126 
f 4707//4126 2059//4652 2060//4650 
f 2062//4649 2063//4653 4751//4170 
f 4707//4126 2056//4654 2059//4652 
f 4707//4126 2057//4655 2056//4654 
f 4783//4202 2069//4656 2071//4657 
f 4783//4202 2068//4658 2069//4656 
f 4783//4202 2067//4659 2068//4658 
f 4751//4170 2066//4660 2067//4659 
f 2067//4659 4783//4202 4751//4170 
f 4751//4170 2065//4661 2066//4660 
f 4751//4170 2064//4662 2065//4661 
f 4825//4244 4823//4242 2073//4663 
f 4823//4242 2070//4664 2072//4665 
f 2072//4665 2073//4663 4823//4242 
f 4823//4242 2071//4657 2070//4664 
f 4826//4245 2077//4666 2079//4667 
f 4826//4245 2074//4668 2077//4666 
f 4826//4245 4825//4244 2075//4669 
f 2075//4669 2074//4668 4826//4245 
f 4876//4295 4874//4293 2078//4670 
f 4874//4293 2079//4667 2078//4670 
f 4878//4297 4876//4295 2080//4671 
f 2080//4671 2081//4672 4878//4297 
f 4880//4299 2084//4673 2086//4674 
f 4880//4299 4878//4297 2082//4675 
f 2082//4675 2083//4676 4880//4299 
f 2083//4676 2084//4673 4880//4299 
f 4827//4246 2086//4674 2085//4677 
f 4828//4247 4827//4246 2087//4678 
f 2087//4678 2013//4679 4828//4247 
f 2013//4679 2012//4680 4828//4247 
f 2012//4680 2014//4681 4828//4247 
f 4830//4249 2016//4682 2017//4683 
f 4830//4249 4828//4247 2015//4684 
f 2015//4684 2016//4682 4830//4249 
f 2017//4683 4784//4203 4830//4249 
f 2017//4683 2018//4685 4784//4203 
f 4708//4127 2023//4686 2024//4687 
f 4708//4127 2022//4688 2023//4686 
f 4708//4127 4784//4203 2021//4689 
f 2021//4689 2022//4688 4708//4127 
f 4784//4203 2019//4690 2021//4689 
f 4784//4203 2020//4691 2019//4690 
f 4933//4692 2025//4693 2026//4694 
f 4933//4692 2024//4687 2025//4693 
f 4659//4078 2031//4695 2033//4696 
f 4659//4078 2030//4697 2031//4695 
f 4659//4078 2029//4698 2030//4697 
f 4659//4078 4933//4692 2028//4699 
f 2028//4699 2029//4698 4659//4078 
f 4933//4692 2027//4700 2028//4699 
f 4658//4077 2035//4701 2036//4702 
f 4658//4077 2034//4703 2035//4701 
f 2036//4702 4657//4076 4658//4077 
f 4658//4077 2032//4704 2034//4703 
f 4658//4077 2033//4696 2032//4704 
f 4657//4076 2039//4705 2040//4706 
f 4657//4076 2037//4707 2039//4705 
f 2040//4706 4656//4075 4657//4076 
f 4657//4076 2038//4708 2037//4707 
f 4656//4075 2042//4709 2043//4710 
f 2043//4710 4655//4074 4656//4075 
f 4656//4075 2041//4711 2042//4709 
f 2043//4710 2044//4712 4655//4074 
f 4655//4074 2045//4713 2047//4714 
f 2047//4714 4654//4073 4655//4074 
f 2047//4714 2048//4715 4654//4073 
f 4655//4074 2046//4716 2045//4713 
f 2048//4715 2049//4717 4654//4073 
f 4761//4180 1998//4718 1999//4719 
f 4794//4213 1996//4720 1998//4718 
f 1998//4718 4761//4180 4794//4213 
f 1999//4719 2000//4721 4761//4180 
f 4794//4213 1997//4722 1996//4720 
f 2000//4721 2001//4723 4761//4180 
f 2001//4723 2002//4724 4761//4180 
f 4673//4092 4761//4180 2004//4725 
f 4761//4180 2005//4726 2004//4725 
f 4672//4091 2009//4727 2011//4728 
f 4672//4091 2008//4729 2009//4727 
f 4672//4091 2007//4730 2008//4729 
f 4672//4091 2006//4731 2007//4730 
f 4672//4091 2003//4732 2006//4731 
f 4672//4091 2004//4725 2003//4732 
f 4670//4089 4671//4090 1935//4733 
f 4671//4090 1936//4734 1935//4733 
f 4671//4090 2010//4735 1936//4734 
f 1935//4733 1937//4736 4670//4089 
f 4671//4090 2011//4728 2010//4735 
f 4669//4088 4670//4089 1940//4737 
f 4670//4089 1938//4738 1940//4737 
f 1940//4737 1941//4739 4669//4088 
f 4670//4089 1939//4740 1938//4738 
f 4668//4087 4669//4088 1943//4741 
f 1943//4741 1944//4742 4668//4087 
f 4669//4088 1942//4743 1943//4741 
f 1944//4742 1945//4744 4668//4087 
f 4667//4086 4668//4087 1947//4745 
f 1947//4745 1948//4746 4667//4086 
f 4668//4087 1946//4747 1947//4745 
f 1948//4746 1949//4748 4667//4086 
f 1949//4748 1950//4749 4667//4086 
f 4666//4085 1954//4750 1955//4751 
f 4666//4085 4667//4086 1951//4752 
f 1951//4752 1952//4753 4666//4085 
f 1952//4753 1953//4754 4666//4085 
f 1953//4754 1954//4750 4666//4085 
f 1955//4751 4723//4142 4666//4085 
f 4723//4142 1957//4755 1956//4756 
f 1956//4756 1958//4757 4723//4142 
f 4722//4141 1961//4758 1962//4759 
f 4722//4141 4723//4142 1960//4760 
f 1960//4760 1959//4761 4722//4141 
f 1959//4761 1961//4758 4722//4141 
f 1962//4759 4760//4179 4722//4141 
f 1962//4759 1963//4762 4760//4179 
f 4793//4212 1967//4763 1969//4764 
f 4793//4212 4760//4179 1966//4765 
f 1966//4765 1967//4763 4793//4212 
f 4760//4179 1964//4766 1966//4765 
f 4760//4179 1965//4767 1964//4766 
f 4841//4260 1971//4768 1972//4769 
f 4841//4260 1970//4770 1971//4768 
f 4841//4260 1968//4771 1970//4770 
f 4841//4260 1969//4764 1968//4771 
f 4843//4262 1972//4769 1973//4772 
f 4844//4263 1976//4773 1978//4774 
f 4844//4263 1975//4775 1976//4773 
f 4844//4263 4843//4262 1974//4776 
f 1974//4776 1975//4775 4844//4263 
f 4895//4314 1977//4777 1979//4778 
f 4895//4314 1978//4774 1977//4777 
f 4897//4316 1979//4778 1980//4779 
f 1980//4779 4899//4318 4897//4316 
f 4901//4320 1983//4780 1984//4781 
f 4901//4320 4899//4318 1981//4782 
f 1981//4782 1982//4783 4901//4320 
f 1982//4783 1983//4780 4901//4320 
f 4846//4265 1985//4784 1987//4785 
f 4845//4264 1986//4786 1985//4784 
f 1985//4784 4846//4265 4845//4264 
f 1987//4785 1988//4787 4846//4265 
f 4794//4213 4848//4267 1992//4788 
f 1992//4788 1993//4789 4794//4213 
f 1993//4789 1994//4790 4794//4213 
f 4848//4267 1991//4791 1992//4788 
f 4848//4267 1990//4792 1991//4791 
f 4848//4267 4846//4265 1989//4793 
f 1989//4793 1990//4792 4848//4267 
f 1994//4790 1995//4794 4794//4213 
f 4577//3996 1910//4795 1912//4796 
f 4577//3996 1909//4797 1910//4795 
f 4577//3996 1908//4798 1909//4797 
f 4577//3996 1907//4799 1908//4798 
f 4575//3994 1906//4800 1907//4799 
f 1907//4799 4577//3996 4575//3994 
f 4528//3947 1916//4801 1917//4802 
f 4528//3947 1914//4803 1915//4804 
f 1915//4804 1916//4801 4528//3947 
f 4528//3947 1913//4805 1914//4803 
f 1917//4802 4483//3902 4528//3947 
f 4528//3947 1911//4806 1913//4805 
f 1917//4802 1918//4807 4483//3902 
f 4528//3947 1912//4796 1911//4806 
f 4434//3853 1921//4808 1922//4809 
f 4434//3853 4483//3902 1920//4810 
f 1920//4810 1921//4808 4434//3853 
f 1922//4809 1923//4811 4434//3853 
f 4483//3902 1919//4812 1920//4810 
f 1923//4811 1924//4813 4434//3853 
f 1924//4813 1925//4814 4434//3853 
f 4327//3746 4328//3747 1930//4815 
f 4328//3747 1929//4816 1930//4815 
f 4328//3747 1928//4817 1929//4816 
f 4328//3747 1927//4818 1928//4817 
f 4328//3747 4434//3853 1926//4819 
f 1926//4819 1927//4818 4328//3747 
f 4326//3745 4327//3746 1866//4820 
f 4327//3746 1934//4821 1866//4820 
f 1866//4820 1865//4822 4326//3745 
f 4327//3746 1933//4823 1934//4821 
f 4327//3746 1931//4824 1933//4823 
f 1865//4822 1867//4825 4326//3745 
f 4327//3746 1932//4826 1931//4824 
f 4384//3803 4325//3744 1875//4827 
f 4325//3744 4326//3745 1870//4828 
f 1870//4828 1871//4829 4325//3744 
f 4326//3745 1869//4830 1870//4828 
f 1871//4829 1872//4831 4325//3744 
f 4326//3745 1868//4832 1869//4830 
f 1872//4831 1873//4833 4325//3744 
f 1873//4833 1874//4834 4325//3744 
f 1874//4834 1875//4827 4325//3744 
f 4433//3852 4383//3802 1882//4835 
f 4383//3802 1881//4836 1882//4835 
f 4383//3802 1880//4837 1881//4836 
f 1882//4835 1883//4838 4433//3852 
f 4383//3802 1879//4839 1880//4837 
f 4383//3802 1878//4840 1879//4839 
f 4383//3802 4384//3803 1876//4841 
f 1876//4841 1878//4840 4383//3802 
f 4482//3901 1891//4842 1894//4843 
f 4433//3852 1886//4844 1887//4845 
f 1887//4845 4482//3901 4433//3852 
f 1887//4845 1888//4846 4482//3901 
f 4433//3852 1884//4847 1886//4844 
f 1888//4846 1889//4848 4482//3901 
f 1889//4848 1890//4849 4482//3901 
f 1890//4849 1891//4842 4482//3901 
f 4433//3852 1885//4850 1884//4847 
f 4573//3992 4527//3946 1898//4851 
f 4527//3946 1897//4852 1898//4851 
f 4527//3946 1896//4853 1897//4852 
f 1898//4851 1899//4854 4573//3992 
f 4527//3946 1895//4855 1896//4853 
f 4527//3946 1893//4856 1895//4855 
f 4526//3945 1892//4857 1893//4856 
f 1893//4856 4527//3946 4526//3945 
f 4573//3992 1902//4858 1903//4859 
f 1903//4859 4575//3994 4573//3992 
f 4573//3992 1900//4860 1902//4858 
f 1903//4859 1904//4861 4575//3994 
f 4573//3992 1901//4862 1900//4860 
f 1904//4861 1905//4863 4575//3994 
f 4378//3797 2424//4864 2426//4865 
f 4378//3797 2425//4866 2424//4864 
f 2426//4865 2427//4867 4378//3797 
f 2427//4867 2428//4868 4378//3797 
f 2428//4868 2429//4869 4378//3797 
f 4379//3798 4378//3797 2430//4870 
f 2430//4870 4428//3847 4379//3798 
f 2430//4870 2431//4871 4428//3847 
f 4430//3849 2435//4872 2437//4873 
f 4428//3847 2434//4874 2435//4872 
f 2435//4872 4430//3849 4428//3847 
f 4428//3847 2433//4875 2434//4874 
f 4428//3847 2432//4876 2433//4875 
f 4380//3799 2438//4877 2439//4878 
f 4380//3799 2436//4879 2438//4877 
f 2439//4878 2440//4880 4380//3799 
f 4380//3799 2437//4873 2436//4879 
f 4323//3742 4381//3800 2446//4881 
f 4381//3800 2444//4882 2445//4883 
f 2445//4883 2446//4881 4381//3800 
f 4381//3800 2443//4884 2444//4882 
f 4381//3800 2442//4885 2443//4884 
f 4381//3800 4380//3799 2441//4886 
f 2441//4886 2442//4885 4381//3800 
f 4280//3699 4323//3742 2379//4887 
f 4323//3742 2450//4888 2379//4887 
f 4323//3742 2449//4889 2450//4888 
f 2379//4887 2378//4890 4280//3699 
f 4323//3742 2448//4891 2449//4889 
f 2378//4890 2380//4892 4280//3699 
f 4323//3742 2447//4893 2448//4891 
f 2380//4892 2381//4894 4280//3699 
f 4191//3610 2387//4895 2388//4896 
f 4191//3610 2382//4897 2384//4898 
f 4280//3699 2383//4899 2382//4897 
f 2382//4897 4191//3610 4280//3699 
f 2384//4898 2385//4900 4191//3610 
f 2385//4900 2386//4901 4191//3610 
f 2386//4901 2387//4895 4191//3610 
f 4934//4902 2389//4903 2390//4904 
f 2390//4904 2391//4905 4934//4902 
f 4934//4902 2388//4896 2389//4903 
f 2391//4905 2392//4906 4934//4902 
f 4138//3557 4139//3558 2394//4907 
f 4139//3558 4934//4902 2393//4908 
f 2393//4908 2394//4907 4139//3558 
f 2394//4907 2395//4909 4138//3557 
f 2395//4909 2396//4910 4138//3557 
f 4137//3556 4138//3557 2400//4911 
f 4138//3557 2397//4912 2400//4911 
f 4138//3557 2398//4913 2397//4912 
f 4190//3609 2402//4914 2403//4915 
f 2403//4915 2404//4916 4190//3609 
f 4190//3609 2401//4917 2402//4914 
f 4190//3609 2399//4918 2401//4917 
f 4190//3609 2400//4911 2399//4918 
f 4231//3650 4189//3608 2409//4919 
f 4189//3608 2408//4920 2409//4919 
f 4189//3608 2407//4921 2408//4920 
f 4189//3608 2406//4922 2407//4921 
f 4189//3608 4190//3609 2405//4923 
f 2405//4923 2406//4922 4189//3608 
f 4279//3698 4231//3650 2414//4924 
f 4231//3650 2413//4925 2414//4924 
f 4231//3650 2412//4926 2413//4925 
f 2414//4924 2415//4927 4279//3698 
f 2415//4927 2416//4928 4279//3698 
f 4231//3650 2411//4929 2412//4926 
f 4231//3650 2410//4930 2411//4929 
f 2416//4928 2417//4931 4279//3698 
f 4322//3741 2423//4932 2425//4866 
f 4322//3741 2418//4933 2420//4934 
f 4279//3698 2419//4935 2418//4933 
f 2418//4933 4322//3741 4279//3698 
f 2420//4934 2421//4936 4322//3741 
f 2421//4936 2422//4937 4322//3741 
f 2422//4937 2423//4932 4322//3741 
f 3909//3328 3907//3326 78//4938 
f 78//4938 79//4939 3909//3328 
f 79//4939 80//4940 3909//3328 
f 80//4940 82//4941 3909//3328 
f 82//4941 84//4942 3909//3328 
f 84//4942 86//4943 3909//3328 
f 3911//3330 3909//3328 93//4944 
f 93//4944 3842//3261 3911//3330 
f 3804//3223 3842//3261 100//4945 
f 3842//3261 96//4946 98//4947 
f 98//4947 100//4945 3842//3261 
f 3842//3261 94//4948 96//4946 
f 100//4945 102//4949 3804//3223 
f 3842//3261 89//4950 94//4948 
f 3842//3261 90//4951 89//4950 
f 3736//3155 114//4952 119//4953 
f 3736//3155 112//4954 114//4952 
f 3736//3155 110//4955 112//4954 
f 3804//3223 108//4956 110//4955 
f 110//4955 3736//3155 3804//3223 
f 3804//3223 107//4957 108//4956 
f 3804//3223 106//4958 107//4957 
f 4935//4959 3735//3154 124//4960 
f 3735//3154 118//4961 121//4962 
f 121//4962 124//4960 3735//3154 
f 3735//3154 119//4953 118//4961 
f 3671//3090 130//4963 134//4964 
f 3671//3090 129//4965 130//4963 
f 3671//3090 4935//4959 126//4966 
f 126//4966 129//4965 3671//3090 
f 3667//3086 3669//3088 133//4967 
f 3669//3088 134//4964 133//4967 
f 3665//3084 3667//3086 137//4968 
f 137//4968 138//4969 3665//3084 
f 3663//3082 144//4970 149//4971 
f 3663//3082 3665//3084 142//4972 
f 142//4972 143//4973 3663//3082 
f 143//4973 144//4970 3663//3082 
f 3734//3153 149//4971 148//4974 
f 3733//3152 3734//3153 151//4975 
f 151//4975 2//4976 3733//3152 
f 2//4976 1//4977 3733//3152 
f 1//4977 4//4978 3733//3152 
f 3732//3151 9//4979 10//4980 
f 3732//3151 3733//3152 8//4981 
f 8//4981 9//4979 3732//3151 
f 10//4980 3768//3187 3732//3151 
f 10//4980 13//4982 3768//3187 
f 3803//3222 22//4983 27//4984 
f 3803//3222 20//4985 22//4983 
f 3803//3222 3768//3187 19//4986 
f 19//4986 20//4985 3803//3222 
f 3768//3187 15//4987 19//4986 
f 3768//3187 16//4988 15//4987 
f 3840//3259 28//4989 29//4990 
f 3840//3259 27//4984 28//4989 
f 3841//3260 40//4991 43//4992 
f 3841//3260 36//4993 40//4991 
f 3841//3260 34//4994 36//4993 
f 3841//3260 3840//3259 33//4995 
f 33//4995 34//4994 3841//3260 
f 3840//3259 32//4996 33//4995 
f 3899//3318 46//4997 48//4998 
f 3899//3318 45//4999 46//4997 
f 48//4998 3901//3320 3899//3318 
f 3899//3318 42//5000 45//4999 
f 3899//3318 43//4992 42//5000 
f 3901//3320 55//5001 56//5002 
f 3901//3320 51//5003 55//5001 
f 56//5002 3903//3322 3901//3320 
f 3901//3320 52//5004 51//5003 
f 3903//3322 60//5005 62//5006 
f 62//5006 3905//3324 3903//3322 
f 3903//3322 58//5007 60//5005 
f 62//5006 64//5008 3905//3324 
f 3905//3324 66//5009 70//5010 
f 70//5010 3907//3326 3905//3324 
f 70//5010 72//5011 3907//3326 
f 3905//3324 67//5012 66//5009 
f 72//5011 74//5013 3907//3326 
f 4194//3613 1824//5014 1825//5015 
f 4194//3613 1823//5016 1824//5014 
f 1825//5015 4234//3653 4194//3613 
f 4194//3613 1822//5017 1823//5016 
f 1825//5015 1826//5018 4234//3653 
f 4194//3613 1821//5019 1822//5017 
f 4194//3613 1819//5020 1821//5019 
f 4193//3612 1818//5021 1819//5020 
f 1819//5020 4194//3613 4193//3612 
f 4234//3653 1829//5022 1830//5023 
f 1830//5023 4236//3655 4234//3653 
f 4234//3653 1827//5024 1829//5022 
f 1830//5023 1831//5025 4236//3655 
f 1831//5025 1832//5026 4236//3655 
f 4234//3653 1828//5027 1827//5024 
f 1832//5026 1833//5028 4236//3655 
f 4238//3657 1838//5029 1840//5030 
f 4236//3655 1834//5031 1835//5032 
f 1835//5032 4238//3657 4236//3655 
f 1835//5032 1836//5033 4238//3657 
f 1836//5033 1837//5034 4238//3657 
f 1837//5034 1838//5029 4238//3657 
f 4195//3614 1844//5035 1845//5036 
f 4195//3614 1842//5037 1843//5038 
f 1843//5038 1844//5035 4195//3614 
f 4195//3614 1841//5039 1842//5037 
f 1845//5036 4142//3561 4195//3614 
f 4195//3614 1839//5040 1841//5039 
f 4195//3614 1840//5030 1839//5040 
f 4099//3518 1849//5041 1850//5042 
f 4099//3518 4142//3561 1848//5043 
f 1848//5043 1849//5041 4099//3518 
f 1850//5042 1851//5044 4099//3518 
f 4142//3561 1846//5045 1848//5043 
f 1851//5044 1852//5046 4099//3518 
f 4142//3561 1847//5047 1846//5045 
f 1852//5046 1853//5048 4099//3518 
f 4005//3424 4006//3425 1858//5049 
f 4006//3425 4099//3518 1854//5050 
f 1854//5050 1855//5051 4006//3425 
f 1855//5051 1856//5052 4006//3425 
f 1856//5052 1857//5053 4006//3425 
f 1857//5053 1858//5049 4006//3425 
f 4004//3423 4005//3424 1862//5054 
f 4005//3424 1861//5055 1862//5054 
f 1862//5054 1863//5056 4004//3423 
f 4005//3424 1859//5057 1861//5055 
f 1863//5056 1864//5058 4004//3423 
f 4005//3424 1860//5059 1859//5057 
f 4055//3474 4003//3422 1800//5060 
f 4004//3423 1795//5061 1796//5062 
f 1796//5062 4003//3422 4004//3423 
f 1796//5062 1797//5063 4003//3422 
f 4004//3423 1794//5064 1795//5061 
f 1797//5063 1798//5065 4003//3422 
f 1798//5065 1799//5066 4003//3422 
f 1799//5066 1800//5060 4003//3422 
f 4098//3517 4054//3473 1807//5067 
f 4054//3473 1806//5068 1807//5067 
f 4054//3473 1805//5069 1806//5068 
f 1807//5067 1808//5070 4098//3517 
f 4054//3473 1804//5071 1805//5069 
f 4054//3473 1803//5072 1804//5071 
f 4054//3473 4055//3474 1801//5073 
f 1801//5073 1803//5072 4054//3473 
f 1808//5070 1809//5074 4098//3517 
f 4141//3560 1817//5075 1820//5076 
f 4098//3517 1811//5077 1812//5078 
f 1812//5078 4141//3560 4098//3517 
f 1812//5078 1813//5079 4141//3560 
f 4098//3517 1810//5080 1811//5077 
f 1813//5079 1814//5081 4141//3560 
f 1814//5081 1815//5082 4141//3560 
f 1815//5082 1816//5083 4141//3560 
f 1816//5083 1817//5075 4141//3560 
f 3983//3402 2204//5084 2206//5085 
f 3983//3402 2203//5086 2204//5084 
f 3983//3402 2202//5087 2203//5086 
f 3983//3402 2201//5088 2202//5087 
f 3984//3403 2200//5089 2201//5088 
f 2201//5088 3983//3402 3984//3403 
f 4034//3453 2210//5090 2211//5091 
f 4034//3453 2208//5092 2209//5093 
f 2209//5093 2210//5090 4034//3453 
f 4034//3453 2207//5094 2208//5092 
f 2211//5091 4076//3495 4034//3453 
f 4034//3453 2205//5095 2207//5094 
f 2211//5091 2212//5096 4076//3495 
f 4034//3453 2206//5085 2205//5095 
f 4121//3540 2215//5097 2216//5098 
f 4121//3540 4076//3495 2214//5099 
f 2214//5099 2215//5097 4121//3540 
f 2216//5098 2217//5100 4121//3540 
f 4076//3495 2213//5101 2214//5099 
f 2217//5100 2218//5102 4121//3540 
f 2218//5102 2219//5103 4121//3540 
f 4218//3637 4175//3594 2224//5104 
f 4175//3594 2223//5105 2224//5104 
f 4175//3594 2222//5106 2223//5105 
f 4175//3594 2221//5107 2222//5106 
f 4175//3594 4121//3540 2220//5108 
f 2220//5108 2221//5107 4175//3594 
f 4220//3639 4218//3637 2160//5109 
f 4218//3637 2228//5110 2160//5109 
f 2160//5109 2159//5111 4220//3639 
f 4218//3637 2227//5112 2228//5110 
f 4218//3637 2225//5113 2227//5112 
f 2159//5111 2161//5114 4220//3639 
f 4218//3637 2226//5115 2225//5113 
f 4176//3595 4222//3641 2169//5116 
f 4222//3641 4220//3639 2164//5117 
f 2164//5117 2165//5118 4222//3641 
f 4220//3639 2163//5119 2164//5117 
f 2165//5118 2166//5120 4222//3641 
f 4220//3639 2162//5121 2163//5119 
f 2166//5120 2167//5122 4222//3641 
f 2167//5122 2168//5123 4222//3641 
f 2168//5123 2169//5116 4222//3641 
f 4122//3541 4177//3596 2176//5124 
f 4177//3596 2175//5125 2176//5124 
f 4177//3596 2174//5126 2175//5125 
f 2176//5124 2177//5127 4122//3541 
f 4177//3596 2173//5128 2174//5126 
f 4177//3596 2172//5129 2173//5128 
f 4177//3596 4176//3595 2170//5130 
f 2170//5130 2172//5129 4177//3596 
f 4035//3454 2185//5131 2188//5132 
f 4122//3541 2180//5133 2181//5134 
f 2181//5134 4035//3454 4122//3541 
f 2181//5134 2182//5135 4035//3454 
f 4122//3541 2178//5136 2180//5133 
f 2182//5135 2183//5137 4035//3454 
f 2183//5137 2184//5138 4035//3454 
f 2184//5138 2185//5131 4035//3454 
f 4122//3541 2179//5139 2178//5136 
f 3985//3404 3986//3405 2192//5140 
f 3986//3405 2191//5141 2192//5140 
f 3986//3405 2190//5142 2191//5141 
f 2192//5140 2193//5143 3985//3404 
f 3986//3405 2189//5144 2190//5142 
f 3986//3405 2187//5145 2189//5144 
f 4936//5146 2186//5147 2187//5145 
f 2187//5145 3986//3405 4936//5146 
f 3985//3404 2196//5148 2197//5149 
f 2197//5149 3984//3403 3985//3404 
f 3985//3404 2194//5150 2196//5148 
f 2197//5149 2198//5151 3984//3403 
f 3985//3404 2195//5152 2194//5150 
f 2198//5151 2199//5153 3984//3403 
f 3828//3247 2252//5154 2251//5155 
f 2251//5155 2253//5156 3828//3247 
f 3829//3248 2256//5157 2257//5158 
f 3829//3248 3828//3247 2255//5159 
f 2255//5159 2254//5160 3829//3248 
f 2254//5160 2256//5157 3829//3248 
f 2257//5158 3794//3213 3829//3248 
f 2257//5158 2258//5161 3794//3213 
f 3723//3142 2262//5162 2264//5163 
f 3723//3142 3794//3213 2261//5164 
f 2261//5164 2262//5162 3723//3142 
f 3794//3213 2259//5165 2261//5164 
f 3794//3213 2260//5166 2259//5165 
f 3722//3141 2266//5167 2267//5168 
f 3722//3141 2265//5169 2266//5167 
f 3722//3141 2263//5170 2265//5169 
f 3722//3141 2264//5163 2263//5170 
f 4937//5171 2267//5168 2268//5172 
f 3637//3056 2271//5173 2273//5174 
f 3637//3056 2270//5175 2271//5173 
f 3637//3056 4937//5171 2269//5176 
f 2269//5176 2270//5175 3637//3056 
f 3635//3054 2272//5177 2274//5178 
f 3635//3054 2273//5174 2272//5177 
f 3633//3052 2274//5178 2275//5179 
f 2275//5179 3631//3050 3633//3052 
f 3629//3048 2278//5180 2279//5181 
f 3629//3048 3631//3050 2276//5182 
f 2276//5182 2277//5183 3629//3048 
f 2277//5183 2278//5180 3629//3048 
f 3720//3139 2280//5184 2282//5185 
f 3721//3140 2281//5186 2280//5184 
f 2280//5184 3720//3139 3721//3140 
f 2282//5185 2283//5187 3720//3139 
f 3759//3178 3719//3138 2287//5188 
f 3719//3138 3720//3139 2284//5189 
f 2284//5189 2285//5190 3719//3138 
f 2285//5190 2286//5191 3719//3138 
f 2286//5191 2287//5188 3719//3138 
f 2287//5188 2288//5192 3759//3178 
f 2288//5192 2289//5193 3759//3178 
f 3793//3212 2292//5194 2293//5195 
f 3759//3178 2290//5196 2292//5194 
f 2292//5194 3793//3212 3759//3178 
f 2293//5195 2294//5197 3793//3212 
f 3759//3178 2291//5198 2290//5196 
f 2294//5197 2295//5199 3793//3212 
f 2295//5199 2296//5200 3793//3212 
f 3827//3246 3793//3212 2298//5201 
f 3793//3212 2299//5202 2298//5201 
f 3879//3298 2303//5203 2305//5204 
f 3879//3298 2302//5205 2303//5203 
f 3879//3298 2301//5206 2302//5205 
f 3879//3298 2300//5207 2301//5206 
f 3879//3298 2297//5208 2300//5207 
f 3879//3298 2298//5201 2297//5208 
f 3883//3302 3881//3300 2229//5209 
f 3881//3300 2230//5210 2229//5209 
f 3881//3300 2304//5211 2230//5210 
f 2229//5209 2231//5212 3883//3302 
f 3881//3300 2305//5204 2304//5211 
f 3885//3304 3883//3302 2234//5213 
f 3883//3302 2232//5214 2234//5213 
f 2234//5213 2235//5215 3885//3304 
f 3883//3302 2233//5216 2232//5214 
f 3887//3306 3885//3304 2237//5217 
f 2237//5217 2238//5218 3887//3306 
f 3885//3304 2236//5219 2237//5217 
f 2238//5218 2239//5220 3887//3306 
f 3889//3308 3887//3306 2241//5221 
f 2241//5221 2242//5222 3889//3308 
f 3887//3306 2240//5223 2241//5221 
f 2242//5222 2243//5224 3889//3308 
f 2243//5224 2244//5225 3889//3308 
f 3891//3310 2249//5226 2250//5227 
f 3891//3310 2246//5228 2247//5229 
f 2247//5229 2248//5230 3891//3310 
f 3891//3310 3889//3308 2245//5231 
f 2245//5231 2246//5228 3891//3310 
f 2248//5230 2249//5226 3891//3310 
f 2250//5227 3828//3247 3891//3310 
f 4045//3464 2316//5232 2317//5233 
f 3995//3414 4046//3465 2323//5234 
f 4046//3465 2322//5235 2323//5234 
f 4046//3465 2321//5236 2322//5235 
f 4046//3465 2320//5237 2321//5236 
f 4046//3465 2319//5238 2320//5237 
f 4046//3465 4045//3464 2318//5239 
f 2318//5239 2319//5238 4046//3465 
f 2323//5234 2324//5240 3995//3414 
f 3951//3370 3995//3414 2328//5241 
f 3995//3414 2327//5242 2328//5241 
f 2328//5241 2329//5243 3951//3370 
f 3995//3414 2325//5244 2327//5242 
f 2329//5243 2330//5245 3951//3370 
f 2330//5245 2331//5246 3951//3370 
f 3995//3414 2326//5247 2325//5244 
f 3837//3256 2334//5248 2336//5249 
f 3837//3256 2333//5250 2334//5248 
f 3951//3370 2332//5251 2333//5250 
f 2333//5250 3837//3256 3951//3370 
f 3835//3254 3836//3255 2339//5252 
f 3836//3255 2338//5253 2339//5252 
f 3836//3255 2337//5254 2338//5253 
f 2339//5252 2340//5255 3835//3254 
f 3836//3255 2335//5256 2337//5254 
f 3836//3255 2336//5249 2335//5256 
f 3835//3254 2341//5257 2343//5258 
f 2343//5258 3834//3253 3835//3254 
f 2343//5258 2344//5259 3834//3253 
f 3835//3254 2342//5260 2341//5257 
f 3834//3253 2345//5261 2346//5262 
f 2346//5262 3833//3252 3834//3253 
f 2346//5262 2347//5263 3833//3252 
f 2347//5263 2348//5264 3833//3252 
f 2348//5264 2349//5265 3833//3252 
f 3895//3314 3832//3251 2352//5266 
f 3832//3251 3833//3252 2350//5267 
f 2350//5267 2351//5268 3832//3251 
f 2351//5268 2352//5266 3832//3251 
f 3895//3314 2356//5269 2357//5270 
f 2357//5270 3950//3369 3895//3314 
f 3895//3314 2355//5271 2356//5269 
f 2357//5270 2358//5272 3950//3369 
f 3895//3314 2353//5273 2355//5271 
f 3895//3314 2354//5274 2353//5273 
f 2358//5272 2359//5275 3950//3369 
f 3994//3413 2366//5276 2368//5277 
f 3950//3369 2361//5278 2362//5279 
f 2362//5279 3994//3413 3950//3369 
f 2362//5279 2363//5280 3994//3413 
f 2363//5280 2364//5281 3994//3413 
f 2364//5281 2365//5282 3994//3413 
f 2365//5282 2366//5276 3994//3413 
f 3950//3369 2360//5283 2361//5278 
f 4043//3462 2368//5277 2367//5284 
f 4044//3463 2373//5285 2374//5286 
f 4044//3463 2372//5287 2373//5285 
f 2374//5286 4085//3504 4044//3463 
f 4044//3463 2371//5288 2372//5287 
f 4044//3463 2369//5289 2371//5288 
f 4044//3463 4043//3462 2370//5290 
f 2370//5290 2369//5289 4044//3463 
f 4087//3506 4085//3504 2307//5291 
f 4085//3504 2377//5292 2307//5291 
f 2307//5291 2306//5293 4087//3506 
f 4085//3504 2375//5294 2377//5292 
f 2306//5293 2308//5295 4087//3506 
f 4085//3504 2376//5296 2375//5294 
f 4089//3508 2315//5297 2316//5232 
f 4089//3508 2311//5298 2313//5299 
f 4089//3508 4087//3506 2310//5300 
f 2310//5300 2311//5298 4089//3508 
f 2313//5299 2312//5301 4089//3508 
f 4087//3506 2309//5302 2310//5300 
f 2312//5301 2314//5303 4089//3508 
f 2314//5303 2315//5297 4089//3508 
f 4494//3913 2671//5304 2672//5305 
f 4454//3873 2673//5306 2674//5307 
f 2674//5307 4494//3913 4454//3873 
f 2674//5307 2675//5308 4494//3913 
f 2675//5308 2676//5309 4494//3913 
f 2676//5309 2671//5304 4494//3913 
f 4454//3873 2677//5310 2673//5306 
f 4540//3959 2672//5305 2678//5311 
f 4592//4011 4541//3960 2679//5312 
f 4541//3960 2680//5313 2679//5312 
f 4541//3960 2681//5314 2680//5313 
f 2679//5312 2682//5315 4592//4011 
f 4541//3960 2683//5316 2681//5314 
f 4541//3960 2684//5317 2683//5316 
f 4541//3960 4540//3959 2685//5318 
f 2685//5318 2684//5317 4541//3960 
f 4594//4013 4592//4011 2686//5319 
f 4592//4011 2687//5320 2686//5319 
f 2686//5319 2688//5321 4594//4013 
f 2688//5321 2689//5322 4594//4013 
f 4592//4011 2690//5323 2687//5320 
f 2689//5322 2691//5324 4594//4013 
f 4596//4015 2692//5325 2693//5326 
f 4596//4015 2694//5327 2692//5325 
f 4596//4015 2695//5328 2694//5327 
f 4596//4015 4594//4013 2696//5329 
f 2696//5329 2695//5328 4596//4015 
f 4495//3914 4542//3961 2697//5330 
f 4542//3961 2698//5331 2699//5332 
f 2699//5332 2700//5333 4542//3961 
f 2700//5333 2701//5334 4542//3961 
f 2701//5334 2697//5330 4542//3961 
f 4542//3961 2702//5335 2698//5331 
f 2697//5330 2703//5336 4495//3914 
f 4542//3961 2693//5326 2702//5335 
f 4455//3874 2704//5337 2705//5338 
f 4455//3874 2706//5339 2704//5337 
f 4495//3914 2707//5340 2706//5339 
f 2706//5339 4455//3874 4495//3914 
f 2705//5338 2708//5341 4455//3874 
f 4495//3914 2709//5342 2707//5340 
f 2708//5341 2710//5343 4455//3874 
f 4353//3772 4354//3773 2711//5344 
f 4354//3773 2712//5345 2713//5346 
f 2713//5346 2711//5344 4354//3773 
f 4354//3773 2714//5347 2712//5345 
f 4354//3773 2715//5348 2714//5347 
f 4354//3773 4455//3874 2716//5349 
f 2716//5349 2715//5348 4354//3773 
f 4353//3772 2717//5350 2718//5351 
f 2718//5351 4352//3771 4353//3772 
f 4353//3772 2719//5352 2717//5350 
f 2718//5351 2720//5353 4352//3771 
f 4353//3772 2721//5354 2719//5352 
f 2720//5353 2722//5355 4352//3771 
f 4353//3772 2723//5356 2721//5354 
f 4352//3771 2724//5357 2725//5358 
f 2725//5358 4351//3770 4352//3771 
f 2725//5358 2726//5359 4351//3770 
f 2726//5359 2727//5360 4351//3770 
f 4352//3771 2728//5361 2724//5357 
f 2727//5360 2729//5362 4351//3770 
f 2729//5362 2730//5363 4351//3770 
f 2730//5363 2731//5364 4351//3770 
f 4350//3769 4351//3770 2732//5365 
f 2732//5365 4405//3824 4350//3769 
f 4454//3873 4405//3824 2733//5366 
f 4405//3824 2734//5367 2733//5366 
f 2733//5366 2735//5368 4454//3873 
f 4405//3824 2736//5369 2734//5367 
f 4405//3824 2737//5370 2736//5369 
f 2735//5368 2738//5371 4454//3873 
f 4405//3824 2739//5372 2737//5370 
f 4405//3824 2740//5373 2739//5372 
f 4938//5374 2741//5375 2742//5376 
f 4151//3570 2743//5377 2744//5378 
f 4151//3570 4152//3571 2745//5379 
f 4152//3571 2746//5380 2745//5379 
f 4152//3571 4938//5374 2747//5381 
f 2747//5381 2746//5380 4152//3571 
f 2745//5379 2748//5382 4151//3570 
f 2748//5382 2743//5377 4151//3570 
f 4202//3621 2744//5378 2749//5383 
f 4255//3674 4201//3620 2750//5384 
f 4201//3620 2751//5385 2752//5386 
f 2752//5386 2753//5387 4201//3620 
f 2753//5387 2754//5388 4201//3620 
f 2754//5388 2750//5384 4201//3620 
f 4201//3620 2755//5389 2751//5385 
f 4201//3620 2756//5390 2755//5389 
f 4201//3620 2757//5391 2756//5390 
f 4202//3621 2758//5392 2757//5391 
f 2757//5391 4201//3620 4202//3621 
f 4255//3674 2759//5393 2760//5394 
f 4297//3716 2761//5395 2762//5396 
f 4297//3716 2763//5397 2761//5395 
f 4254//3673 2764//5398 2763//5397 
f 2763//5397 4297//3716 4254//3673 
f 4254//3673 2765//5399 2764//5398 
f 4254//3673 4255//3674 2766//5400 
f 2766//5400 2765//5399 4254//3673 
f 4345//3764 2762//5396 2767//5401 
f 4346//3765 2768//5402 2769//5403 
f 4346//3765 2770//5404 2771//5405 
f 2771//5405 2772//5406 4346//3765 
f 2772//5406 2768//5402 4346//3765 
f 4346//3765 2773//5407 2770//5404 
f 4346//3765 2774//5408 2773//5407 
f 4346//3765 2775//5409 2774//5408 
f 4345//3764 2776//5410 2775//5409 
f 2775//5409 4346//3765 4345//3764 
f 2769//5403 4399//3818 4346//3765 
f 4345//3764 2777//5411 2776//5410 
f 4399//3818 2778//5412 2779//5413 
f 4450//3869 2780//5414 2781//5415 
f 4450//3869 4400//3819 2782//5416 
f 4400//3819 2783//5417 2782//5416 
f 4400//3819 4399//3818 2784//5418 
f 2784//5418 2783//5417 4400//3819 
f 2782//5416 2785//5419 4450//3869 
f 2785//5419 2780//5414 4450//3869 
f 4401//3820 2781//5415 2786//5420 
f 4347//3766 4402//3821 2787//5421 
f 4402//3821 2788//5422 2789//5423 
f 2789//5423 2790//5424 4402//3821 
f 2790//5424 2791//5425 4402//3821 
f 2791//5425 2787//5421 4402//3821 
f 4402//3821 2792//5426 2788//5422 
f 4402//3821 2793//5427 2792//5426 
f 4402//3821 2794//5428 2793//5427 
f 4401//3820 2795//5429 2794//5428 
f 2794//5428 4402//3821 4401//3820 
f 4347//3766 2796//5430 2797//5431 
f 4256//3675 2798//5432 2799//5433 
f 4256//3675 2800//5434 2798//5432 
f 4348//3767 2801//5435 2800//5434 
f 2800//5434 4256//3675 4348//3767 
f 4348//3767 2802//5436 2801//5435 
f 4348//3767 4347//3766 2803//5437 
f 2803//5437 2802//5436 4348//3767 
f 4939//5438 2799//5433 2804//5439 
f 4203//3622 2805//5440 2806//5441 
f 4203//3622 2807//5442 2808//5443 
f 2808//5443 2809//5444 4203//3622 
f 2809//5444 2805//5440 4203//3622 
f 4203//3622 2810//5445 2807//5442 
f 4203//3622 2811//5446 2810//5445 
f 4203//3622 2812//5447 2811//5446 
f 4939//5438 2813//5448 2812//5447 
f 2812//5447 4203//3622 4939//5438 
f 2806//5441 4938//5374 4203//3622 
f 4939//5438 2814//5449 2813//5448 
f 3928//3347 3929//3348 2815//5450 
f 3929//3348 2816//5451 2815//5450 
f 3929//3348 2817//5452 2816//5451 
f 3929//3348 2818//5453 2817//5452 
f 3929//3348 4940//5454 2819//5455 
f 2819//5455 2818//5453 3929//3348 
f 3928//3347 2820//5456 2821//5457 
f 2821//5457 3927//3346 3928//3347 
f 3928//3347 2822//5458 2820//5456 
f 2821//5457 2823//5459 3927//3346 
f 3928//3347 2824//5460 2822//5458 
f 2823//5459 2825//5461 3927//3346 
f 3926//3345 2826//5462 2827//5463 
f 3926//3345 3927//3346 2828//5464 
f 2828//5464 2829//5465 3926//3345 
f 2829//5465 2830//5466 3926//3345 
f 2830//5466 2826//5462 3926//3345 
f 3977//3396 2831//5467 2832//5468 
f 2832//5468 2833//5469 3977//3396 
f 3977//3396 2827//5463 2831//5467 
f 3976//3395 2834//5470 2835//5471 
f 3976//3395 2836//5472 2834//5470 
f 3976//3395 3977//3396 2837//5473 
f 2837//5473 2836//5472 3976//3395 
f 2835//5471 4028//3447 3976//3395 
f 2835//5471 2838//5474 4028//3447 
f 4069//3488 2839//5475 2840//5476 
f 4028//3447 2841//5477 2842//5478 
f 2842//5478 4069//3488 4028//3447 
f 4028//3447 2843//5479 2841//5477 
f 2842//5478 2844//5480 4069//3488 
f 2844//5480 2845//5481 4069//3488 
f 2845//5481 2839//5475 4069//3488 
f 4028//3447 2846//5482 2843//5479 
f 4113//3532 2840//5476 2847//5483 
f 4155//3574 4114//3533 2848//5484 
f 4114//3533 2849//5485 2848//5484 
f 4114//3533 2850//5486 2849//5485 
f 4114//3533 2851//5487 2850//5486 
f 4114//3533 2852//5488 2851//5487 
f 4113//3532 2853//5489 2852//5488 
f 2852//5488 4114//3533 4113//3532 
f 2848//5484 2854//5490 4155//3574 
f 4157//3576 4155//3574 2855//5491 
f 4155//3574 2856//5492 2855//5491 
f 2855//5491 2857//5493 4157//3576 
f 4155//3574 2858//5494 2856//5492 
f 2857//5493 2859//5495 4157//3576 
f 4155//3574 2860//5496 2858//5494 
f 4159//3578 2861//5497 2862//5498 
f 4157//3576 2863//5499 2861//5497 
f 2861//5497 4159//3578 4157//3576 
f 2862//5498 2864//5500 4159//3578 
f 4157//3576 2865//5501 2863//5499 
f 2864//5500 2866//5502 4159//3578 
f 2866//5502 2867//5503 4159//3578 
f 2867//5503 2868//5504 4159//3578 
f 4161//3580 2869//5505 2870//5506 
f 4161//3580 4159//3578 2869//5505 
f 4070//3489 2871//5507 2872//5508 
f 4070//3489 2873//5509 2871//5507 
f 4070//3489 2874//5510 2873//5509 
f 4070//3489 2875//5511 2874//5510 
f 4070//3489 2876//5512 2875//5511 
f 4070//3489 2877//5513 2876//5512 
f 4115//3534 2870//5506 2877//5513 
f 2877//5513 4070//3489 4115//3534 
f 3978//3397 2878//5514 2879//5515 
f 3978//3397 4070//3489 2880//5516 
f 2880//5516 2881//5517 3978//3397 
f 4070//3489 2882//5518 2880//5516 
f 2881//5517 2883//5519 3978//3397 
f 2883//5519 2884//5520 3978//3397 
f 2884//5520 2878//5514 3978//3397 
f 4070//3489 2885//5521 2882//5518 
f 4940//5454 2879//5515 2886//5522 
f 4264//3683 2887//5523 2888//5524 
f 4265//3684 2889//5525 2890//5526 
f 2890//5526 4264//3683 4265//3684 
f 2890//5526 2891//5527 4264//3683 
f 2891//5527 2892//5528 4264//3683 
f 2892//5528 2887//5523 4264//3683 
f 4305//3724 2893//5529 2894//5530 
f 4305//3724 2888//5524 2893//5529 
f 2894//5530 2895//5531 4305//3724 
f 2895//5531 2896//5532 4305//3724 
f 4304//3723 2897//5533 2898//5534 
f 4304//3723 4305//3724 2899//5535 
f 2899//5535 2897//5533 4304//3723 
f 2898//5534 4356//3775 4304//3723 
f 2898//5534 2900//5536 4356//3775 
f 4407//3826 2901//5537 2902//5538 
f 4407//3826 4356//3775 2903//5539 
f 2903//5539 2904//5540 4407//3826 
f 2904//5540 2901//5537 4407//3826 
f 4356//3775 2905//5541 2903//5539 
f 4356//3775 2906//5542 2905//5541 
f 4458//3877 2907//5543 2908//5544 
f 4458//3877 2902//5538 2907//5543 
f 4499//3918 4459//3878 2909//5545 
f 4459//3878 2910//5546 2911//5547 
f 2911//5547 2909//5545 4459//3878 
f 4459//3878 2912//5548 2910//5546 
f 4459//3878 2913//5549 2912//5548 
f 4459//3878 2914//5550 2913//5549 
f 4458//3877 2915//5551 2914//5550 
f 2914//5550 4459//3878 4458//3877 
f 4499//3918 2916//5552 2917//5553 
f 2917//5553 4501//3920 4499//3918 
f 4499//3918 2918//5554 2916//5552 
f 2917//5553 2919//5555 4501//3920 
f 4499//3918 2920//5556 2918//5554 
f 2919//5555 2921//5557 4501//3920 
f 4499//3918 2922//5558 2920//5556 
f 4460//3879 4503//3922 2923//5559 
f 4503//3922 4501//3920 2924//5560 
f 2924//5560 2925//5561 4503//3922 
f 2925//5561 2926//5562 4503//3922 
f 4501//3920 2927//5563 2924//5560 
f 2926//5562 2928//5564 4503//3922 
f 2928//5564 2929//5565 4503//3922 
f 2929//5565 2923//5559 4503//3922 
f 4460//3879 2930//5566 2931//5567 
f 2931//5567 2932//5568 4460//3879 
f 2932//5568 2933//5569 4460//3879 
f 2933//5569 2934//5570 4460//3879 
f 4358//3777 2935//5571 2936//5572 
f 4408//3827 4460//3879 2937//5573 
f 2937//5573 4358//3777 4408//3827 
f 2937//5573 2938//5574 4358//3777 
f 2938//5574 2935//5571 4358//3777 
f 4357//3776 2939//5575 2940//5576 
f 4357//3776 2941//5577 2939//5575 
f 4357//3776 2942//5578 2941//5577 
f 4357//3776 2943//5579 2942//5578 
f 4357//3776 2944//5580 2943//5579 
f 4941//5581 2945//5582 2944//5580 
f 2944//5580 4357//3776 4941//5581 
f 2940//5576 2946//5583 4357//3776 
f 4267//3686 2947//5584 2948//5585 
f 4267//3686 2949//5586 2947//5584 
f 4267//3686 2950//5587 2949//5586 
f 4267//3686 4357//3776 2951//5588 
f 2951//5588 2950//5587 4267//3686 
f 2948//5585 4266//3685 4267//3686 
f 4265//3684 4266//3685 2952//5589 
f 4266//3685 2953//5590 2952//5589 
f 2952//5589 2954//5591 4265//3684 
f 4266//3685 2955//5592 2953//5590 
f 2954//5591 2956//5593 4265//3684 
f 4266//3685 2957//5594 2955//5592 
f 2956//5593 2958//5595 4265//3684 
f 3933//3352 2959//5596 2960//5597 
f 3933//3352 3934//3353 2961//5598 
f 2961//5598 2959//5596 3933//3352 
f 3981//3400 2962//5599 2963//5600 
f 3981//3400 2964//5601 2962//5599 
f 3981//3400 2965//5602 2964//5601 
f 2963//5600 4031//3450 3981//3400 
f 3981//3400 2966//5603 2965//5602 
f 3981//3400 2967//5604 2966//5603 
f 2963//5600 2968//5605 4031//3450 
f 3981//3400 2960//5597 2967//5604 
f 4073//3492 2969//5606 2970//5607 
f 4031//3450 2971//5608 2969//5606 
f 2969//5606 4073//3492 4031//3450 
f 2970//5607 2972//5609 4073//3492 
f 4031//3450 2973//5610 2971//5608 
f 2972//5609 2974//5611 4073//3492 
f 2974//5611 2975//5612 4073//3492 
f 4118//3537 2976//5613 2977//5614 
f 4118//3537 2978//5615 2976//5613 
f 4118//3537 2979//5616 2978//5615 
f 4118//3537 2980//5617 2979//5616 
f 4118//3537 4073//3492 2981//5618 
f 2981//5618 2980//5617 4118//3537 
f 4168//3587 4166//3585 2982//5619 
f 4166//3585 2983//5620 2982//5619 
f 2982//5619 2984//5621 4168//3587 
f 4166//3585 2985//5622 2983//5620 
f 4166//3585 2986//5623 2985//5622 
f 2984//5621 2987//5624 4168//3587 
f 4166//3585 2977//5614 2986//5623 
f 4170//3589 4168//3587 2988//5625 
f 2988//5625 2989//5626 4170//3589 
f 4168//3587 2990//5627 2988//5625 
f 2989//5626 2991//5628 4170//3589 
f 4168//3587 2992//5629 2990//5627 
f 2991//5628 2993//5630 4170//3589 
f 2993//5630 2994//5631 4170//3589 
f 4119//3538 4172//3591 2995//5632 
f 4172//3591 4170//3589 2996//5633 
f 2996//5633 2997//5634 4172//3591 
f 2997//5634 2998//5635 4172//3591 
f 2998//5635 2999//5636 4172//3591 
f 2999//5636 2995//5632 4172//3591 
f 4119//3538 3000//5637 3001//5638 
f 4119//3538 3002//5639 3000//5637 
f 4119//3538 3003//5640 3002//5639 
f 3001//5638 4074//3493 4119//3538 
f 4119//3538 3004//5641 3003//5640 
f 3001//5638 3005//5642 4074//3493 
f 4119//3538 3006//5643 3004//5641 
f 4032//3451 3007//5644 3008//5645 
f 4032//3451 3009//5646 3007//5644 
f 4074//3493 3010//5647 3009//5646 
f 3009//5646 4032//3451 4074//3493 
f 3008//5645 3011//5648 4032//3451 
f 4074//3493 3012//5649 3010//5647 
f 3011//5648 3013//5650 4032//3451 
f 3013//5650 3014//5651 4032//3451 
f 3937//3356 3015//5652 3016//5653 
f 3937//3356 4032//3451 3017//5654 
f 3017//5654 3015//5652 3937//3356 
f 3936//3355 3018//5655 3019//5656 
f 3019//5656 3935//3354 3936//3355 
f 3936//3355 3020//5657 3018//5655 
f 3019//5656 3021//5658 3935//3354 
f 3936//3355 3022//5659 3020//5657 
f 3936//3355 3016//5653 3022//5659 
f 3935//3354 3023//5660 3024//5661 
f 3024//5661 3934//3353 3935//3354 
f 3935//3354 3025//5662 3023//5660 
f 3024//5661 3026//5663 3934//3353 
f 3026//5663 3027//5664 3934//3353 
f 3027//5664 3028//5665 3934//3353 
f 3785//3204 3029//5666 3030//5667 
f 3786//3205 3031//5668 3032//5669 
f 3786//3205 3033//5670 3031//5668 
f 3786//3205 3034//5671 3033//5670 
f 3786//3205 3035//5672 3034//5671 
f 3785//3204 3036//5673 3035//5672 
f 3035//5672 3786//3205 3785//3204 
f 3817//3236 3037//5674 3038//5675 
f 3038//5675 3039//5676 3817//3236 
f 3817//3236 3032//5669 3037//5674 
f 3818//3237 3040//5677 3041//5678 
f 3818//3237 3817//3236 3042//5679 
f 3042//5679 3040//5677 3818//3237 
f 3856//3275 3043//5680 3044//5681 
f 3856//3275 3045//5682 3043//5680 
f 3856//3275 3046//5683 3045//5682 
f 3856//3275 3041//5678 3046//5683 
f 3858//3277 3047//5684 3048//5685 
f 3048//5685 3860//3279 3858//3277 
f 3858//3277 3049//5686 3047//5684 
f 3858//3277 3044//5681 3049//5686 
f 3862//3281 3860//3279 3050//5687 
f 3860//3279 3051//5688 3050//5687 
f 3050//5687 3052//5689 3862//3281 
f 3860//3279 3053//5690 3051//5688 
f 3862//3281 3054//5691 3055//5692 
f 3055//5692 3864//3283 3862//3281 
f 3862//3281 3056//5693 3054//5691 
f 3055//5692 3057//5694 3864//3283 
f 3864//3283 3058//5695 3059//5696 
f 3059//5696 3866//3285 3864//3283 
f 3059//5696 3060//5697 3866//3285 
f 3060//5697 3061//5698 3866//3285 
f 3868//3287 3866//3285 3062//5699 
f 3062//5699 3063//5700 3868//3287 
f 3063//5700 3064//5701 3868//3287 
f 3064//5701 3065//5702 3868//3287 
f 3870//3289 3868//3287 3066//5703 
f 3066//5703 3067//5704 3870//3289 
f 3819//3238 3068//5705 3069//5706 
f 3069//5706 3070//5707 3819//3238 
f 3819//3238 3067//5704 3068//5705 
f 3070//5707 3071//5708 3819//3238 
f 3787//3206 3820//3239 3072//5709 
f 3820//3239 3819//3238 3073//5710 
f 3073//5710 3074//5711 3820//3239 
f 3074//5711 3075//5712 3820//3239 
f 3075//5712 3072//5709 3820//3239 
f 3072//5709 3076//5713 3787//3206 
f 3787//3206 3077//5714 3078//5715 
f 3078//5715 3753//3172 3787//3206 
f 3078//5715 3079//5716 3753//3172 
f 3787//3206 3080//5717 3077//5714 
f 3079//5716 3081//5718 3753//3172 
f 3787//3206 3082//5719 3080//5717 
f 3081//5718 3083//5720 3753//3172 
f 3710//3129 3753//3172 3084//5721 
f 3753//3172 3085//5722 3084//5721 
f 4942//5723 3086//5724 3087//5725 
f 4942//5723 3088//5726 3086//5724 
f 4942//5723 3084//5721 3088//5726 
f 4943//5727 3089//5728 3090//5729 
f 4943//5727 3087//5725 3089//5728 
f 4944//5730 3091//5731 3092//5732 
f 4944//5730 3090//5729 3091//5731 
f 4945//5733 3092//5732 3093//5734 
f 3094//5735 4946//5736 4947//5737 
f 4947//5737 3093//5734 3094//5735 
f 4948//5738 4946//5736 3095//5739 
f 4949//5740 4948//5738 3096//5741 
f 3096//5741 3097//5742 4949//5740 
f 4950//5743 4949//5740 3098//5744 
f 3098//5744 3099//5745 4950//5743 
f 3709//3128 3708//3127 3100//5746 
f 3708//3127 4950//5743 3101//5747 
f 3101//5747 3100//5746 3708//3127 
f 3709//3128 3102//5748 3103//5749 
f 3709//3128 3104//5750 3102//5748 
f 3103//5749 3105//5751 3709//3128 
f 3752//3171 3106//5752 3029//5666 
f 3752//3171 3707//3126 3107//5753 
f 3707//3126 3709//3128 3108//5754 
f 3108//5754 3107//5753 3707//3126 
f 3107//5753 3109//5755 3752//3171 
f 3109//5755 3106//5752 3752//3171 
f 4014//3433 4012//3431 3110//5756 
f 4012//3431 3111//5757 3110//5756 
f 3110//5756 3112//5758 4014//3433 
f 4012//3431 3113//5759 3111//5757 
f 3112//5758 3114//5760 4014//3433 
f 4016//3435 4014//3433 3115//5761 
f 3115//5761 3116//5762 4016//3435 
f 3116//5762 3117//5763 4016//3435 
f 4014//3433 3118//5764 3115//5761 
f 3117//5763 3119//5765 4016//3435 
f 3119//5765 3120//5766 4016//3435 
f 4018//3437 3121//5767 3122//5768 
f 4018//3437 4016//3435 3123//5769 
f 3123//5769 3121//5767 4018//3437 
f 3967//3386 3124//5770 3125//5771 
f 3967//3386 3126//5772 3124//5770 
f 3967//3386 3127//5773 3126//5772 
f 3125//5771 3916//3335 3967//3386 
f 3967//3386 3128//5774 3127//5773 
f 3967//3386 3129//5775 3128//5774 
f 3967//3386 3122//5768 3129//5775 
f 3846//3265 3916//3335 3130//5776 
f 3130//5776 3131//5777 3846//3265 
f 3916//3335 3132//5778 3130//5776 
f 3131//5777 3133//5779 3846//3265 
f 3916//3335 3134//5780 3132//5778 
f 3133//5779 3135//5781 3846//3265 
f 3135//5781 3136//5782 3846//3265 
f 3777//3196 3137//5783 3138//5784 
f 3777//3196 3846//3265 3139//5785 
f 3139//5785 3137//5783 3777//3196 
f 3775//3194 3776//3195 3140//5786 
f 3776//3195 3141//5787 3140//5786 
f 3776//3195 3142//5788 3141//5787 
f 3776//3195 3143//5789 3142//5788 
f 3776//3195 3138//5784 3143//5789 
f 3775//3194 3144//5790 3145//5791 
f 3145//5791 3774//3193 3775//3194 
f 3775//3194 3146//5792 3144//5790 
f 3145//5791 3147//5793 3774//3193 
f 3774//3193 3148//5794 3149//5795 
f 3149//5795 3773//3192 3774//3193 
f 3149//5795 3150//5796 3773//3192 
f 3150//5796 3151//5797 3773//3192 
f 3808//3227 3772//3191 3152//5798 
f 3772//3191 3773//3192 3153//5799 
f 3153//5799 3154//5800 3772//3191 
f 3154//5800 3155//5801 3772//3191 
f 3155//5801 3152//5798 3772//3191 
f 3808//3227 3156//5802 3157//5803 
f 3845//3264 3807//3226 3158//5804 
f 3807//3226 3159//5805 3158//5804 
f 3807//3226 3160//5806 3159//5805 
f 3807//3226 3808//3227 3161//5807 
f 3161//5807 3160//5806 3807//3226 
f 3158//5804 3162//5808 3845//3264 
f 3162//5808 3163//5809 3845//3264 
f 3915//3334 3164//5810 3165//5811 
f 3915//3334 3166//5812 3164//5810 
f 3915//3334 3845//3264 3167//5813 
f 3167//5813 3166//5812 3915//3334 
f 3845//3264 3168//5814 3167//5813 
f 3845//3264 3169//5815 3168//5814 
f 3965//3384 3170//5816 3171//5817 
f 3171//5817 3172//5818 3965//3384 
f 3965//3384 3165//5811 3170//5816 
f 3966//3385 3173//5819 3174//5820 
f 3966//3385 3175//5821 3173//5819 
f 3966//3385 3176//5822 3175//5821 
f 3966//3385 3965//3384 3177//5823 
f 3177//5823 3176//5822 3966//3385 
f 4012//3431 4010//3429 3178//5824 
f 4010//3429 3179//5825 3178//5824 
f 4010//3429 3180//5826 3179//5825 
f 3178//5824 3181//5827 4012//3431 
f 4010//3429 3182//5828 3180//5826 
f 4010//3429 3174//5820 3182//5828 
f 4147//3566 3183//5829 3184//5830 
f 4147//3566 3185//5831 3183//5829 
f 4107//3526 3186//5832 3185//5831 
f 3185//5831 4147//3566 4107//3526 
f 3184//5830 3187//5833 4147//3566 
f 4107//3526 3188//5834 3186//5832 
f 3187//5833 3189//5835 4147//3566 
f 4246//3665 4198//3617 3190//5836 
f 4198//3617 3191//5837 3192//5838 
f 3192//5838 3190//5836 4198//3617 
f 4198//3617 3193//5839 3191//5837 
f 4198//3617 3194//5840 3193//5839 
f 4198//3617 4147//3566 3195//5841 
f 3195//5841 3194//5840 4198//3617 
f 4246//3665 3196//5842 3197//5843 
f 3197//5843 4248//3667 4246//3665 
f 4246//3665 3198//5844 3196//5842 
f 3197//5843 3199//5845 4248//3667 
f 4246//3665 3200//5846 3198//5844 
f 3199//5845 3201//5847 4248//3667 
f 4246//3665 3202//5848 3200//5846 
f 4248//3667 3203//5849 3204//5850 
f 3204//5850 4250//3669 4248//3667 
f 3204//5850 3205//5851 4250//3669 
f 3205//5851 3206//5852 4250//3669 
f 4248//3667 3207//5853 3203//5849 
f 3206//5852 3208//5854 4250//3669 
f 3208//5854 3209//5855 4250//3669 
f 3209//5855 3210//5856 4250//3669 
f 4252//3671 4250//3669 3211//5857 
f 3211//5857 4199//3618 4252//3671 
f 4148//3567 4199//3618 3212//5858 
f 4199//3618 3213//5859 3212//5858 
f 3212//5858 3214//5860 4148//3567 
f 4199//3618 3215//5861 3213//5859 
f 4199//3618 3216//5862 3215//5861 
f 3214//5860 3217//5863 4148//3567 
f 4199//3618 3218//5864 3216//5862 
f 4199//3618 3219//5865 3218//5864 
f 4064//3483 3220//5866 3221//5867 
f 4148//3567 3222//5868 3223//5869 
f 3223//5869 4064//3483 4148//3567 
f 3223//5869 3224//5870 4064//3483 
f 3224//5870 3225//5871 4064//3483 
f 3225//5871 3220//5866 4064//3483 
f 4148//3567 3226//5872 3222//5868 
f 4951//5873 3221//5867 3227//5874 
f 4021//3440 4022//3441 3228//5875 
f 4022//3441 3229//5876 3228//5875 
f 4022//3441 3230//5877 3229//5876 
f 3228//5875 3231//5878 4021//3440 
f 4022//3441 3232//5879 3230//5877 
f 4022//3441 3233//5880 3232//5879 
f 4022//3441 4951//5873 3234//5881 
f 3234//5881 3233//5880 4022//3441 
f 4020//3439 4021//3440 3235//5882 
f 4021//3440 3236//5883 3235//5882 
f 3235//5882 3237//5884 4020//3439 
f 3237//5884 3238//5885 4020//3439 
f 4021//3440 3239//5886 3236//5883 
f 3238//5885 3240//5887 4020//3439 
f 4019//3438 3241//5888 3242//5889 
f 4019//3438 3243//5890 3241//5888 
f 4019//3438 3244//5891 3243//5890 
f 4019//3438 4020//3439 3245//5892 
f 3245//5892 3244//5891 4019//3438 
f 4107//3526 4063//3482 3246//5893 
f 4063//3482 3247//5894 3248//5895 
f 3248//5895 3249//5896 4063//3482 
f 3249//5896 3250//5897 4063//3482 
f 3250//5897 3246//5893 4063//3482 
f 4063//3482 3251//5898 3247//5894 
f 3246//5893 3252//5899 4107//3526 
f 4063//3482 3242//5889 3251//5898 
f 4683//4102 3253//5900 3254//5901 
f 4683//4102 4681//4100 3255//5902 
f 3255//5902 3253//5900 4683//4102 
f 4631//4050 3256//5903 3257//5904 
f 4631//4050 3258//5905 3256//5903 
f 4631//4050 3259//5906 3258//5905 
f 3257//5904 4581//4000 4631//4050 
f 4631//4050 3260//5907 3259//5906 
f 4631//4050 3261//5908 3260//5907 
f 3257//5904 3262//5909 4581//4000 
f 4631//4050 3254//5901 3261//5908 
f 4531//3950 3263//5910 3264//5911 
f 4581//4000 3265//5912 3263//5910 
f 3263//5910 4531//3950 4581//4000 
f 3264//5911 3266//5913 4531//3950 
f 4581//4000 3267//5914 3265//5912 
f 3266//5913 3268//5915 4531//3950 
f 3268//5915 3269//5916 4531//3950 
f 4440//3859 3270//5917 3271//5918 
f 4440//3859 3272//5919 3270//5917 
f 4440//3859 3273//5920 3272//5919 
f 4440//3859 3274//5921 3273//5920 
f 4440//3859 4531//3950 3275//5922 
f 3275//5922 3274//5921 4440//3859 
f 4438//3857 4439//3858 3276//5923 
f 4439//3858 3277//5924 3276//5923 
f 3276//5923 3278//5925 4438//3857 
f 4439//3858 3279//5926 3277//5924 
f 4439//3858 3280//5927 3279//5926 
f 3278//5925 3281//5928 4438//3857 
f 4439//3858 3271//5918 3280//5927 
f 4437//3856 4438//3857 3282//5929 
f 3282//5929 3283//5930 4437//3856 
f 4438//3857 3284//5931 3282//5929 
f 3283//5930 3285//5932 4437//3856 
f 4438//3857 3286//5933 3284//5931 
f 3285//5932 3287//5934 4437//3856 
f 3287//5934 3288//5935 4437//3856 
f 4485//3904 4436//3855 3289//5936 
f 4436//3855 4437//3856 3290//5937 
f 3290//5937 3291//5938 4436//3855 
f 3291//5938 3292//5939 4436//3855 
f 3292//5939 3293//5940 4436//3855 
f 3293//5940 3289//5936 4436//3855 
f 4485//3904 3294//5941 3295//5942 
f 4485//3904 3296//5943 3294//5941 
f 4485//3904 3297//5944 3296//5943 
f 3295//5942 4530//3949 4485//3904 
f 4485//3904 3298//5945 3297//5944 
f 3295//5942 3299//5946 4530//3949 
f 4485//3904 3300//5947 3298//5945 
f 4580//3999 3301//5948 3302//5949 
f 4580//3999 3303//5950 3301//5948 
f 4530//3949 3304//5951 3303//5950 
f 3303//5950 4580//3999 4530//3949 
f 3302//5949 3305//5952 4580//3999 
f 4530//3949 3306//5953 3304//5951 
f 3305//5952 3307//5954 4580//3999 
f 3307//5954 3308//5955 4580//3999 
f 4630//4049 3309//5956 3310//5957 
f 4630//4049 4580//3999 3311//5958 
f 3311//5958 3309//5956 4630//4049 
f 4677//4096 3312//5959 3313//5960 
f 3313//5960 4679//4098 4677//4096 
f 4677//4096 3314//5961 3312//5959 
f 3313//5960 3315//5962 4679//4098 
f 4677//4096 3316//5963 3314//5961 
f 4677//4096 3310//5957 3316//5963 
f 4679//4098 3317//5964 3318//5965 
f 3318//5965 4681//4100 4679//4098 
f 4679//4098 3319//5966 3317//5964 
f 3318//5965 3320//5967 4681//4100 
f 3320//5967 3321//5968 4681//4100 
f 3321//5968 3322//5969 4681//4100 
f 4335//3754 3323//5970 3324//5971 
f 4333//3752 3325//5972 3326//5973 
f 3326//5973 4335//3754 4333//3752 
f 3326//5973 3327//5974 4335//3754 
f 3327//5974 3328//5975 4335//3754 
f 3328//5975 3323//5970 4335//3754 
f 4288//3707 3329//5976 3330//5977 
f 4288//3707 3324//5971 3329//5976 
f 3330//5977 3331//5978 4288//3707 
f 3331//5978 3332//5979 4288//3707 
f 4289//3708 3333//5980 3334//5981 
f 4289//3708 4288//3707 3335//5982 
f 3335//5982 3333//5980 4289//3708 
f 3334//5981 4243//3662 4289//3708 
f 3334//5981 3336//5983 4243//3662 
f 4145//3564 3337//5984 3338//5985 
f 4145//3564 4243//3662 3339//5986 
f 3339//5986 3340//5987 4145//3564 
f 3340//5987 3337//5984 4145//3564 
f 4243//3662 3341//5988 3339//5986 
f 4243//3662 3342//5989 3341//5988 
f 4952//5990 3343//5991 3344//5992 
f 4952//5990 3338//5985 3343//5991 
f 4103//3522 4104//3523 3345//5993 
f 4104//3523 3346//5994 3347//5995 
f 3347//5995 3345//5993 4104//3523 
f 4104//3523 3348//5996 3346//5994 
f 4104//3523 3349//5997 3348//5996 
f 4104//3523 3350//5998 3349//5997 
f 4952//5990 3351//5999 3350//5998 
f 3350//5998 4104//3523 4952//5990 
f 4103//3522 3352//6000 3353//6001 
f 3353//6001 4102//3521 4103//3522 
f 4103//3522 3354//6002 3352//6000 
f 3353//6001 3355//6003 4102//3521 
f 4103//3522 3356//6004 3354//6002 
f 3355//6003 3357//6005 4102//3521 
f 4103//3522 3358//6006 3356//6004 
f 4144//3563 4101//3520 3359//6007 
f 4101//3520 4102//3521 3360//6008 
f 3360//6008 3361//6009 4101//3520 
f 3361//6009 3362//6010 4101//3520 
f 4102//3521 3363//6011 3360//6008 
f 3362//6010 3364//6012 4101//3520 
f 3364//6012 3365//6013 4101//3520 
f 3365//6013 3359//6007 4101//3520 
f 4144//3563 3366//6014 3367//6015 
f 3367//6015 3368//6016 4144//3563 
f 3368//6016 3369//6017 4144//3563 
f 3369//6017 3370//6018 4144//3563 
f 4196//3615 3371//6019 3372//6020 
f 4143//3562 4144//3563 3373//6021 
f 3373//6021 4196//3615 4143//3562 
f 3373//6021 3374//6022 4196//3615 
f 3374//6022 3371//6019 4196//3615 
f 4242//3661 3375//6023 3376//6024 
f 4242//3661 3377//6025 3375//6023 
f 4242//3661 3378//6026 3377//6025 
f 4242//3661 3379//6027 3378//6026 
f 4242//3661 3380//6028 3379//6027 
f 4241//3660 3381//6029 3380//6028 
f 3380//6028 4242//3661 4241//3660 
f 3376//6024 3382//6030 4242//3661 
f 4287//3706 3383//6031 3384//6032 
f 4287//3706 3385//6033 3383//6031 
f 4287//3706 3386//6034 3385//6033 
f 4287//3706 4242//3661 3387//6035 
f 3387//6035 3386//6034 4287//3706 
f 3384//6032 4331//3750 4287//3706 
f 4333//3752 4331//3750 3388//6036 
f 4331//3750 3389//6037 3388//6036 
f 3388//6036 3390//6038 4333//3752 
f 4331//3750 3391//6039 3389//6037 
f 3390//6038 3392//6040 4333//3752 
f 4331//3750 3393//6041 3391//6039 
f 3392//6040 3394//6042 4333//3752 
f 4599//4018 4600//4019 3395//6043 
f 4600//4019 3396//6044 3395//6043 
f 3395//6043 3397//6045 4599//4018 
f 4600//4019 3398//6046 3396//6044 
f 3397//6045 3399//6047 4599//4018 
f 4598//4017 4599//4018 3400//6048 
f 3400//6048 3401//6049 4598//4017 
f 3401//6049 3402//6050 4598//4017 
f 4599//4018 3403//6051 3400//6048 
f 3402//6050 3404//6052 4598//4017 
f 3404//6052 3405//6053 4598//4017 
f 4597//4016 3406//6054 3407//6055 
f 4597//4016 4598//4017 3408//6056 
f 3408//6056 3406//6054 4597//4016 
f 4648//4067 3409//6057 3410//6058 
f 4648//4067 3411//6059 3409//6057 
f 4648//4067 3412//6060 3411//6059 
f 3410//6058 4704//4123 4648//4067 
f 4648//4067 3413//6061 3412//6060 
f 4648//4067 3414//6062 3413//6061 
f 4648//4067 3407//6055 3414//6062 
f 4747//4166 4704//4123 3415//6063 
f 3415//6063 3416//6064 4747//4166 
f 4704//4123 3417//6065 3415//6063 
f 3416//6064 3418//6066 4747//4166 
f 4704//4123 3419//6067 3417//6065 
f 3418//6066 3420//6068 4747//4166 
f 3420//6068 3421//6069 4747//4166 
f 4777//4196 3422//6070 3423//6071 
f 4777//4196 4747//4166 3424//6072 
f 3424//6072 3422//6070 4777//4196 
f 4811//4230 4809//4228 3425//6073 
f 4809//4228 3426//6074 3425//6073 
f 4809//4228 3427//6075 3426//6074 
f 4809//4228 3428//6076 3427//6075 
f 4809//4228 3423//6071 3428//6076 
f 4811//4230 3429//6077 3430//6078 
f 3430//6078 4813//4232 4811//4230 
f 4811//4230 3431//6079 3429//6077 
f 3430//6078 3432//6080 4813//4232 
f 4813//4232 3433//6081 3434//6082 
f 3434//6082 4815//4234 4813//4232 
f 3434//6082 3435//6083 4815//4234 
f 3435//6083 3436//6084 4815//4234 
f 4778//4197 4817//4236 3437//6085 
f 4817//4236 4815//4234 3438//6086 
f 3438//6086 3439//6087 4817//4236 
f 3439//6087 3440//6088 4817//4236 
f 3440//6088 3437//6085 4817//4236 
f 4778//4197 3441//6089 3442//6090 
f 4748//4167 4779//4198 3443//6091 
f 4779//4198 3444//6092 3443//6091 
f 4779//4198 3445//6093 3444//6092 
f 4779//4198 4778//4197 3446//6094 
f 3446//6094 3445//6093 4779//4198 
f 3443//6091 3447//6095 4748//4167 
f 3447//6095 3448//6096 4748//4167 
f 4649//4068 3449//6097 3450//6098 
f 4649//4068 3451//6099 3449//6097 
f 4649//4068 4748//4167 3452//6100 
f 3452//6100 3451//6099 4649//4068 
f 4748//4167 3453//6101 3452//6100 
f 4748//4167 3454//6102 3453//6101 
f 4953//6103 3455//6104 3456//6105 
f 3456//6105 3457//6106 4953//6103 
f 4953//6103 3450//6098 3455//6104 
f 4602//4021 3458//6107 3459//6108 
f 4602//4021 3460//6109 3458//6107 
f 4602//4021 3461//6110 3460//6109 
f 4602//4021 4953//6103 3462//6111 
f 3462//6111 3461//6110 4602//4021 
f 4600//4019 4601//4020 3463//6112 
f 4601//4020 3464//6113 3463//6112 
f 4601//4020 3465//6114 3464//6113 
f 3463//6112 3466//6115 4600//4019 
f 4601//4020 3467//6116 3465//6114 
f 4601//4020 3459//6108 3467//6116 
f 4954//6117 3468//6118 3469//6119 
f 4769//4188 3470//6120 3471//6121 
f 4769//4188 3472//6122 3470//6120 
f 4769//4188 3473//6123 3472//6122 
f 4769//4188 3474//6124 3473//6123 
f 4954//6117 3475//6125 3474//6124 
f 3474//6124 4769//4188 4954//6117 
f 4955//6126 3476//6127 3477//6128 
f 3477//6128 3478//6129 4955//6126 
f 4955//6126 3471//6121 3476//6127 
f 4738//4157 3479//6130 3480//6131 
f 4738//4157 4955//6126 3481//6132 
f 3481//6132 3479//6130 4738//4157 
f 4737//4156 3482//6133 3483//6134 
f 4737//4156 3484//6135 3482//6133 
f 4737//4156 3485//6136 3484//6135 
f 4737//4156 3480//6131 3485//6136 
f 4736//4155 3486//6137 3487//6138 
f 3487//6138 4735//4154 4736//4155 
f 4736//4155 3488//6139 3486//6137 
f 4736//4155 3483//6134 3488//6139 
f 4734//4153 4735//4154 3489//6140 
f 4735//4154 3490//6141 3489//6140 
f 3489//6140 3491//6142 4734//4153 
f 4735//4154 3492//6143 3490//6141 
f 4734//4153 3493//6144 3494//6145 
f 3494//6145 4733//4152 4734//4153 
f 4734//4153 3495//6146 3493//6144 
f 3494//6145 3496//6147 4733//4152 
f 4733//4152 3497//6148 3498//6149 
f 3498//6149 4732//4151 4733//4152 
f 3498//6149 3499//6150 4732//4151 
f 3499//6150 3500//6151 4732//4151 
f 4731//4150 4732//4151 3501//6152 
f 3501//6152 3502//6153 4731//4150 
f 3502//6153 3503//6154 4731//4150 
f 3503//6154 3504//6155 4731//4150 
f 4730//4149 4731//4150 3505//6156 
f 3505//6156 3506//6157 4730//4149 
f 4768//4187 3507//6158 3508//6159 
f 3508//6159 3509//6160 4768//4187 
f 4768//4187 3506//6157 3507//6158 
f 3509//6160 3510//6161 4768//4187 
f 4800//4219 4767//4186 3511//6162 
f 4767//4186 4768//4187 3512//6163 
f 3512//6163 3513//6164 4767//4186 
f 3513//6164 3514//6165 4767//4186 
f 3514//6165 3511//6162 4767//4186 
f 3511//6162 3515//6166 4800//4219 
f 4800//4219 3516//6167 3517//6168 
f 3517//6168 4855//4274 4800//4219 
f 3517//6168 3518//6169 4855//4274 
f 4800//4219 3519//6170 3516//6167 
f 3518//6169 3520//6171 4855//4274 
f 4800//4219 3521//6172 3519//6170 
f 3520//6171 3522//6173 4855//4274 
f 4910//4329 4855//4274 3523//6174 
f 4855//4274 3524//6175 3523//6174 
f 4956//6176 3525//6177 3526//6178 
f 4956//6176 3527//6179 3525//6177 
f 4956//6176 3523//6174 3527//6179 
f 4957//6180 3528//6181 3529//6182 
f 4957//6180 3526//6178 3528//6181 
f 4958//6183 3530//6184 3531//6185 
f 4958//6183 3529//6182 3530//6184 
f 4959//6186 3531//6185 3532//6187 
f 3533//6188 4960//6189 4961//6190 
f 4961//6190 3532//6187 3533//6188 
f 4962//6191 4960//6189 3534//6192 
f 4963//6193 4962//6191 3535//6194 
f 3535//6194 3536//6195 4963//6193 
f 4964//6196 4963//6193 3537//6197 
f 3537//6197 3538//6198 4964//6196 
f 4911//4330 4965//6199 3539//6200 
f 4965//6199 4964//6196 3540//6201 
f 3540//6201 3539//6200 4965//6199 
f 4911//4330 3541//6202 3542//6203 
f 4911//4330 3543//6204 3541//6202 
f 3542//6203 3544//6205 4911//4330 
f 4801//4220 3545//6206 3468//6118 
f 4801//4220 4912//4331 3546//6207 
f 4912//4331 4911//4330 3547//6208 
f 3547//6208 3546//6207 4912//4331 
f 3546//6207 3548//6209 4801//4220 
f 3548//6209 3545//6206 4801//4220 
f 4445//3864 4446//3865 3549//6210 
f 4446//3865 3550//6211 3549//6210 
f 3549//6210 3551//6212 4445//3864 
f 4446//3865 3552//6213 3550//6211 
f 3551//6212 3553//6214 4445//3864 
f 4446//3865 3554//6215 3552//6213 
f 4444//3863 3555//6216 3556//6217 
f 4445//3864 3557//6218 3555//6216 
f 3555//6216 4444//3863 4445//3864 
f 3556//6217 3558//6219 4444//3863 
f 4445//3864 3559//6220 3557//6218 
f 3558//6219 3560//6221 4444//3863 
f 3560//6221 3561//6222 4444//3863 
f 3561//6222 3562//6223 4444//3863 
f 4443//3862 3563//6224 3564//6225 
f 4443//3862 4444//3863 3563//6224 
f 4534//3953 3565//6226 3566//6227 
f 4534//3953 3567//6228 3565//6226 
f 4534//3953 3568//6229 3567//6228 
f 4534//3953 3569//6230 3568//6229 
f 4534//3953 3570//6231 3569//6230 
f 4534//3953 3571//6232 3570//6231 
f 4488//3907 3564//6225 3571//6232 
f 3571//6232 4534//3953 4488//3907 
f 4584//4003 3572//6233 3573//6234 
f 4584//4003 4534//3953 3574//6235 
f 3574//6235 3575//6236 4584//4003 
f 4534//3953 3576//6237 3574//6235 
f 3575//6236 3577//6238 4584//4003 
f 3577//6238 3578//6239 4584//4003 
f 3578//6239 3572//6233 4584//4003 
f 4534//3953 3579//6240 3576//6237 
f 4635//4054 3573//6234 3580//6241 
f 4689//4108 4636//4055 3581//6242 
f 4636//4055 3582//6243 3581//6242 
f 4636//4055 3583//6244 3582//6243 
f 4636//4055 3584//6245 3583//6244 
f 4636//4055 4635//4054 3585//6246 
f 3585//6246 3584//6245 4636//4055 
f 4689//4108 3586//6247 3587//6248 
f 3587//6248 4691//4110 4689//4108 
f 4689//4108 3588//6249 3586//6247 
f 3587//6248 3589//6250 4691//4110 
f 4689//4108 3590//6251 3588//6249 
f 3589//6250 3591//6252 4691//4110 
f 4693//4112 3592//6253 3593//6254 
f 4693//4112 4691//4110 3594//6255 
f 3594//6255 3595//6256 4693//4112 
f 3595//6256 3596//6257 4693//4112 
f 3596//6257 3592//6253 4693//4112 
f 4637//4056 3597//6258 3598//6259 
f 3598//6259 3599//6260 4637//4056 
f 4637//4056 3593//6254 3597//6258 
f 4638//4057 3600//6261 3601//6262 
f 4638//4057 3602//6263 3600//6261 
f 4638//4057 4637//4056 3603//6264 
f 3603//6264 3602//6263 4638//4057 
f 3601//6262 4585//4004 4638//4057 
f 3601//6262 3604//6265 4585//4004 
f 4489//3908 3605//6266 3606//6267 
f 4585//4004 3607//6268 3608//6269 
f 3608//6269 4489//3908 4585//4004 
f 4585//4004 3609//6270 3607//6268 
f 3608//6269 3610//6271 4489//3908 
f 3610//6271 3611//6272 4489//3908 
f 3611//6272 3605//6266 4489//3908 
f 4585//4004 3612//6273 3609//6270 
f 4966//6274 3606//6267 3613//6275 
f 4446//3865 4447//3866 3614//6276 
f 4447//3866 3615//6277 3614//6276 
f 4447//3866 3616//6278 3615//6277 
f 4447//3866 3617//6279 3616//6278 
f 4447//3866 3618//6280 3617//6279 
f 4966//6274 3619//6281 3618//6280 
f 3618//6280 4447//3866 4966//6274 
f 3614//6276 3620//6282 4446//3865 
f 3620//6282 3554//6215 4446//3865 
f 3613//6275 3619//6281 4966//6274 
f 3606//6267 4966//6274 4489//3908 
f 3604//6265 3612//6273 4585//4004 
f 3599//6260 3603//6264 4637//4056 
f 3593//6254 4637//4056 4693//4112 
f 3591//6252 3594//6255 4691//4110 
f 3581//6242 3590//6251 4689//4108 
f 3580//6241 3585//6246 4635//4054 
f 3573//6234 4635//4054 4584//4003 
f 3566//6227 3579//6240 4534//3953 
f 3564//6225 4488//3907 4443//3862 
f 3562//6223 3563//6224 4444//3863 
f 3553//6214 3559//6220 4445//3864 
f 3468//6118 4954//6117 4801//4220 
f 3544//6205 3547//6208 4911//4330 
f 3539//6200 3543//6204 4911//4330 
f 3538//6198 3540//6201 4964//6196 
f 3536//6195 3537//6197 4963//6193 
f 3534//6192 3535//6194 4962//6191 
f 3533//6188 3534//6192 4960//6189 
f 3532//6187 4961//6190 4959//6186 
f 3531//6185 4959//6186 4958//6183 
f 3529//6182 4958//6183 4957//6180 
f 3526//6178 4957//6180 4956//6176 
f 3523//6174 4956//6176 4910//4329 
f 3522//6173 3524//6175 4855//4274 
f 3515//6166 3521//6172 4800//4219 
f 3510//6161 3512//6163 4768//4187 
f 3506//6157 4768//4187 4730//4149 
f 3504//6155 3505//6156 4731//4150 
f 3500//6151 3501//6152 4732//4151 
f 3496//6147 3497//6148 4733//4152 
f 3491//6142 3495//6146 4734//4153 
f 3487//6138 3492//6143 4735//4154 
f 3483//6134 4736//4155 4737//4156 
f 3480//6131 4737//4156 4738//4157 
f 3478//6129 3481//6132 4955//6126 
f 3471//6121 4955//6126 4769//4188 
f 3469//6119 3475//6125 4954//6117 
f 3466//6115 3398//6046 4600//4019 
f 3459//6108 4601//4020 4602//4021 
f 3457//6106 3462//6111 4953//6103 
f 3450//6098 4953//6103 4649//4068 
f 3448//6096 3454//6102 4748//4167 
f 3442//6090 3446//6094 4778//4197 
f 3437//6085 3441//6089 4778//4197 
f 3436//6084 3438//6086 4815//4234 
f 3432//6080 3433//6081 4813//4232 
f 3425//6073 3431//6079 4811//4230 
f 3423//6071 4809//4228 4777//4196 
f 3421//6069 3424//6072 4747//4166 
f 3410//6058 3419//6067 4704//4123 
f 3407//6055 4648//4067 4597//4016 
f 3405//6053 3408//6056 4598//4017 
f 3399//6047 3403//6051 4599//4018 
f 3394//6042 3325//5972 4333//3752 
f 3384//6032 3393//6041 4331//3750 
f 3382//6030 3387//6035 4242//3661 
f 3381//6029 4241//3660 3372//6020 
f 3372//6020 4241//3660 4196//3615 
f 3370//6018 3373//6021 4144//3563 
f 3359//6007 3366//6014 4144//3563 
f 3357//6005 3363//6011 4102//3521 
f 3345//5993 3358//6006 4103//3522 
f 3344//5992 3351//5999 4952//5990 
f 3338//5985 4952//5990 4145//3564 
f 3336//5983 3342//5989 4243//3662 
f 3332//5979 3335//5982 4288//3707 
f 3324//5971 4288//3707 4335//3754 
f 3322//5969 3255//5902 4681//4100 
f 3315//5962 3319//5966 4679//4098 
f 3310//5957 4677//4096 4630//4049 
f 3308//5955 3311//5958 4580//3999 
f 3299//5946 3306//5953 4530//3949 
f 3289//5936 3300//5947 4485//3904 
f 3288//5935 3290//5937 4437//3856 
f 3281//5928 3286//5933 4438//3857 
f 3271//5918 4439//3858 4440//3859 
f 3269//5916 3275//5922 4531//3950 
f 3262//5909 3267//5914 4581//4000 
f 3254//5901 4631//4050 4683//4102 
f 3252//5899 3188//5834 4107//3526 
f 3242//5889 4063//3482 4019//3438 
f 3240//5887 3245//5892 4020//3439 
f 3231//5878 3239//5886 4021//3440 
f 3227//5874 3234//5881 4951//5873 
f 3221//5867 4951//5873 4064//3483 
f 3217//5863 3226//5872 4148//3567 
f 3211//5857 3219//5865 4199//3618 
f 3210//5856 3211//5857 4250//3669 
f 3201//5847 3207//5853 4248//3667 
f 3190//5836 3202//5848 4246//3665 
f 3189//5835 3195//5841 4147//3566 
f 3181//5827 3113//5759 4012//3431 
f 3174//5820 4010//3429 3966//3385 
f 3172//5818 3177//5823 3965//3384 
f 3165//5811 3965//3384 3915//3334 
f 3163//5809 3169//5815 3845//3264 
f 3157//5803 3161//5807 3808//3227 
f 3152//5798 3156//5802 3808//3227 
f 3151//5797 3153//5799 3773//3192 
f 3147//5793 3148//5794 3774//3193 
f 3140//5786 3146//5792 3775//3194 
f 3138//5784 3776//3195 3777//3196 
f 3136//5782 3139//5785 3846//3265 
f 3125//5771 3134//5780 3916//3335 
f 3122//5768 3967//3386 4018//3437 
f 3120//5766 3123//5769 4016//3435 
f 3114//5760 3118//5764 4014//3433 
f 3029//5666 3785//3204 3752//3171 
f 3105//5751 3108//5754 3709//3128 
f 3100//5746 3104//5750 3709//3128 
f 3099//5745 3101//5747 4950//5743 
f 3097//5742 3098//5744 4949//5740 
f 3095//5739 3096//5741 4948//5738 
f 3094//5735 3095//5739 4946//5736 
f 3093//5734 4947//5737 4945//5733 
f 3092//5732 4945//5733 4944//5730 
f 3090//5729 4944//5730 4943//5727 
f 3087//5725 4943//5727 4942//5723 
f 3084//5721 4942//5723 3710//3129 
f 3083//5720 3085//5722 3753//3172 
f 3076//5713 3082//5719 3787//3206 
f 3071//5708 3073//5710 3819//3238 
f 3067//5704 3819//3238 3870//3289 
f 3065//5702 3066//5703 3868//3287 
f 3061//5698 3062//5699 3866//3285 
f 3057//5694 3058//5695 3864//3283 
f 3052//5689 3056//5693 3862//3281 
f 3048//5685 3053//5690 3860//3279 
f 3044//5681 3858//3277 3856//3275 
f 3041//5678 3856//3275 3818//3237 
f 3039//5676 3042//5679 3817//3236 
f 3032//5669 3817//3236 3786//3205 
f 3030//5667 3036//5673 3785//3204 
f 3028//5665 2961//5598 3934//3353 
f 3021//5658 3025//5662 3935//3354 
f 3016//5653 3936//3355 3937//3356 
f 3014//5651 3017//5654 4032//3451 
f 3005//5642 3012//5649 4074//3493 
f 2995//5632 3006//5643 4119//3538 
f 2994//5631 2996//5633 4170//3589 
f 2987//5624 2992//5629 4168//3587 
f 2977//5614 4166//3585 4118//3537 
f 2975//5612 2981//5618 4073//3492 
f 2968//5605 2973//5610 4031//3450 
f 2960//5597 3981//3400 3933//3352 
f 2958//5595 2889//5525 4265//3684 
f 2948//5585 2957//5594 4266//3685 
f 2946//5583 2951//5588 4357//3776 
f 2945//5582 4941//5581 2936//5572 
f 2936//5572 4941//5581 4358//3777 
f 2934//5570 2937//5573 4460//3879 
f 2923//5559 2930//5566 4460//3879 
f 2921//5557 2927//5563 4501//3920 
f 2909//5545 2922//5558 4499//3918 
f 2908//5544 2915//5551 4458//3877 
f 2902//5538 4458//3877 4407//3826 
f 2900//5536 2906//5542 4356//3775 
f 2896//5532 2899//5535 4305//3724 
f 2888//5524 4305//3724 4264//3683 
f 2886//5522 2819//5455 4940//5454 
f 2879//5515 4940//5454 3978//3397 
f 2872//5508 2885//5521 4070//3489 
f 2870//5506 4115//3534 4161//3580 
f 2868//5504 2869//5505 4159//3578 
f 2859//5495 2865//5501 4157//3576 
f 2854//5490 2860//5496 4155//3574 
f 2847//5483 2853//5489 4113//3532 
f 2840//5476 4113//3532 4069//3488 
f 2838//5474 2846//5482 4028//3447 
f 2833//5469 2837//5473 3977//3396 
f 2827//5463 3977//3396 3926//3345 
f 2825//5461 2828//5464 3927//3346 
f 2815//5450 2824//5460 3928//3347 
f 2806//5441 2741//5375 4938//5374 
f 2804//5439 2814//5449 4939//5438 
f 2799//5433 4939//5438 4256//3675 
f 2797//5431 2803//5437 4347//3766 
f 2787//5421 2796//5430 4347//3766 
f 2786//5420 2795//5429 4401//3820 
f 2781//5415 4401//3820 4450//3869 
f 2779//5413 2784//5418 4399//3818 
f 2769//5403 2778//5412 4399//3818 
f 2767//5401 2777//5411 4345//3764 
f 2762//5396 4345//3764 4297//3716 
f 2760//5394 2766//5400 4255//3674 
f 2750//5384 2759//5393 4255//3674 
f 2749//5383 2758//5392 4202//3621 
f 2744//5378 4202//3621 4151//3570 
f 2742//5376 2747//5381 4938//5374 
f 2738//5371 2677//5310 4454//3873 
f 2732//5365 2740//5373 4405//3824 
f 2731//5364 2732//5365 4351//3770 
f 2722//5355 2728//5361 4352//3771 
f 2711//5344 2723//5356 4353//3772 
f 2710//5343 2716//5349 4455//3874 
f 2703//5336 2709//5342 4495//3914 
f 2693//5326 4542//3961 4596//4015 
f 2691//5324 2696//5329 4594//4013 
f 2682//5315 2690//5323 4592//4011 
f 2678//5311 2685//5318 4540//3959 
f 2672//5305 4540//3959 4494//3913 
f 2316//5232 4045//3464 4089//3508 
f 2308//5295 2309//5302 4087//3506 
f 2374//5286 2376//5296 4085//3504 
f 2367//5284 2370//5290 4043//3462 
f 2368//5277 4043//3462 3994//3413 
f 2359//5275 2360//5283 3950//3369 
f 2352//5266 2354//5274 3895//3314 
f 2349//5265 2350//5267 3833//3252 
f 2344//5259 2345//5261 3834//3253 
f 2340//5255 2342//5260 3835//3254 
f 2336//5249 3836//3255 3837//3256 
f 2331//5246 2332//5251 3951//3370 
f 2324//5240 2326//5247 3995//3414 
f 2317//5233 2318//5239 4045//3464 
f 2250//5227 2252//5154 3828//3247 
f 2244//5225 2245//5231 3889//3308 
f 2239//5220 2240//5223 3887//3306 
f 2235//5215 2236//5219 3885//3304 
f 2231//5212 2233//5216 3883//3302 
f 2305//5204 3881//3300 3879//3298 
f 2298//5201 3879//3298 3827//3246 
f 2296//5200 2299//5202 3793//3212 
f 2289//5193 2291//5198 3759//3178 
f 2283//5187 2284//5189 3720//3139 
f 2281//5186 3721//3140 2279//5181 
f 2279//5181 3721//3140 3629//3048 
f 2275//5179 2276//5182 3631//3050 
f 2274//5178 3633//3052 3635//3054 
f 2273//5174 3635//3054 3637//3056 
f 2268//5172 2269//5176 4937//5171 
f 2267//5168 4937//5171 3722//3141 
f 2264//5163 3722//3141 3723//3142 
f 2258//5161 2260//5166 3794//3213 
f 2253//5156 2255//5159 3828//3247 
f 2199//5153 2200//5089 3984//3403 
f 2193//5143 2195//5152 3985//3404 
f 2186//5147 4936//5146 2188//5132 
f 2188//5132 4936//5146 4035//3454 
f 2177//5127 2179//5139 4122//3541 
f 2170//5130 4176//3595 2171//6283 
f 2169//5116 2171//6283 4176//3595 
f 2161//5114 2162//5121 4220//3639 
f 2224//5104 2226//5115 4218//3637 
f 2219//5103 2220//5108 4121//3540 
f 2212//5096 2213//5101 4076//3495 
f 2206//5085 4034//3453 3983//3402 
f 1820//5076 4193//3612 4141//3560 
f 1809//5074 1810//5080 4098//3517 
f 1801//5073 4055//3474 1802//6284 
f 1800//5060 1802//6284 4055//3474 
f 1864//5058 1794//5064 4004//3423 
f 1858//5049 1860//5059 4005//3424 
f 1853//5048 1854//5050 4099//3518 
f 1845//5036 1847//5047 4142//3561 
f 1840//5030 4195//3614 4238//3657 
f 1833//5028 1834//5031 4236//3655 
f 1826//5018 1828//5027 4234//3653 
f 1818//5021 4193//3612 1820//5076 
f 74//5013 78//4938 3907//3326 
f 64//5008 67//5012 3905//3324 
f 56//5002 58//5007 3903//3322 
f 48//4998 52//5004 3901//3320 
f 43//4992 3899//3318 3841//3260 
f 29//4990 32//4996 3840//3259 
f 27//4984 3840//3259 3803//3222 
f 13//4982 16//4988 3768//3187 
f 4//4978 8//4981 3733//3152 
f 148//4974 151//4975 3734//3153 
f 149//4971 3734//3153 3663//3082 
f 138//4969 142//4972 3665//3084 
f 133//4967 137//4968 3667//3086 
f 134//4964 3669//3088 3671//3090 
f 126//4966 4935//4959 127//6285 
f 124//4960 127//6285 4935//4959 
f 119//4953 3735//3154 3736//3155 
f 102//4949 106//4958 3804//3223 
f 93//4944 90//4951 3842//3261 
f 86//4943 93//4944 3909//3328 
f 2425//4866 4378//3797 4322//3741 
f 2417//4931 2419//4935 4279//3698 
f 2409//4919 2410//4930 4231//3650 
f 2404//4916 2405//4923 4190//3609 
f 2400//4911 4190//3609 4137//3556 
f 2396//4910 2398//4913 4138//3557 
f 2392//4906 2393//4908 4934//4902 
f 2388//4896 4934//4902 4191//3610 
f 2381//4894 2383//4899 4280//3699 
f 2446//4881 2447//4893 4323//3742 
f 2440//4880 2441//4886 4380//3799 
f 2437//4873 4380//3799 4430//3849 
f 2431//4871 2432//4876 4428//3847 
f 2429//4869 2430//4870 4378//3797 
f 1905//4863 1906//4800 4575//3994 
f 1899//4854 1901//4862 4573//3992 
f 1892//4857 4526//3945 1894//4843 
f 1894//4843 4526//3945 4482//3901 
f 1883//4838 1885//4850 4433//3852 
f 1876//4841 4384//3803 1877//6286 
f 1875//4827 1877//6286 4384//3803 
f 1867//4825 1868//4832 4326//3745 
f 1930//4815 1932//4826 4327//3746 
f 1925//4814 1926//4819 4434//3853 
f 1918//4807 1919//4812 4483//3902 
f 1912//4796 4528//3947 4577//3996 
f 1995//4794 1997//4722 4794//4213 
f 1988//4787 1989//4793 4846//4265 
f 1986//4786 4845//4264 1984//4781 
f 1984//4781 4845//4264 4901//4320 
f 1980//4779 1981//4782 4899//4318 
f 1979//4778 4897//4316 4895//4314 
f 1978//4774 4895//4314 4844//4263 
f 1973//4772 1974//4776 4843//4262 
f 1972//4769 4843//4262 4841//4260 
f 1969//4764 4841//4260 4793//4212 
f 1963//4762 1965//4767 4760//4179 
f 1958//4757 1960//4760 4723//4142 
f 1955//4751 1957//4755 4723//4142 
f 1950//4749 1951//4752 4667//4086 
f 1945//4744 1946//4747 4668//4087 
f 1941//4739 1942//4743 4669//4088 
f 1937//4736 1939//4740 4670//4089 
f 2011//4728 4671//4090 4672//4091 
f 2004//4725 4672//4091 4673//4092 
f 2002//4724 2005//4726 4761//4180 
f 2049//4717 2050//4642 4654//4073 
f 2044//4712 2046//4716 4655//4074 
f 2040//4706 2041//4711 4656//4075 
f 2036//4702 2038//4708 4657//4076 
f 2033//4696 4658//4077 4659//4078 
f 2026//4694 2027//4700 4933//4692 
f 2024//4687 4933//4692 4708//4127 
f 2018//4685 2020//4691 4784//4203 
f 2014//4681 2015//4684 4828//4247 
f 2085//4677 2087//4678 4827//4246 
f 2086//4674 4827//4246 4880//4299 
f 2081//4672 2082//4675 4878//4297 
f 2078//4670 2080//4671 4876//4295 
f 2079//4667 4874//4293 4826//4245 
f 2075//4669 4825//4244 2076//6287 
f 2073//4663 2076//6287 4825//4244 
f 2071//4657 4823//4242 4783//4202 
f 2063//4653 2064//4662 4751//4170 
f 2058//4648 2057//4655 4707//4126 
f 2055//4647 2058//4648 4653//4072 
f 2148//4641 2149//4572 4462//3881 
f 2139//4628 2141//4636 4409//3828 
f 2134//4622 4359//3778 4307//3726 
f 2127//4620 2129//4623 4308//3727 
f 2120//4609 2122//4619 4309//3728 
f 2112//4613 4932//4612 2113//4598 
f 2113//4598 4932//4612 4360//3779 
f 2104//4596 2106//4602 4463//3882 
f 2096//4595 4507//3926 2097//6288 
f 2095//4582 2097//6288 4507//3926 
f 2090//4580 2089//4586 4553//3972 
f 2153//4571 2155//4581 4551//3970 
f 2459//4570 2460//4499 4717//4136 
f 2451//4563 2453//4569 4715//4134 
f 2520//4556 2521//4562 4713//4132 
f 2517//4553 4711//4130 4662//4081 
f 2512//4550 2513//4555 4616//4035 
f 2505//4544 2507//4551 4564//3983 
f 2498//4537 2499//4543 4517//3936 
f 2497//4531 4517//3936 4471//3890 
f 2490//4529 2491//4534 4472//3891 
f 2484//4519 2486//4528 4473//3892 
f 2477//4517 2480//4523 4931//4516 
f 2478//4509 4931//4516 4518//3937 
f 2469//4507 2470//4515 4617//4036 
f 2462//4498 2464//4506 4663//4082 
f 2610//4489 2612//4421 4318//3737 
f 2600//4487 2602//4494 4372//3791 
f 2598//4482 4372//3791 4421//3840 
f 2668//4480 2670//4485 4370//3789 
f 2665//4469 2666//4478 4370//3789 
f 2655//4468 2657//4477 4316//3735 
f 2656//4463 4316//3735 4277//3696 
f 2648//4461 2650//4467 4228//3647 
f 2647//4452 2649//4460 4228//3647 
f 2638//4450 2640//4459 4185//3604 
f 2636//4445 4185//3604 4131//3550 
f 2631//4443 2633//4448 4930//4431 
f 2628//4432 2629//4441 4930//4431 
f 2618//4430 2620//4440 4929//4429 
f 2619//4424 4929//4429 4229//3648 
f 2611//4422 2613//4428 4318//3737 
f 2570//4350 4362//3781 4312//3731 
f 2562//4413 2564//4417 4274//3693 
f 2554//4400 2555//4412 4225//3644 
f 2548//4399 2549//4405 4180//3599 
f 2545//4392 4180//3599 4124//3543 
f 2539//4390 2540//4395 4125//3544 
f 2537//4388 2538//4389 4928//4383 
f 2533//4378 4928//4383 4181//3600 
f 2526//4376 2528//4379 4275//3694 
f 2591//4364 2592//4375 4313//3732 
f 2586//4361 2587//4368 4364//3783 
f 2582//4356 4364//3783 4414//3833 
f 2578//4355 2580//4358 4412//3831 
f 2574//4351 2575//4353 4362//3781 
f 4967//6289 4926//4345 4927//4346 
f 4967//6289 4925//4344 4926//4345 
f 4967//6289 4924//4343 4925//4344 
f 4967//6289 4923//4342 4924//4343 
f 4967//6289 4922//4341 4923//4342 
f 4967//6289 4921//4340 4922//4341 
f 4967//6289 4920//4339 4921//4340 
f 4967//6289 4919//4338 4920//4339 
f 4967//6289 4918//4337 4919//4338 
f 4967//6289 4917//4336 4918//4337 
f 4967//6289 4916//4335 4917//4336 
f 4967//6289 4915//4334 4916//4335 
f 4967//6289 4914//4333 4915//4334 
f 4967//6289 4913//4332 4914//4333 
f 4967//6289 4965//6199 4913//4332 
f 4967//6289 4964//6196 4965//6199 
f 4967//6289 4963//6193 4964//6196 
f 4967//6289 4962//6191 4963//6193 
f 4967//6289 4960//6189 4962//6191 
f 4967//6289 4961//6190 4960//6189 
f 4967//6289 4959//6186 4961//6190 
f 4967//6289 4958//6183 4959//6186 
f 4967//6289 4957//6180 4958//6183 
f 4967//6289 4956//6176 4957//6180 
f 4967//6289 4910//4329 4956//6176 
f 4967//6289 4909//4328 4910//4329 
f 4967//6289 4908//4327 4909//4328 
f 4967//6289 4907//4326 4908//4327 
f 4967//6289 4906//4325 4907//4326 
f 4967//6289 4905//4324 4906//4325 
f 4967//6289 4904//4323 4905//4324 
f 4967//6289 4903//4322 4904//4323 
f 4967//6289 4902//4321 4903//4322 
f 4967//6289 4900//4319 4902//4321 
f 4967//6289 4898//4317 4900//4319 
f 4967//6289 4896//4315 4898//4317 
f 4967//6289 4894//4313 4896//4315 
f 4967//6289 4893//4312 4894//4313 
f 4967//6289 4892//4311 4893//4312 
f 4967//6289 4891//4310 4892//4311 
f 4967//6289 4890//4309 4891//4310 
f 4967//6289 4889//4308 4890//4309 
f 4967//6289 4888//4307 4889//4308 
f 4967//6289 4887//4306 4888//4307 
f 4967//6289 4886//4305 4887//4306 
f 4967//6289 4885//4304 4886//4305 
f 4967//6289 4884//4303 4885//4304 
f 4967//6289 4883//4302 4884//4303 
f 4967//6289 4882//4301 4883//4302 
f 4967//6289 4881//4300 4882//4301 
f 4967//6289 4879//4298 4881//4300 
f 4967//6289 4877//4296 4879//4298 
f 4967//6289 4875//4294 4877//4296 
f 4967//6289 4873//4292 4875//4294 
f 4967//6289 4872//4291 4873//4292 
f 4967//6289 4871//4290 4872//4291 
f 4967//6289 4870//4289 4871//4290 
f 4967//6289 4927//4346 4870//4289 
f 4927//4346 4926//4345 4868//4287 
f 4926//4345 4925//4344 4867//4286 
f 4925//4344 4924//4343 4866//4285 
f 4924//4343 4923//4342 4865//4284 
f 4923//4342 4922//4341 4864//4283 
f 4922//4341 4921//4340 4863//4282 
f 4921//4340 4920//4339 4862//4281 
f 4920//4339 4919//4338 4861//4280 
f 4919//4338 4918//4337 4860//4279 
f 4918//4337 4917//4336 4859//4278 
f 4917//4336 4916//4335 4858//4277 
f 4916//4335 4915//4334 4857//4276 
f 4915//4334 4914//4333 4856//4275 
f 4914//4333 4913//4332 4912//4331 
f 4913//4332 4965//6199 4911//4330 
f 4910//4329 4909//4328 4854//4273 
f 4909//4328 4908//4327 4853//4272 
f 4908//4327 4907//4326 4852//4271 
f 4907//4326 4906//4325 4851//4270 
f 4906//4325 4905//4324 4850//4269 
f 4905//4324 4904//4323 4849//4268 
f 4904//4323 4903//4322 4847//4266 
f 4903//4322 4902//4321 4901//4320 
f 4902//4321 4900//4319 4899//4318 
f 4900//4319 4898//4317 4897//4316 
f 4898//4317 4896//4315 4895//4314 
f 4896//4315 4894//4313 4844//4263 
f 4894//4313 4893//4312 4842//4261 
f 4893//4312 4892//4311 4840//4259 
f 4892//4311 4891//4310 4839//4258 
f 4891//4310 4890//4309 4838//4257 
f 4890//4309 4889//4308 4837//4256 
f 4889//4308 4888//4307 4836//4255 
f 4888//4307 4887//4306 4835//4254 
f 4887//4306 4886//4305 4834//4253 
f 4886//4305 4885//4304 4833//4252 
f 4885//4304 4884//4303 4832//4251 
f 4884//4303 4883//4302 4831//4250 
f 4883//4302 4882//4301 4829//4248 
f 4882//4301 4881//4300 4880//4299 
f 4881//4300 4879//4298 4878//4297 
f 4879//4298 4877//4296 4876//4295 
f 4877//4296 4875//4294 4874//4293 
f 4875//4294 4873//4292 4826//4245 
f 4873//4292 4872//4291 4824//4243 
f 4872//4291 4871//4290 4822//4241 
f 4871//4290 4870//4289 4821//4240 
f 4870//4289 4927//4346 4869//4288 
f 4869//4288 4868//4287 4819//4238 
f 4868//4287 4867//4286 4818//4237 
f 4867//4286 4866//4285 4816//4235 
f 4866//4285 4865//4284 4814//4233 
f 4865//4284 4864//4283 4812//4231 
f 4864//4283 4863//4282 4810//4229 
f 4863//4282 4862//4281 4808//4227 
f 4862//4281 4861//4280 4807//4226 
f 4861//4280 4860//4279 4806//4225 
f 4860//4279 4859//4278 4805//4224 
f 4859//4278 4858//4277 4804//4223 
f 4858//4277 4857//4276 4803//4222 
f 4857//4276 4856//4275 4802//4221 
f 4856//4275 4912//4331 4801//4220 
f 4855//4274 4854//4273 4799//4218 
f 4854//4273 4853//4272 4798//4217 
f 4853//4272 4852//4271 4797//4216 
f 4852//4271 4851//4270 4796//4215 
f 4851//4270 4850//4269 4795//4214 
f 4850//4269 4849//4268 4848//4267 
f 4849//4268 4847//4266 4846//4265 
f 4847//4266 4901//4320 4845//4264 
f 4844//4263 4842//4261 4841//4260 
f 4842//4261 4840//4259 4793//4212 
f 4840//4259 4839//4258 4792//4211 
f 4839//4258 4838//4257 4791//4210 
f 4838//4257 4837//4256 4790//4209 
f 4837//4256 4836//4255 4789//4208 
f 4836//4255 4835//4254 4788//4207 
f 4835//4254 4834//4253 4787//4206 
f 4834//4253 4833//4252 4786//4205 
f 4833//4252 4832//4251 4785//4204 
f 4832//4251 4831//4250 4830//4249 
f 4831//4250 4829//4248 4828//4247 
f 4829//4248 4880//4299 4827//4246 
f 4826//4245 4824//4243 4823//4242 
f 4824//4243 4822//4241 4783//4202 
f 4822//4241 4821//4240 4782//4201 
f 4821//4240 4869//4288 4820//4239 
f 4820//4239 4819//4238 4780//4199 
f 4819//4238 4818//4237 4817//4236 
f 4818//4237 4816//4235 4815//4234 
f 4816//4235 4814//4233 4813//4232 
f 4814//4233 4812//4231 4811//4230 
f 4812//4231 4810//4229 4809//4228 
f 4810//4229 4808//4227 4777//4196 
f 4808//4227 4807//4226 4776//4195 
f 4807//4226 4806//4225 4775//4194 
f 4806//4225 4805//4224 4774//4193 
f 4805//4224 4804//4223 4773//4192 
f 4804//4223 4803//4222 4772//4191 
f 4803//4222 4802//4221 4771//4190 
f 4802//4221 4801//4220 4770//4189 
f 4801//4220 4954//6117 4769//4188 
f 4800//4219 4799//4218 4766//4185 
f 4799//4218 4798//4217 4765//4184 
f 4798//4217 4797//4216 4764//4183 
f 4797//4216 4796//4215 4763//4182 
f 4796//4215 4795//4214 4762//4181 
f 4795//4214 4848//4267 4794//4213 
f 4793//4212 4792//4211 4759//4178 
f 4792//4211 4791//4210 4758//4177 
f 4791//4210 4790//4209 4757//4176 
f 4790//4209 4789//4208 4756//4175 
f 4789//4208 4788//4207 4755//4174 
f 4788//4207 4787//4206 4754//4173 
f 4787//4206 4786//4205 4753//4172 
f 4786//4205 4785//4204 4752//4171 
f 4785//4204 4830//4249 4784//4203 
f 4783//4202 4782//4201 4750//4169 
f 4782//4201 4820//4239 4781//4200 
f 4781//4200 4780//4199 4779//4198 
f 4780//4199 4817//4236 4778//4197 
f 4777//4196 4776//4195 4746//4165 
f 4776//4195 4775//4194 4745//4164 
f 4775//4194 4774//4193 4744//4163 
f 4774//4193 4773//4192 4743//4162 
f 4773//4192 4772//4191 4742//4161 
f 4772//4191 4771//4190 4741//4160 
f 4771//4190 4770//4189 4740//4159 
f 4770//4189 4769//4188 4739//4158 
f 4769//4188 4955//6126 4738//4157 
f 4768//4187 4767//4186 4729//4148 
f 4767//4186 4766//4185 4728//4147 
f 4766//4185 4765//4184 4727//4146 
f 4765//4184 4764//4183 4726//4145 
f 4764//4183 4763//4182 4725//4144 
f 4763//4182 4762//4181 4724//4143 
f 4762//4181 4794//4213 4761//4180 
f 4760//4179 4759//4178 4721//4140 
f 4759//4178 4758//4177 4720//4139 
f 4758//4177 4757//4176 4718//4137 
f 4757//4176 4756//4175 4716//4135 
f 4756//4175 4755//4174 4714//4133 
f 4755//4174 4754//4173 4712//4131 
f 4754//4173 4753//4172 4710//4129 
f 4753//4172 4752//4171 4709//4128 
f 4752//4171 4784//4203 4708//4127 
f 4751//4170 4750//4169 4706//4125 
f 4750//4169 4781//4200 4749//4168 
f 4749//4168 4779//4198 4748//4167 
f 4747//4166 4746//4165 4703//4122 
f 4746//4165 4745//4164 4702//4121 
f 4745//4164 4744//4163 4701//4120 
f 4744//4163 4743//4162 4700//4119 
f 4743//4162 4742//4161 4699//4118 
f 4742//4161 4741//4160 4698//4117 
f 4741//4160 4740//4159 4697//4116 
f 4740//4159 4739//4158 4696//4115 
f 4739//4158 4738//4157 4695//4114 
f 4738//4157 4737//4156 4694//4113 
f 4737//4156 4736//4155 4692//4111 
f 4736//4155 4735//4154 4690//4109 
f 4735//4154 4734//4153 4688//4107 
f 4734//4153 4733//4152 4687//4106 
f 4733//4152 4732//4151 4686//4105 
f 4732//4151 4731//4150 4685//4104 
f 4731//4150 4730//4149 4684//4103 
f 4730//4149 4729//4148 4682//4101 
f 4729//4148 4728//4147 4680//4099 
f 4728//4147 4727//4146 4678//4097 
f 4727//4146 4726//4145 4676//4095 
f 4726//4145 4725//4144 4675//4094 
f 4725//4144 4724//4143 4674//4093 
f 4724//4143 4761//4180 4673//4092 
f 4723//4142 4722//4141 4665//4084 
f 4722//4141 4721//4140 4664//4083 
f 4721//4140 4720//4139 4719//4138 
f 4720//4139 4718//4137 4717//4136 
f 4718//4137 4716//4135 4715//4134 
f 4716//4135 4714//4133 4713//4132 
f 4714//4133 4712//4131 4711//4130 
f 4712//4131 4710//4129 4662//4081 
f 4710//4129 4709//4128 4661//4080 
f 4709//4128 4708//4127 4660//4079 
f 4708//4127 4933//4692 4659//4078 
f 4707//4126 4706//4125 4651//4070 
f 4706//4125 4749//4168 4705//4124 
f 4705//4124 4748//4167 4649//4068 
f 4704//4123 4703//4122 4647//4066 
f 4703//4122 4702//4121 4646//4065 
f 4702//4121 4701//4120 4645//4064 
f 4701//4120 4700//4119 4644//4063 
f 4700//4119 4699//4118 4643//4062 
f 4699//4118 4698//4117 4642//4061 
f 4698//4117 4697//4116 4641//4060 
f 4697//4116 4696//4115 4640//4059 
f 4696//4115 4695//4114 4639//4058 
f 4695//4114 4694//4113 4693//4112 
f 4694//4113 4692//4111 4691//4110 
f 4692//4111 4690//4109 4689//4108 
f 4690//4109 4688//4107 4636//4055 
f 4688//4107 4687//4106 4634//4053 
f 4687//4106 4686//4105 4633//4052 
f 4686//4105 4685//4104 4632//4051 
f 4685//4104 4684//4103 4683//4102 
f 4684//4103 4682//4101 4681//4100 
f 4682//4101 4680//4099 4679//4098 
f 4680//4099 4678//4097 4677//4096 
f 4678//4097 4676//4095 4630//4049 
f 4676//4095 4675//4094 4629//4048 
f 4675//4094 4674//4093 4628//4047 
f 4674//4093 4673//4092 4627//4046 
f 4673//4092 4672//4091 4626//4045 
f 4672//4091 4671//4090 4625//4044 
f 4671//4090 4670//4089 4624//4043 
f 4670//4089 4669//4088 4623//4042 
f 4669//4088 4668//4087 4622//4041 
f 4668//4087 4667//4086 4621//4040 
f 4667//4086 4666//4085 4620//4039 
f 4666//4085 4665//4084 4619//4038 
f 4665//4084 4664//4083 4618//4037 
f 4664//4083 4719//4138 4663//4082 
f 4662//4081 4661//4080 4615//4034 
f 4661//4080 4660//4079 4614//4033 
f 4660//4079 4659//4078 4613//4032 
f 4659//4078 4658//4077 4612//4031 
f 4658//4077 4657//4076 4611//4030 
f 4657//4076 4656//4075 4610//4029 
f 4656//4075 4655//4074 4609//4028 
f 4655//4074 4654//4073 4608//4027 
f 4654//4073 4653//4072 4607//4026 
f 4653//4072 4652//4071 4606//4025 
f 4652//4071 4651//4070 4605//4024 
f 4651//4070 4705//4124 4650//4069 
f 4650//4069 4649//4068 4603//4022 
f 4649//4068 4953//6103 4602//4021 
f 4648//4067 4647//4066 4595//4014 
f 4647//4066 4646//4065 4593//4012 
f 4646//4065 4645//4064 4591//4010 
f 4645//4064 4644//4063 4590//4009 
f 4644//4063 4643//4062 4589//4008 
f 4643//4062 4642//4061 4588//4007 
f 4642//4061 4641//4060 4587//4006 
f 4641//4060 4640//4059 4586//4005 
f 4640//4059 4639//4058 4638//4057 
f 4639//4058 4693//4112 4637//4056 
f 4636//4055 4634//4053 4584//4003 
f 4634//4053 4633//4052 4583//4002 
f 4633//4052 4632//4051 4582//4001 
f 4632//4051 4683//4102 4631//4050 
f 4630//4049 4629//4048 4579//3998 
f 4629//4048 4628//4047 4578//3997 
f 4628//4047 4627//4046 4576//3995 
f 4627//4046 4626//4045 4574//3993 
f 4626//4045 4625//4044 4572//3991 
f 4625//4044 4624//4043 4571//3990 
f 4624//4043 4623//4042 4570//3989 
f 4623//4042 4622//4041 4569//3988 
f 4622//4041 4621//4040 4568//3987 
f 4621//4040 4620//4039 4567//3986 
f 4620//4039 4619//4038 4566//3985 
f 4619//4038 4618//4037 4565//3984 
f 4618//4037 4663//4082 4617//4036 
f 4616//4035 4615//4034 4563//3982 
f 4615//4034 4614//4033 4562//3981 
f 4614//4033 4613//4032 4561//3980 
f 4613//4032 4612//4031 4560//3979 
f 4612//4031 4611//4030 4559//3978 
f 4611//4030 4610//4029 4558//3977 
f 4610//4029 4609//4028 4557//3976 
f 4609//4028 4608//4027 4556//3975 
f 4608//4027 4607//4026 4554//3973 
f 4607//4026 4606//4025 4552//3971 
f 4606//4025 4605//4024 4550//3969 
f 4605//4024 4650//4069 4604//4023 
f 4604//4023 4603//4022 4548//3967 
f 4603//4022 4602//4021 4547//3966 
f 4602//4021 4601//4020 4546//3965 
f 4601//4020 4600//4019 4545//3964 
f 4600//4019 4599//4018 4544//3963 
f 4599//4018 4598//4017 4543//3962 
f 4598//4017 4597//4016 4596//4015 
f 4597//4016 4595//4014 4594//4013 
f 4595//4014 4593//4012 4592//4011 
f 4593//4012 4591//4010 4541//3960 
f 4591//4010 4590//4009 4539//3958 
f 4590//4009 4589//4008 4538//3957 
f 4589//4008 4588//4007 4537//3956 
f 4588//4007 4587//4006 4536//3955 
f 4587//4006 4586//4005 4535//3954 
f 4586//4005 4638//4057 4585//4004 
f 4584//4003 4583//4002 4533//3952 
f 4583//4002 4582//4001 4532//3951 
f 4582//4001 4631//4050 4581//4000 
f 4580//3999 4579//3998 4529//3948 
f 4579//3998 4578//3997 4577//3996 
f 4578//3997 4576//3995 4575//3994 
f 4576//3995 4574//3993 4573//3992 
f 4574//3993 4572//3991 4527//3946 
f 4572//3991 4571//3990 4525//3944 
f 4571//3990 4570//3989 4524//3943 
f 4570//3989 4569//3988 4523//3942 
f 4569//3988 4568//3987 4522//3941 
f 4568//3987 4567//3986 4521//3940 
f 4567//3986 4566//3985 4520//3939 
f 4566//3985 4565//3984 4519//3938 
f 4565//3984 4617//4036 4518//3937 
f 4564//3983 4563//3982 4515//3934 
f 4563//3982 4562//3981 4514//3933 
f 4562//3981 4561//3980 4513//3932 
f 4561//3980 4560//3979 4512//3931 
f 4560//3979 4559//3978 4511//3930 
f 4559//3978 4558//3977 4510//3929 
f 4558//3977 4557//3976 4509//3928 
f 4557//3976 4556//3975 4555//3974 
f 4556//3975 4554//3973 4553//3972 
f 4554//3973 4552//3971 4551//3970 
f 4552//3971 4550//3969 4506//3925 
f 4550//3969 4604//4023 4549//3968 
f 4549//3968 4548//3967 4504//3923 
f 4548//3967 4547//3966 4502//3921 
f 4547//3966 4546//3965 4500//3919 
f 4546//3965 4545//3964 4498//3917 
f 4545//3964 4544//3963 4497//3916 
f 4544//3963 4543//3962 4496//3915 
f 4543//3962 4596//4015 4542//3961 
f 4541//3960 4539//3958 4494//3913 
f 4539//3958 4538//3957 4493//3912 
f 4538//3957 4537//3956 4492//3911 
f 4537//3956 4536//3955 4491//3910 
f 4536//3955 4535//3954 4490//3909 
f 4535//3954 4585//4004 4489//3908 
f 4534//3953 4533//3952 4487//3906 
f 4533//3952 4532//3951 4486//3905 
f 4532//3951 4581//4000 4531//3950 
f 4530//3949 4529//3948 4484//3903 
f 4529//3948 4577//3996 4528//3947 
f 4527//3946 4525//3944 4482//3901 
f 4525//3944 4524//3943 4481//3900 
f 4524//3943 4523//3942 4480//3899 
f 4523//3942 4522//3941 4479//3898 
f 4522//3941 4521//3940 4478//3897 
f 4521//3940 4520//3939 4477//3896 
f 4520//3939 4519//3938 4476//3895 
f 4519//3938 4518//3937 4475//3894 
f 4518//3937 4931//4516 4474//3893 
f 4517//3936 4516//3935 4470//3889 
f 4516//3935 4515//3934 4469//3888 
f 4515//3934 4514//3933 4468//3887 
f 4514//3933 4513//3932 4467//3886 
f 4513//3932 4512//3931 4466//3885 
f 4512//3931 4511//3930 4465//3884 
f 4511//3930 4510//3929 4464//3883 
f 4510//3929 4509//3928 4508//3927 
f 4509//3928 4555//3974 4507//3926 
f 4506//3925 4549//3968 4505//3924 
f 4505//3924 4504//3923 4503//3922 
f 4504//3923 4502//3921 4501//3920 
f 4502//3921 4500//3919 4499//3918 
f 4500//3919 4498//3917 4459//3878 
f 4498//3917 4497//3916 4457//3876 
f 4497//3916 4496//3915 4456//3875 
f 4496//3915 4542//3961 4495//3914 
f 4494//3913 4493//3912 4453//3872 
f 4493//3912 4492//3911 4452//3871 
f 4492//3911 4491//3910 4451//3870 
f 4491//3910 4490//3909 4449//3868 
f 4490//3909 4489//3908 4448//3867 
f 4489//3908 4966//6274 4447//3866 
f 4488//3907 4487//3906 4442//3861 
f 4487//3906 4486//3905 4441//3860 
f 4486//3905 4531//3950 4440//3859 
f 4485//3904 4484//3903 4435//3854 
f 4484//3903 4528//3947 4483//3902 
f 4482//3901 4481//3900 4432//3851 
f 4481//3900 4480//3899 4431//3850 
f 4480//3899 4479//3898 4429//3848 
f 4479//3898 4478//3897 4427//3846 
f 4478//3897 4477//3896 4426//3845 
f 4477//3896 4476//3895 4425//3844 
f 4476//3895 4475//3894 4424//3843 
f 4475//3894 4474//3893 4423//3842 
f 4474//3893 4473//3892 4422//3841 
f 4473//3892 4472//3891 4420//3839 
f 4472//3891 4471//3890 4419//3838 
f 4471//3890 4470//3889 4418//3837 
f 4470//3889 4469//3888 4417//3836 
f 4469//3888 4468//3887 4416//3835 
f 4468//3887 4467//3886 4415//3834 
f 4467//3886 4466//3885 4413//3832 
f 4466//3885 4465//3884 4411//3830 
f 4465//3884 4464//3883 4410//3829 
f 4464//3883 4508//3927 4463//3882 
f 4462//3881 4505//3924 4461//3880 
f 4461//3880 4503//3922 4460//3879 
f 4459//3878 4457//3876 4407//3826 
f 4457//3876 4456//3875 4406//3825 
f 4456//3875 4495//3914 4455//3874 
f 4454//3873 4453//3872 4404//3823 
f 4453//3872 4452//3871 4403//3822 
f 4452//3871 4451//3870 4450//3869 
f 4451//3870 4449//3868 4400//3819 
f 4449//3868 4448//3867 4398//3817 
f 4448//3867 4447//3866 4397//3816 
f 4447//3866 4446//3865 4396//3815 
f 4446//3865 4445//3864 4395//3814 
f 4445//3864 4444//3863 4394//3813 
f 4444//3863 4443//3862 4393//3812 
f 4443//3862 4442//3861 4392//3811 
f 4442//3861 4441//3860 4391//3810 
f 4441//3860 4440//3859 4390//3809 
f 4440//3859 4439//3858 4389//3808 
f 4439//3858 4438//3857 4388//3807 
f 4438//3857 4437//3856 4387//3806 
f 4437//3856 4436//3855 4386//3805 
f 4436//3855 4435//3854 4385//3804 
f 4435//3854 4483//3902 4434//3853 
f 4433//3852 4432//3851 4382//3801 
f 4432//3851 4431//3850 4430//3849 
f 4431//3850 4429//3848 4428//3847 
f 4429//3848 4427//3846 4379//3798 
f 4427//3846 4426//3845 4377//3796 
f 4426//3845 4425//3844 4376//3795 
f 4425//3844 4424//3843 4375//3794 
f 4424//3843 4423//3842 4374//3793 
f 4423//3842 4422//3841 4421//3840 
f 4422//3841 4420//3839 4371//3790 
f 4420//3839 4419//3838 4369//3788 
f 4419//3838 4418//3837 4368//3787 
f 4418//3837 4417//3836 4367//3786 
f 4417//3836 4416//3835 4366//3785 
f 4416//3835 4415//3834 4414//3833 
f 4415//3834 4413//3832 4412//3831 
f 4413//3832 4411//3830 4363//3782 
f 4411//3830 4410//3829 4361//3780 
f 4410//3829 4463//3882 4360//3779 
f 4409//3828 4461//3880 4408//3827 
f 4407//3826 4406//3825 4355//3774 
f 4406//3825 4455//3874 4354//3773 
f 4405//3824 4404//3823 4349//3768 
f 4404//3823 4403//3822 4402//3821 
f 4403//3822 4450//3869 4401//3820 
f 4400//3819 4398//3817 4346//3765 
f 4398//3817 4397//3816 4344//3763 
f 4397//3816 4396//3815 4343//3762 
f 4396//3815 4395//3814 4342//3761 
f 4395//3814 4394//3813 4341//3760 
f 4394//3813 4393//3812 4340//3759 
f 4393//3812 4392//3811 4339//3758 
f 4392//3811 4391//3810 4338//3757 
f 4391//3810 4390//3809 4337//3756 
f 4390//3809 4389//3808 4336//3755 
f 4389//3808 4388//3807 4334//3753 
f 4388//3807 4387//3806 4332//3751 
f 4387//3806 4386//3805 4330//3749 
f 4386//3805 4385//3804 4329//3748 
f 4385//3804 4434//3853 4328//3747 
f 4384//3803 4383//3802 4324//3743 
f 4383//3802 4382//3801 4381//3800 
f 4382//3801 4430//3849 4380//3799 
f 4379//3798 4377//3796 4322//3741 
f 4377//3796 4376//3795 4321//3740 
f 4376//3795 4375//3794 4320//3739 
f 4375//3794 4374//3793 4373//3792 
f 4374//3793 4421//3840 4372//3791 
f 4371//3790 4369//3788 4317//3736 
f 4369//3788 4368//3787 4315//3734 
f 4368//3787 4367//3786 4314//3733 
f 4367//3786 4366//3785 4365//3784 
f 4366//3785 4414//3833 4364//3783 
f 4363//3782 4361//3780 4312//3731 
f 4361//3780 4360//3779 4311//3730 
f 4360//3779 4932//4612 4310//3729 
f 4359//3778 4408//3827 4358//3777 
f 4358//3777 4941//5581 4357//3776 
f 4356//3775 4355//3774 4303//3722 
f 4355//3774 4354//3773 4302//3721 
f 4354//3773 4353//3772 4301//3720 
f 4353//3772 4352//3771 4300//3719 
f 4352//3771 4351//3770 4299//3718 
f 4351//3770 4350//3769 4298//3717 
f 4350//3769 4349//3768 4348//3767 
f 4349//3768 4402//3821 4347//3766 
f 4346//3765 4344//3763 4297//3716 
f 4344//3763 4343//3762 4296//3715 
f 4343//3762 4342//3761 4295//3714 
f 4342//3761 4341//3760 4294//3713 
f 4341//3760 4340//3759 4293//3712 
f 4340//3759 4339//3758 4292//3711 
f 4339//3758 4338//3757 4291//3710 
f 4338//3757 4337//3756 4290//3709 
f 4337//3756 4336//3755 4335//3754 
f 4336//3755 4334//3753 4333//3752 
f 4334//3753 4332//3751 4331//3750 
f 4332//3751 4330//3749 4287//3706 
f 4330//3749 4329//3748 4286//3705 
f 4329//3748 4328//3747 4285//3704 
f 4328//3747 4327//3746 4284//3703 
f 4327//3746 4326//3745 4283//3702 
f 4326//3745 4325//3744 4282//3701 
f 4325//3744 4324//3743 4281//3700 
f 4324//3743 4381//3800 4323//3742 
f 4322//3741 4321//3740 4278//3697 
f 4321//3740 4320//3739 4319//3738 
f 4320//3739 4373//3792 4318//3737 
f 4317//3736 4315//3734 4277//3696 
f 4315//3734 4314//3733 4276//3695 
f 4314//3733 4365//3784 4313//3732 
f 4312//3731 4311//3730 4273//3692 
f 4311//3730 4310//3729 4272//3691 
f 4310//3729 4309//3728 4271//3690 
f 4309//3728 4308//3727 4270//3689 
f 4308//3727 4307//3726 4269//3688 
f 4307//3726 4358//3777 4306//3725 
f 4306//3725 4357//3776 4267//3686 
f 4305//3724 4304//3723 4263//3682 
f 4304//3723 4303//3722 4262//3681 
f 4303//3722 4302//3721 4261//3680 
f 4302//3721 4301//3720 4260//3679 
f 4301//3720 4300//3719 4259//3678 
f 4300//3719 4299//3718 4258//3677 
f 4299//3718 4298//3717 4257//3676 
f 4298//3717 4348//3767 4256//3675 
f 4297//3716 4296//3715 4253//3672 
f 4296//3715 4295//3714 4251//3670 
f 4295//3714 4294//3713 4249//3668 
f 4294//3713 4293//3712 4247//3666 
f 4293//3712 4292//3711 4245//3664 
f 4292//3711 4291//3710 4244//3663 
f 4291//3710 4290//3709 4289//3708 
f 4290//3709 4335//3754 4288//3707 
f 4287//3706 4286//3705 4240//3659 
f 4286//3705 4285//3704 4239//3658 
f 4285//3704 4284//3703 4237//3656 
f 4284//3703 4283//3702 4235//3654 
f 4283//3702 4282//3701 4233//3652 
f 4282//3701 4281//3700 4232//3651 
f 4281//3700 4323//3742 4280//3699 
f 4279//3698 4278//3697 4230//3649 
f 4278//3697 4319//3738 4229//3648 
f 4277//3696 4276//3695 4226//3645 
f 4276//3695 4313//3732 4275//3694 
f 4274//3693 4273//3692 4224//3643 
f 4273//3692 4272//3691 4223//3642 
f 4272//3691 4271//3690 4221//3640 
f 4271//3690 4270//3689 4219//3638 
f 4270//3689 4269//3688 4217//3636 
f 4269//3688 4306//3725 4268//3687 
f 4268//3687 4267//3686 4215//3634 
f 4267//3686 4266//3685 4214//3633 
f 4266//3685 4265//3684 4213//3632 
f 4265//3684 4264//3683 4212//3631 
f 4264//3683 4263//3682 4211//3630 
f 4263//3682 4262//3681 4210//3629 
f 4262//3681 4261//3680 4209//3628 
f 4261//3680 4260//3679 4208//3627 
f 4260//3679 4259//3678 4207//3626 
f 4259//3678 4258//3677 4206//3625 
f 4258//3677 4257//3676 4205//3624 
f 4257//3676 4256//3675 4204//3623 
f 4256//3675 4939//5438 4203//3622 
f 4255//3674 4254//3673 4200//3619 
f 4254//3673 4253//3672 4252//3671 
f 4253//3672 4251//3670 4250//3669 
f 4251//3670 4249//3668 4248//3667 
f 4249//3668 4247//3666 4246//3665 
f 4247//3666 4245//3664 4198//3617 
f 4245//3664 4244//3663 4197//3616 
f 4244//3663 4289//3708 4243//3662 
f 4242//3661 4240//3659 4196//3615 
f 4240//3659 4239//3658 4238//3657 
f 4239//3658 4237//3656 4236//3655 
f 4237//3656 4235//3654 4234//3653 
f 4235//3654 4233//3652 4194//3613 
f 4233//3652 4232//3651 4192//3611 
f 4232//3651 4280//3699 4191//3610 
f 4231//3650 4230//3649 4188//3607 
f 4230//3649 4229//3648 4187//3606 
f 4229//3648 4929//4429 4186//3605 
f 4228//3647 4227//3646 4183//3602 
f 4227//3646 4226//3645 4182//3601 
f 4226//3645 4275//3694 4181//3600 
f 4225//3644 4224//3643 4178//3597 
f 4224//3643 4223//3642 4222//3641 
f 4223//3642 4221//3640 4220//3639 
f 4221//3640 4219//3638 4218//3637 
f 4219//3638 4217//3636 4175//3594 
f 4217//3636 4268//3687 4216//3635 
f 4216//3635 4215//3634 4173//3592 
f 4215//3634 4214//3633 4171//3590 
f 4214//3633 4213//3632 4169//3588 
f 4213//3632 4212//3631 4167//3586 
f 4212//3631 4211//3630 4165//3584 
f 4211//3630 4210//3629 4164//3583 
f 4210//3629 4209//3628 4163//3582 
f 4209//3628 4208//3627 4162//3581 
f 4208//3627 4207//3626 4160//3579 
f 4207//3626 4206//3625 4158//3577 
f 4206//3625 4205//3624 4156//3575 
f 4205//3624 4204//3623 4154//3573 
f 4204//3623 4203//3622 4153//3572 
f 4203//3622 4938//5374 4152//3571 
f 4202//3621 4201//3620 4150//3569 
f 4201//3620 4200//3619 4149//3568 
f 4200//3619 4252//3671 4199//3618 
f 4198//3617 4197//3616 4146//3565 
f 4197//3616 4243//3662 4145//3564 
f 4196//3615 4238//3657 4195//3614 
f 4194//3613 4192//3611 4141//3560 
f 4192//3611 4191//3610 4140//3559 
f 4191//3610 4934//4902 4139//3558 
f 4190//3609 4189//3608 4136//3555 
f 4189//3608 4188//3607 4135//3554 
f 4188//3607 4187//3606 4134//3553 
f 4187//3606 4186//3605 4133//3552 
f 4186//3605 4930//4431 4132//3551 
f 4185//3604 4184//3603 4130//3549 
f 4184//3603 4183//3602 4129//3548 
f 4183//3602 4182//3601 4128//3547 
f 4182//3601 4181//3600 4127//3546 
f 4181//3600 4928//4383 4126//3545 
f 4180//3599 4179//3598 4123//3542 
f 4179//3598 4178//3597 4177//3596 
f 4178//3597 4222//3641 4176//3595 
f 4175//3594 4216//3635 4174//3593 
f 4174//3593 4173//3592 4172//3591 
f 4173//3592 4171//3590 4170//3589 
f 4171//3590 4169//3588 4168//3587 
f 4169//3588 4167//3586 4166//3585 
f 4167//3586 4165//3584 4118//3537 
f 4165//3584 4164//3583 4117//3536 
f 4164//3583 4163//3582 4116//3535 
f 4163//3582 4162//3581 4161//3580 
f 4162//3581 4160//3579 4159//3578 
f 4160//3579 4158//3577 4157//3576 
f 4158//3577 4156//3575 4155//3574 
f 4156//3575 4154//3573 4114//3533 
f 4154//3573 4153//3572 4112//3531 
f 4153//3572 4152//3571 4111//3530 
f 4152//3571 4151//3570 4110//3529 
f 4151//3570 4150//3569 4109//3528 
f 4150//3569 4149//3568 4108//3527 
f 4149//3568 4199//3618 4148//3567 
f 4147//3566 4146//3565 4106//3525 
f 4146//3565 4145//3564 4105//3524 
f 4145//3564 4952//5990 4104//3523 
f 4144//3563 4143//3562 4100//3519 
f 4143//3562 4195//3614 4142//3561 
f 4141//3560 4140//3559 4097//3516 
f 4140//3559 4139//3558 4096//3515 
f 4139//3558 4138//3557 4095//3514 
f 4138//3557 4137//3556 4094//3513 
f 4137//3556 4136//3555 4093//3512 
f 4136//3555 4135//3554 4092//3511 
f 4135//3554 4134//3553 4091//3510 
f 4134//3553 4133//3552 4090//3509 
f 4133//3552 4132//3551 4088//3507 
f 4132//3551 4131//3550 4086//3505 
f 4131//3550 4130//3549 4084//3503 
f 4130//3549 4129//3548 4083//3502 
f 4129//3548 4128//3547 4082//3501 
f 4128//3547 4127//3546 4081//3500 
f 4127//3546 4126//3545 4080//3499 
f 4126//3545 4125//3544 4079//3498 
f 4125//3544 4124//3543 4078//3497 
f 4124//3543 4123//3542 4077//3496 
f 4123//3542 4177//3596 4122//3541 
f 4121//3540 4174//3593 4120//3539 
f 4120//3539 4172//3591 4119//3538 
f 4118//3537 4117//3536 4072//3491 
f 4117//3536 4116//3535 4071//3490 
f 4116//3535 4161//3580 4115//3534 
f 4114//3533 4112//3531 4069//3488 
f 4112//3531 4111//3530 4068//3487 
f 4111//3530 4110//3529 4067//3486 
f 4110//3529 4109//3528 4066//3485 
f 4109//3528 4108//3527 4065//3484 
f 4108//3527 4148//3567 4064//3483 
f 4107//3526 4106//3525 4062//3481 
f 4106//3525 4105//3524 4061//3480 
f 4105//3524 4104//3523 4060//3479 
f 4104//3523 4103//3522 4059//3478 
f 4103//3522 4102//3521 4058//3477 
f 4102//3521 4101//3520 4057//3476 
f 4101//3520 4100//3519 4056//3475 
f 4100//3519 4142//3561 4099//3518 
f 4098//3517 4097//3516 4053//3472 
f 4097//3516 4096//3515 4052//3471 
f 4096//3515 4095//3514 4051//3470 
f 4095//3514 4094//3513 4050//3469 
f 4094//3513 4093//3512 4049//3468 
f 4093//3512 4092//3511 4048//3467 
f 4092//3511 4091//3510 4047//3466 
f 4091//3510 4090//3509 4089//3508 
f 4090//3509 4088//3507 4087//3506 
f 4088//3507 4086//3505 4085//3504 
f 4086//3505 4084//3503 4044//3463 
f 4084//3503 4083//3502 4042//3461 
f 4083//3502 4082//3501 4041//3460 
f 4082//3501 4081//3500 4040//3459 
f 4081//3500 4080//3499 4039//3458 
f 4080//3499 4079//3498 4038//3457 
f 4079//3498 4078//3497 4037//3456 
f 4078//3497 4077//3496 4036//3455 
f 4077//3496 4122//3541 4035//3454 
f 4076//3495 4120//3539 4075//3494 
f 4075//3494 4119//3538 4074//3493 
f 4073//3492 4072//3491 4030//3449 
f 4072//3491 4071//3490 4029//3448 
f 4071//3490 4115//3534 4070//3489 
f 4069//3488 4068//3487 4027//3446 
f 4068//3487 4067//3486 4026//3445 
f 4067//3486 4066//3485 4025//3444 
f 4066//3485 4065//3484 4024//3443 
f 4065//3484 4064//3483 4023//3442 
f 4064//3483 4951//5873 4022//3441 
f 4063//3482 4062//3481 4017//3436 
f 4062//3481 4061//3480 4015//3434 
f 4061//3480 4060//3479 4013//3432 
f 4060//3479 4059//3478 4011//3430 
f 4059//3478 4058//3477 4009//3428 
f 4058//3477 4057//3476 4008//3427 
f 4057//3476 4056//3475 4007//3426 
f 4056//3475 4099//3518 4006//3425 
f 4055//3474 4054//3473 4002//3421 
f 4054//3473 4053//3472 4001//3420 
f 4053//3472 4052//3471 4000//3419 
f 4052//3471 4051//3470 3999//3418 
f 4051//3470 4050//3469 3998//3417 
f 4050//3469 4049//3468 3997//3416 
f 4049//3468 4048//3467 3996//3415 
f 4048//3467 4047//3466 4046//3465 
f 4047//3466 4089//3508 4045//3464 
f 4044//3463 4042//3461 3994//3413 
f 4042//3461 4041//3460 3993//3412 
f 4041//3460 4040//3459 3992//3411 
f 4040//3459 4039//3458 3991//3410 
f 4039//3458 4038//3457 3990//3409 
f 4038//3457 4037//3456 3989//3408 
f 4037//3456 4036//3455 3988//3407 
f 4036//3455 4035//3454 3987//3406 
f 4035//3454 4936//5146 3986//3405 
f 4034//3453 4075//3494 4033//3452 
f 4033//3452 4074//3493 4032//3451 
f 4031//3450 4030//3449 3980//3399 
f 4030//3449 4029//3448 3979//3398 
f 4029//3448 4070//3489 3978//3397 
f 4028//3447 4027//3446 3975//3394 
f 4027//3446 4026//3445 3974//3393 
f 4026//3445 4025//3444 3973//3392 
f 4025//3444 4024//3443 3972//3391 
f 4024//3443 4023//3442 3971//3390 
f 4023//3442 4022//3441 3970//3389 
f 4022//3441 4021//3440 3969//3388 
f 4021//3440 4020//3439 3968//3387 
f 4020//3439 4019//3438 4018//3437 
f 4019//3438 4017//3436 4016//3435 
f 4017//3436 4015//3434 4014//3433 
f 4015//3434 4013//3432 4012//3431 
f 4013//3432 4011//3430 4010//3429 
f 4011//3430 4009//3428 3966//3385 
f 4009//3428 4008//3427 3964//3383 
f 4008//3427 4007//3426 3963//3382 
f 4007//3426 4006//3425 3962//3381 
f 4006//3425 4005//3424 3961//3380 
f 4005//3424 4004//3423 3960//3379 
f 4004//3423 4003//3422 3959//3378 
f 4003//3422 4002//3421 3958//3377 
f 4002//3421 4001//3420 3957//3376 
f 4001//3420 4000//3419 3956//3375 
f 4000//3419 3999//3418 3955//3374 
f 3999//3418 3998//3417 3954//3373 
f 3998//3417 3997//3416 3953//3372 
f 3997//3416 3996//3415 3952//3371 
f 3996//3415 4046//3465 3995//3414 
f 3994//3413 3993//3412 3949//3368 
f 3993//3412 3992//3411 3948//3367 
f 3992//3411 3991//3410 3947//3366 
f 3991//3410 3990//3409 3946//3365 
f 3990//3409 3989//3408 3945//3364 
f 3989//3408 3988//3407 3944//3363 
f 3988//3407 3987//3406 3943//3362 
f 3987//3406 3986//3405 3942//3361 
f 3986//3405 3985//3404 3941//3360 
f 3985//3404 3984//3403 3940//3359 
f 3984//3403 3983//3402 3939//3358 
f 3983//3402 4033//3452 3982//3401 
f 3982//3401 4032//3451 3937//3356 
f 3981//3400 3980//3399 3932//3351 
f 3980//3399 3979//3398 3931//3350 
f 3979//3398 3978//3397 3930//3349 
f 3978//3397 4940//5454 3929//3348 
f 3977//3396 3976//3395 3925//3344 
f 3976//3395 3975//3394 3924//3343 
f 3975//3394 3974//3393 3923//3342 
f 3974//3393 3973//3392 3922//3341 
f 3973//3392 3972//3391 3921//3340 
f 3972//3391 3971//3390 3920//3339 
f 3971//3390 3970//3389 3919//3338 
f 3970//3389 3969//3388 3918//3337 
f 3969//3388 3968//3387 3917//3336 
f 3968//3387 4018//3437 3967//3386 
f 3966//3385 3964//3383 3915//3334 
f 3964//3383 3963//3382 3914//3333 
f 3963//3382 3962//3381 3913//3332 
f 3962//3381 3961//3380 3912//3331 
f 3961//3380 3960//3379 3910//3329 
f 3960//3379 3959//3378 3908//3327 
f 3959//3378 3958//3377 3906//3325 
f 3958//3377 3957//3376 3904//3323 
f 3957//3376 3956//3375 3902//3321 
f 3956//3375 3955//3374 3900//3319 
f 3955//3374 3954//3373 3898//3317 
f 3954//3373 3953//3372 3897//3316 
f 3953//3372 3952//3371 3896//3315 
f 3952//3371 3995//3414 3951//3370 
f 3950//3369 3949//3368 3894//3313 
f 3949//3368 3948//3367 3893//3312 
f 3948//3367 3947//3366 3892//3311 
f 3947//3366 3946//3365 3890//3309 
f 3946//3365 3945//3364 3888//3307 
f 3945//3364 3944//3363 3886//3305 
f 3944//3363 3943//3362 3884//3303 
f 3943//3362 3942//3361 3882//3301 
f 3942//3361 3941//3360 3880//3299 
f 3941//3360 3940//3359 3878//3297 
f 3940//3359 3939//3358 3877//3296 
f 3939//3358 3982//3401 3938//3357 
f 3938//3357 3937//3356 3875//3294 
f 3937//3356 3936//3355 3874//3293 
f 3936//3355 3935//3354 3873//3292 
f 3935//3354 3934//3353 3872//3291 
f 3934//3353 3933//3352 3871//3290 
f 3933//3352 3932//3351 3869//3288 
f 3932//3351 3931//3350 3867//3286 
f 3931//3350 3930//3349 3865//3284 
f 3930//3349 3929//3348 3863//3282 
f 3929//3348 3928//3347 3861//3280 
f 3928//3347 3927//3346 3859//3278 
f 3927//3346 3926//3345 3857//3276 
f 3926//3345 3925//3344 3855//3274 
f 3925//3344 3924//3343 3854//3273 
f 3924//3343 3923//3342 3853//3272 
f 3923//3342 3922//3341 3852//3271 
f 3922//3341 3921//3340 3851//3270 
f 3921//3340 3920//3339 3850//3269 
f 3920//3339 3919//3338 3849//3268 
f 3919//3338 3918//3337 3848//3267 
f 3918//3337 3917//3336 3847//3266 
f 3917//3336 3967//3386 3916//3335 
f 3915//3334 3914//3333 3844//3263 
f 3914//3333 3913//3332 3843//3262 
f 3913//3332 3912//3331 3911//3330 
f 3912//3331 3910//3329 3909//3328 
f 3910//3329 3908//3327 3907//3326 
f 3908//3327 3906//3325 3905//3324 
f 3906//3325 3904//3323 3903//3322 
f 3904//3323 3902//3321 3901//3320 
f 3902//3321 3900//3319 3899//3318 
f 3900//3319 3898//3317 3841//3260 
f 3898//3317 3897//3316 3839//3258 
f 3897//3316 3896//3315 3838//3257 
f 3896//3315 3951//3370 3837//3256 
f 3895//3314 3894//3313 3831//3250 
f 3894//3313 3893//3312 3830//3249 
f 3893//3312 3892//3311 3891//3310 
f 3892//3311 3890//3309 3889//3308 
f 3890//3309 3888//3307 3887//3306 
f 3888//3307 3886//3305 3885//3304 
f 3886//3305 3884//3303 3883//3302 
f 3884//3303 3882//3301 3881//3300 
f 3882//3301 3880//3299 3879//3298 
f 3880//3299 3878//3297 3827//3246 
f 3878//3297 3877//3296 3826//3245 
f 3877//3296 3938//3357 3876//3295 
f 3876//3295 3875//3294 3824//3243 
f 3875//3294 3874//3293 3823//3242 
f 3874//3293 3873//3292 3822//3241 
f 3873//3292 3872//3291 3821//3240 
f 3872//3291 3871//3290 3870//3289 
f 3871//3290 3869//3288 3868//3287 
f 3869//3288 3867//3286 3866//3285 
f 3867//3286 3865//3284 3864//3283 
f 3865//3284 3863//3282 3862//3281 
f 3863//3282 3861//3280 3860//3279 
f 3861//3280 3859//3278 3858//3277 
f 3859//3278 3857//3276 3856//3275 
f 3857//3276 3855//3274 3818//3237 
f 3855//3274 3854//3273 3816//3235 
f 3854//3273 3853//3272 3815//3234 
f 3853//3272 3852//3271 3814//3233 
f 3852//3271 3851//3270 3813//3232 
f 3851//3270 3850//3269 3812//3231 
f 3850//3269 3849//3268 3811//3230 
f 3849//3268 3848//3267 3810//3229 
f 3848//3267 3847//3266 3809//3228 
f 3847//3266 3916//3335 3846//3265 
f 3845//3264 3844//3263 3806//3225 
f 3844//3263 3843//3262 3805//3224 
f 3843//3262 3911//3330 3842//3261 
f 3841//3260 3839//3258 3803//3222 
f 3839//3258 3838//3257 3802//3221 
f 3838//3257 3837//3256 3801//3220 
f 3837//3256 3836//3255 3800//3219 
f 3836//3255 3835//3254 3799//3218 
f 3835//3254 3834//3253 3798//3217 
f 3834//3253 3833//3252 3797//3216 
f 3833//3252 3832//3251 3796//3215 
f 3832//3251 3831//3250 3795//3214 
f 3831//3250 3830//3249 3829//3248 
f 3830//3249 3891//3310 3828//3247 
f 3827//3246 3826//3245 3792//3211 
f 3826//3245 3876//3295 3825//3244 
f 3825//3244 3824//3243 3790//3209 
f 3824//3243 3823//3242 3789//3208 
f 3823//3242 3822//3241 3788//3207 
f 3822//3241 3821//3240 3820//3239 
f 3821//3240 3870//3289 3819//3238 
f 3818//3237 3816//3235 3786//3205 
f 3816//3235 3815//3234 3784//3203 
f 3815//3234 3814//3233 3783//3202 
f 3814//3233 3813//3232 3782//3201 
f 3813//3232 3812//3231 3781//3200 
f 3812//3231 3811//3230 3780//3199 
f 3811//3230 3810//3229 3779//3198 
f 3810//3229 3809//3228 3778//3197 
f 3809//3228 3846//3265 3777//3196 
f 3808//3227 3807//3226 3771//3190 
f 3807//3226 3806//3225 3770//3189 
f 3806//3225 3805//3224 3769//3188 
f 3805//3224 3842//3261 3804//3223 
f 3803//3222 3802//3221 3767//3186 
f 3802//3221 3801//3220 3766//3185 
f 3801//3220 3800//3219 3765//3184 
f 3800//3219 3799//3218 3764//3183 
f 3799//3218 3798//3217 3763//3182 
f 3798//3217 3797//3216 3762//3181 
f 3797//3216 3796//3215 3761//3180 
f 3796//3215 3795//3214 3760//3179 
f 3795//3214 3829//3248 3794//3213 
f 3793//3212 3792//3211 3758//3177 
f 3792//3211 3825//3244 3791//3210 
f 3791//3210 3790//3209 3756//3175 
f 3790//3209 3789//3208 3755//3174 
f 3789//3208 3788//3207 3754//3173 
f 3788//3207 3820//3239 3787//3206 
f 3786//3205 3784//3203 3752//3171 
f 3784//3203 3783//3202 3751//3170 
f 3783//3202 3782//3201 3750//3169 
f 3782//3201 3781//3200 3749//3168 
f 3781//3200 3780//3199 3748//3167 
f 3780//3199 3779//3198 3747//3166 
f 3779//3198 3778//3197 3746//3165 
f 3778//3197 3777//3196 3745//3164 
f 3777//3196 3776//3195 3744//3163 
f 3776//3195 3775//3194 3743//3162 
f 3775//3194 3774//3193 3742//3161 
f 3774//3193 3773//3192 3741//3160 
f 3773//3192 3772//3191 3740//3159 
f 3772//3191 3771//3190 3739//3158 
f 3771//3190 3770//3189 3738//3157 
f 3770//3189 3769//3188 3737//3156 
f 3769//3188 3804//3223 3736//3155 
f 3768//3187 3767//3186 3731//3150 
f 3767//3186 3766//3185 3730//3149 
f 3766//3185 3765//3184 3729//3148 
f 3765//3184 3764//3183 3728//3147 
f 3764//3183 3763//3182 3727//3146 
f 3763//3182 3762//3181 3726//3145 
f 3762//3181 3761//3180 3725//3144 
f 3761//3180 3760//3179 3724//3143 
f 3760//3179 3794//3213 3723//3142 
f 3759//3178 3758//3177 3718//3137 
f 3758//3177 3791//3210 3757//3176 
f 3757//3176 3756//3175 3716//3135 
f 3756//3175 3755//3174 3714//3133 
f 3755//3174 3754//3173 3712//3131 
f 3754//3173 3787//3206 3753//3172 
f 3752//3171 3751//3170 3705//3124 
f 3751//3170 3750//3169 3703//3122 
f 3750//3169 3749//3168 3701//3120 
f 3749//3168 3748//3167 3699//3118 
f 3748//3167 3747//3166 3697//3116 
f 3747//3166 3746//3165 3695//3114 
f 3746//3165 3745//3164 3693//3112 
f 3745//3164 3744//3163 3691//3110 
f 3744//3163 3743//3162 3689//3108 
f 3743//3162 3742//3161 3687//3106 
f 3742//3161 3741//3160 3685//3104 
f 3741//3160 3740//3159 3683//3102 
f 3740//3159 3739//3158 3681//3100 
f 3739//3158 3738//3157 3679//3098 
f 3738//3157 3737//3156 3677//3096 
f 3737//3156 3736//3155 3675//3094 
f 3736//3155 3735//3154 3673//3092 
f 3735//3154 4935//4959 3671//3090 
f 3734//3153 3733//3152 3661//3080 
f 3733//3152 3732//3151 3659//3078 
f 3732//3151 3731//3150 3657//3076 
f 3731//3150 3730//3149 3655//3074 
f 3730//3149 3729//3148 3653//3072 
f 3729//3148 3728//3147 3651//3070 
f 3728//3147 3727//3146 3649//3068 
f 3727//3146 3726//3145 3647//3066 
f 3726//3145 3725//3144 3645//3064 
f 3725//3144 3724//3143 3643//3062 
f 3724//3143 3723//3142 3641//3060 
f 3723//3142 3722//3141 3639//3058 
f 3722//3141 4937//5171 3637//3056 
f 3721//3140 3720//3139 3627//3046 
f 3720//3139 3719//3138 3625//3044 
f 3719//3138 3718//3137 3623//3042 
f 3718//3137 3757//3176 3717//3136 
f 3717//3136 3716//3135 3715//3134 
f 3716//3135 3714//3133 3713//3132 
f 3714//3133 3712//3131 3711//3130 
f 3712//3131 3753//3172 3710//3129 
f 3709//3128 3707//3126 3706//3125 
f 3707//3126 3705//3124 3704//3123 
f 3705//3124 3703//3122 3702//3121 
f 3703//3122 3701//3120 3700//3119 
f 3701//3120 3699//3118 3698//3117 
f 3699//3118 3697//3116 3696//3115 
f 3697//3116 3695//3114 3694//3113 
f 3695//3114 3693//3112 3692//3111 
f 3693//3112 3691//3110 3690//3109 
f 3691//3110 3689//3108 3688//3107 
f 3689//3108 3687//3106 3686//3105 
f 3687//3106 3685//3104 3684//3103 
f 3685//3104 3683//3102 3682//3101 
f 3683//3102 3681//3100 3680//3099 
f 3681//3100 3679//3098 3678//3097 
f 3679//3098 3677//3096 3676//3095 
f 3677//3096 3675//3094 3674//3093 
f 3675//3094 3673//3092 3672//3091 
f 3673//3092 3671//3090 3670//3089 
f 3671//3090 3669//3088 3668//3087 
f 3669//3088 3667//3086 3666//3085 
f 3667//3086 3665//3084 3664//3083 
f 3665//3084 3663//3082 3662//3081 
f 3663//3082 3661//3080 3660//3079 
f 3661//3080 3659//3078 3658//3077 
f 3659//3078 3657//3076 3656//3075 
f 3657//3076 3655//3074 3654//3073 
f 3655//3074 3653//3072 3652//3071 
f 3653//3072 3651//3070 3650//3069 
f 3651//3070 3649//3068 3648//3067 
f 3649//3068 3647//3066 3646//3065 
f 3647//3066 3645//3064 3644//3063 
f 3645//3064 3643//3062 3642//3061 
f 3643//3062 3641//3060 3640//3059 
f 3641//3060 3639//3058 3638//3057 
f 3639//3058 3637//3056 3636//3055 
f 3637//3056 3635//3054 3634//3053 
f 3635//3054 3633//3052 3632//3051 
f 3633//3052 3631//3050 3630//3049 
f 3631//3050 3629//3048 3628//3047 
f 3629//3048 3627//3046 3626//3045 
f 3627//3046 3625//3044 3624//3043 
f 3625//3044 3623//3042 3622//3041 
f 3623//3042 3717//3136 3621//3040 
f 3621//3040 3715//3134 4968//6290 
f 3715//3134 3713//3132 4968//6290 
f 3713//3132 3711//3130 4968//6290 
f 3711//3130 3710//3129 4968//6290 
f 3710//3129 4942//5723 4968//6290 
f 4942//5723 4943//5727 4968//6290 
f 4943//5727 4944//5730 4968//6290 
f 4944//5730 4945//5733 4968//6290 
f 4945//5733 4947//5737 4968//6290 
f 4947//5737 4946//5736 4968//6290 
f 4946//5736 4948//5738 4968//6290 
f 4948//5738 4949//5740 4968//6290 
f 4949//5740 4950//5743 4968//6290 
f 4950//5743 3708//3127 4968//6290 
f 3708//3127 3706//3125 4968//6290 
f 3706//3125 3704//3123 4968//6290 
f 3704//3123 3702//3121 4968//6290 
f 3702//3121 3700//3119 4968//6290 
f 3700//3119 3698//3117 4968//6290 
f 3698//3117 3696//3115 4968//6290 
f 3696//3115 3694//3113 4968//6290 
f 3694//3113 3692//3111 4968//6290 
f 3692//3111 3690//3109 4968//6290 
f 3690//3109 3688//3107 4968//6290 
f 3688//3107 3686//3105 4968//6290 
f 3686//3105 3684//3103 4968//6290 
f 3684//3103 3682//3101 4968//6290 
f 3682//3101 3680//3099 4968//6290 
f 3680//3099 3678//3097 4968//6290 
f 3678//3097 3676//3095 4968//6290 
f 3676//3095 3674//3093 4968//6290 
f 3674//3093 3672//3091 4968//6290 
f 3672//3091 3670//3089 4968//6290 
f 3670//3089 3668//3087 4968//6290 
f 3668//3087 3666//3085 4968//6290 
f 3666//3085 3664//3083 4968//6290 
f 3664//3083 3662//3081 4968//6290 
f 3662//3081 3660//3079 4968//6290 
f 3660//3079 3658//3077 4968//6290 
f 3658//3077 3656//3075 4968//6290 
f 3656//3075 3654//3073 4968//6290 
f 3654//3073 3652//3071 4968//6290 
f 3652//3071 3650//3069 4968//6290 
f 3650//3069 3648//3067 4968//6290 
f 3648//3067 3646//3065 4968//6290 
f 3646//3065 3644//3063 4968//6290 
f 3644//3063 3642//3061 4968//6290 
f 3642//3061 3640//3059 4968//6290 
f 3640//3059 3638//3057 4968//6290 
f 3638//3057 3636//3055 4968//6290 
f 3636//3055 3634//3053 4968//6290 
f 3634//3053 3632//3051 4968//6290 
f 3632//3051 3630//3049 4968//6290 
f 3630//3049 3628//3047 4968//6290 
f 3628//3047 3626//3045 4968//6290 
f 3626//3045 3624//3043 4968//6290 
f 3624//3043 3622//3041 4968//6290 
f 3622//3041 3621//3040 4968//6290 
o mesh15
f 5907//6291 157//6292 156//6293 
f 156//6293 155//6294 5907//6291 
f 5907//6291 160//6295 157//6292 
f 157//6292 159//6296 158//6297 
f 157//6292 158//6297 156//6293 
f 5908//6298 155//6299 154//6300 
f 5907//6291 5909//6301 164//6302 
f 5909//6301 167//6303 164//6302 
f 5909//6301 5907//6291 5910//6304 
f 5911//6305 5910//6304 5912//6306 
f 5913//6307 5912//6306 5914//6308 
f 5915//6309 5914//6308 5916//6310 
f 5917//6311 5918//6312 5919//6313 
f 5920//6314 5919//6313 5921//6315 
f 5922//6316 5921//6315 5923//6317 
f 5924//6318 5923//6317 5925//6319 
f 5926//6320 5925//6319 5927//6321 
f 5928//6322 5927//6321 5929//6323 
f 5930//6324 5929//6323 5931//6325 
f 5932//6326 5931//6325 5933//6327 
f 5934//6328 5933//6327 5935//6329 
f 5936//6330 5935//6329 5937//6331 
f 5938//6332 5937//6331 5939//6333 
f 5940//6334 5939//6333 5941//6335 
f 5942//6336 5941//6335 5943//6337 
f 5944//6338 5943//6337 5908//6298 
f 5945//6339 5908//6298 162//6340 
f 5908//6298 153//6341 162//6340 
f 5946//6342 168//6343 167//6303 
f 5946//6342 171//6344 168//6343 
f 5946//6342 5909//6301 5911//6305 
f 5947//6345 5911//6305 5913//6307 
f 5948//6346 5913//6307 5915//6309 
f 5949//6347 5917//6311 5920//6314 
f 5950//6348 5920//6314 5922//6316 
f 5951//6349 5922//6316 5924//6318 
f 5952//6350 5924//6318 5926//6320 
f 5953//6351 5926//6320 5928//6322 
f 5954//6352 5928//6322 5930//6324 
f 5955//6353 5930//6324 5932//6326 
f 5956//6354 5932//6326 5934//6328 
f 5957//6355 5934//6328 5936//6330 
f 5958//6356 5936//6330 5938//6332 
f 5959//6357 5938//6332 5940//6334 
f 5960//6358 5940//6334 5942//6336 
f 5961//6359 5942//6336 5944//6338 
f 5962//6360 5944//6338 5945//6339 
f 5963//6361 5945//6339 166//6362 
f 5945//6339 161//6363 166//6362 
f 5964//6364 172//6365 171//6344 
f 5964//6364 175//6366 172//6365 
f 5964//6364 5946//6342 5947//6345 
f 5965//6367 5947//6345 5948//6346 
f 5966//6368 5948//6346 5967//6369 
f 5968//6370 5949//6347 5950//6348 
f 5969//6371 5950//6348 5951//6349 
f 5970//6372 5951//6349 5952//6350 
f 5971//6373 5952//6350 5953//6351 
f 5972//6374 5953//6351 5954//6352 
f 5973//6375 5954//6352 5955//6353 
f 5974//6376 5955//6353 5956//6354 
f 5975//6377 5956//6354 5957//6355 
f 5976//6378 5957//6355 5958//6356 
f 5977//6379 5958//6356 5959//6357 
f 5978//6380 5959//6357 5960//6358 
f 5979//6381 5960//6358 5961//6359 
f 5980//6382 5961//6359 5962//6360 
f 5981//6383 5962//6360 5963//6361 
f 5982//6384 5963//6361 170//6385 
f 5963//6361 165//6386 170//6385 
f 5983//6387 176//6388 175//6366 
f 5983//6387 179//6389 176//6388 
f 5983//6387 5964//6364 5965//6367 
f 5984//6390 5965//6367 5966//6368 
f 5985//6391 5966//6368 5986//6392 
f 5987//6393 5986//6392 5988//6394 
f 5989//6395 5988//6394 5990//6396 
f 5991//6397 5992//6398 5968//6370 
f 5993//6399 5968//6370 5969//6371 
f 5994//6400 5969//6371 5970//6372 
f 5995//6401 5970//6372 5971//6373 
f 5996//6402 5971//6373 5972//6374 
f 5997//6403 5972//6374 5973//6375 
f 5998//6404 5973//6375 5974//6376 
f 5999//6405 5974//6376 5975//6377 
f 6000//6406 5975//6377 5976//6378 
f 6001//6407 5981//6383 5982//6384 
f 6002//6408 5982//6384 174//6409 
f 5982//6384 169//6410 174//6409 
f 6003//6411 180//6412 179//6389 
f 6003//6411 183//6413 180//6412 
f 6003//6411 5983//6387 5984//6390 
f 6004//6414 5984//6390 5985//6391 
f 6005//6415 5985//6391 5987//6393 
f 6006//6416 5987//6393 5989//6395 
f 6007//6417 5989//6395 6008//6418 
f 6009//6419 6008//6418 6010//6420 
f 6011//6421 6010//6420 6012//6422 
f 6013//6423 6012//6422 6014//6424 
f 6015//6425 6014//6424 6016//6426 
f 6017//6427 6016//6426 6018//6428 
f 6019//6429 6018//6428 6020//6430 
f 6021//6431 6020//6430 5991//6397 
f 6022//6432 5991//6397 5993//6399 
f 6023//6433 5993//6399 5994//6400 
f 6024//6434 5994//6400 5995//6401 
f 6025//6435 5995//6401 5996//6402 
f 6026//6436 5996//6402 5997//6403 
f 6027//6437 5997//6403 5998//6404 
f 6028//6438 5998//6404 5999//6405 
f 6029//6439 5999//6405 6000//6406 
f 6030//6440 6000//6406 6031//6441 
f 6032//6442 6002//6408 178//6443 
f 6002//6408 173//6444 178//6443 
f 6033//6445 184//6446 183//6413 
f 6033//6445 187//6447 184//6446 
f 6033//6445 6003//6411 6004//6414 
f 6034//6448 6004//6414 6005//6415 
f 6035//6449 6005//6415 6006//6416 
f 6036//6450 6006//6416 6007//6417 
f 6037//6451 6007//6417 6009//6419 
f 6038//6452 6009//6419 6011//6421 
f 6039//6453 6011//6421 6013//6423 
f 6040//6454 6013//6423 6015//6425 
f 6041//6455 6015//6425 6017//6427 
f 6042//6456 6017//6427 6019//6429 
f 6043//6457 6019//6429 6021//6431 
f 6044//6458 6021//6431 6022//6432 
f 6045//6459 6022//6432 6023//6433 
f 6046//6460 6023//6433 6024//6434 
f 6047//6461 6024//6434 6025//6435 
f 6048//6462 6025//6435 6026//6436 
f 6049//6463 6026//6436 6027//6437 
f 6050//6464 6027//6437 6028//6438 
f 6051//6465 6028//6438 6029//6439 
f 6052//6466 6029//6439 6030//6440 
f 6053//6467 6030//6440 6054//6468 
f 6055//6469 6032//6442 182//6470 
f 6032//6442 177//6471 182//6470 
f 6056//6472 188//6473 187//6447 
f 6056//6472 191//6474 188//6473 
f 6057//6475 6037//6451 6038//6452 
f 6058//6476 6038//6452 6039//6453 
f 6059//6477 6039//6453 6040//6454 
f 6060//6478 6040//6454 6041//6455 
f 6061//6479 6044//6458 6045//6459 
f 6062//6480 6045//6459 6046//6460 
f 6063//6481 6046//6460 6047//6461 
f 6064//6482 6047//6461 6048//6462 
f 6065//6483 6048//6462 6049//6463 
f 6066//6484 6049//6463 6050//6464 
f 6067//6485 6050//6464 6051//6465 
f 6068//6486 6051//6465 6052//6466 
f 6069//6487 6052//6466 6053//6467 
f 6070//6488 6053//6467 6071//6489 
f 6072//6490 6071//6489 6073//6491 
f 6074//6492 6075//6493 6055//6469 
f 6076//6494 6055//6469 186//6495 
f 6055//6469 181//6496 186//6495 
f 6077//6497 192//6498 191//6474 
f 6077//6497 196//6499 192//6498 
f 6078//6500 6057//6475 6058//6476 
f 6079//6501 6058//6476 6059//6477 
f 6080//6502 6059//6477 6060//6478 
f 6081//6503 6062//6480 6063//6481 
f 6082//6504 6063//6481 6064//6482 
f 6083//6505 6064//6482 6065//6483 
f 6084//6506 6065//6483 6066//6484 
f 6085//6507 6066//6484 6067//6485 
f 6086//6508 6067//6485 6068//6486 
f 6087//6509 6068//6486 6069//6487 
f 6088//6510 6069//6487 6070//6488 
f 6089//6511 6070//6488 6072//6490 
f 6090//6512 6072//6490 6091//6513 
f 6092//6514 6091//6513 6093//6515 
f 6094//6516 6093//6515 6095//6517 
f 6096//6518 6095//6517 6097//6519 
f 6098//6520 6097//6519 6074//6492 
f 6099//6521 6074//6492 6076//6494 
f 6100//6522 6076//6494 190//6523 
f 6076//6494 185//6524 190//6523 
f 6101//6525 197//6526 196//6499 
f 6101//6525 200//6527 197//6526 
f 6102//6528 6078//6500 6079//6501 
f 6103//6529 6079//6501 6080//6502 
f 6104//6530 6080//6502 6105//6531 
f 6106//6532 6081//6503 6082//6504 
f 6107//6533 6082//6504 6083//6505 
f 6108//6534 6083//6505 6084//6506 
f 6109//6535 6084//6506 6085//6507 
f 6110//6536 6085//6507 6086//6508 
f 6111//6537 6086//6508 6087//6509 
f 6112//6538 6090//6512 6092//6514 
f 6113//6539 6092//6514 6094//6516 
f 6114//6540 6094//6516 6096//6518 
f 6115//6541 6096//6518 6098//6520 
f 6116//6542 6098//6520 6099//6521 
f 6117//6543 6099//6521 6100//6522 
f 6118//6544 6100//6522 193//6545 
f 6100//6522 189//6546 194//6547 
f 194//6547 193//6545 6100//6522 
f 6119//6548 201//6549 200//6527 
f 6119//6548 204//6550 201//6549 
f 6120//6551 6102//6528 6103//6529 
f 6121//6552 6103//6529 6104//6530 
f 6122//6553 6104//6530 6123//6554 
f 6124//6555 6123//6554 6125//6556 
f 6126//6557 6127//6558 6106//6532 
f 6128//6559 6106//6532 6107//6533 
f 6129//6560 6107//6533 6108//6534 
f 6130//6561 6108//6534 6109//6535 
f 6131//6562 6109//6535 6110//6536 
f 6132//6563 6110//6536 6111//6537 
f 6133//6564 6112//6538 6113//6539 
f 6134//6565 6113//6539 6114//6540 
f 6135//6566 6114//6540 6115//6541 
f 6136//6567 6115//6541 6116//6542 
f 6137//6568 6116//6542 6117//6543 
f 6138//6569 6117//6543 6118//6544 
f 6139//6570 6118//6544 199//6571 
f 6118//6544 195//6572 199//6571 
f 6140//6573 205//6574 204//6550 
f 6140//6573 208//6575 205//6574 
f 6140//6573 6119//6548 6141//6576 
f 6142//6577 6141//6576 6143//6578 
f 6144//6579 6143//6578 6145//6580 
f 6146//6581 6145//6580 6120//6551 
f 6147//6582 6120//6551 6121//6552 
f 6148//6583 6121//6552 6122//6553 
f 6149//6584 6122//6553 6124//6555 
f 6150//6585 6124//6555 6151//6586 
f 6152//6587 6151//6586 6153//6588 
f 6154//6589 6153//6588 6155//6590 
f 6156//6591 6155//6590 6126//6557 
f 6157//6592 6126//6557 6128//6559 
f 6158//6593 6128//6559 6129//6560 
f 6159//6594 6129//6560 6130//6561 
f 6160//6595 6130//6561 6131//6562 
f 6161//6596 6131//6562 6132//6563 
f 6162//6597 6132//6563 6163//6598 
f 6164//6599 6133//6564 6134//6565 
f 6165//6600 6134//6565 6135//6566 
f 6166//6601 6135//6566 6136//6567 
f 6167//6602 6139//6570 203//6603 
f 6139//6570 198//6604 203//6603 
f 6140//6573 6168//6605 209//6606 
f 6168//6605 212//6607 209//6606 
f 6168//6605 6140//6573 6142//6577 
f 6169//6608 6142//6577 6144//6579 
f 6170//6609 6144//6579 6146//6581 
f 6171//6610 6146//6581 6147//6582 
f 6172//6611 6147//6582 6148//6583 
f 6173//6612 6148//6583 6149//6584 
f 6174//6613 6149//6584 6150//6585 
f 6175//6614 6150//6585 6152//6587 
f 6176//6615 6152//6587 6154//6589 
f 6177//6616 6154//6589 6156//6591 
f 6178//6617 6156//6591 6157//6592 
f 6179//6618 6157//6592 6158//6593 
f 6180//6619 6158//6593 6159//6594 
f 6181//6620 6159//6594 6160//6595 
f 6182//6621 6160//6595 6161//6596 
f 6183//6622 6161//6596 6162//6597 
f 6184//6623 6162//6597 6185//6624 
f 6186//6625 6185//6624 6187//6626 
f 6188//6627 6164//6599 6165//6600 
f 6189//6628 6165//6600 6166//6601 
f 6190//6629 6167//6602 207//6630 
f 6167//6602 202//6631 207//6630 
f 6168//6605 6191//6632 213//6633 
f 6191//6632 216//6634 213//6633 
f 6191//6632 6168//6605 6169//6608 
f 6192//6635 6169//6608 6170//6609 
f 6193//6636 6170//6609 6171//6610 
f 6194//6637 6171//6610 6172//6611 
f 6195//6638 6172//6611 6173//6612 
f 6196//6639 6173//6612 6174//6613 
f 6197//6640 6174//6613 6175//6614 
f 6198//6641 6175//6614 6176//6615 
f 6199//6642 6176//6615 6177//6616 
f 6200//6643 6177//6616 6178//6617 
f 6201//6644 6178//6617 6179//6618 
f 6202//6645 6179//6618 6180//6619 
f 6203//6646 6183//6622 6184//6623 
f 6204//6647 6184//6623 6186//6625 
f 6205//6648 6186//6625 6206//6649 
f 6207//6650 6206//6649 6208//6651 
f 6209//6652 6208//6651 6210//6653 
f 6211//6654 6210//6653 6188//6627 
f 6212//6655 6188//6627 6189//6628 
f 6213//6656 6189//6628 6214//6657 
f 6215//6658 6190//6629 211//6659 
f 6190//6629 206//6660 211//6659 
f 6191//6632 6216//6661 217//6662 
f 6216//6661 220//6663 217//6662 
f 6217//6664 6194//6637 6195//6638 
f 6218//6665 6195//6638 6196//6639 
f 6219//6666 6196//6639 6197//6640 
f 6220//6667 6197//6640 6198//6641 
f 6221//6668 6198//6641 6199//6642 
f 6222//6669 6199//6642 6200//6643 
f 6223//6670 6200//6643 6201//6644 
f 6224//6671 6201//6644 6202//6645 
f 6225//6672 6202//6645 6226//6673 
f 6227//6674 6203//6646 6204//6647 
f 6228//6675 6204//6647 6205//6648 
f 6229//6676 6205//6648 6207//6650 
f 6230//6677 6207//6650 6209//6652 
f 6231//6678 6209//6652 6211//6654 
f 6232//6679 6211//6654 6212//6655 
f 6233//6680 6212//6655 6213//6656 
f 6234//6681 6213//6656 6235//6682 
f 6236//6683 6235//6682 6237//6684 
f 6238//6685 6215//6658 215//6686 
f 6215//6658 210//6687 215//6686 
f 6216//6661 6239//6688 221//6689 
f 6239//6688 224//6690 221//6689 
f 6240//6691 6218//6665 6219//6666 
f 6241//6692 6219//6666 6220//6667 
f 6242//6693 6220//6667 6221//6668 
f 6243//6694 6221//6668 6222//6669 
f 6244//6695 6222//6669 6223//6670 
f 6245//6696 6223//6670 6224//6671 
f 6246//6697 6224//6671 6225//6672 
f 6247//6698 6225//6672 6248//6699 
f 6249//6700 6227//6674 6228//6675 
f 6250//6701 6228//6675 6229//6676 
f 6251//6702 6229//6676 6230//6677 
f 6252//6703 6230//6677 6231//6678 
f 6253//6704 6231//6678 6232//6679 
f 6254//6705 6232//6679 6233//6680 
f 6255//6706 6233//6680 6234//6681 
f 6256//6707 6234//6681 6236//6683 
f 6257//6708 6236//6683 6258//6709 
f 6259//6710 6258//6709 6260//6711 
f 6261//6712 6260//6711 6262//6713 
f 6263//6714 6262//6713 6238//6685 
f 6264//6715 6238//6685 219//6716 
f 6238//6685 214//6717 219//6716 
f 6239//6688 6265//6718 225//6719 
f 6265//6718 228//6720 225//6719 
f 6266//6721 6240//6691 6241//6692 
f 6267//6722 6241//6692 6242//6693 
f 6268//6723 6245//6696 6246//6697 
f 6269//6724 6246//6697 6247//6698 
f 6270//6725 6247//6698 6271//6726 
f 6272//6727 6271//6726 6273//6728 
f 6274//6729 6273//6728 6275//6730 
f 6276//6731 6275//6730 6249//6700 
f 6277//6732 6249//6700 6250//6701 
f 6278//6733 6250//6701 6251//6702 
f 6279//6734 6251//6702 6252//6703 
f 6280//6735 6252//6703 6253//6704 
f 6281//6736 6253//6704 6254//6705 
f 6282//6737 6254//6705 6255//6706 
f 6283//6738 6255//6706 6256//6707 
f 6284//6739 6256//6707 6257//6708 
f 6285//6740 6257//6708 6259//6710 
f 6286//6741 6259//6710 6261//6712 
f 6287//6742 6261//6712 6263//6714 
f 6288//6743 6263//6714 6264//6715 
f 6289//6744 6264//6715 223//6745 
f 6264//6715 218//6746 223//6745 
f 6265//6718 6290//6747 229//6748 
f 6290//6747 232//6749 229//6748 
f 6291//6750 6292//6751 6266//6721 
f 6293//6752 6266//6721 6267//6722 
f 6294//6753 6267//6722 6295//6754 
f 6296//6755 6269//6724 6270//6725 
f 6297//6756 6270//6725 6272//6727 
f 6298//6757 6272//6727 6274//6729 
f 6299//6758 6274//6729 6276//6731 
f 6300//6759 6276//6731 6277//6732 
f 6301//6760 6277//6732 6278//6733 
f 6302//6761 6278//6733 6279//6734 
f 6303//6762 6279//6734 6280//6735 
f 6304//6763 6280//6735 6281//6736 
f 6305//6764 6281//6736 6282//6737 
f 6306//6765 6282//6737 6283//6738 
f 6307//6766 6283//6738 6284//6739 
f 6308//6767 6284//6739 6285//6740 
f 6309//6768 6285//6740 6286//6741 
f 6310//6769 6286//6741 6287//6742 
f 6311//6770 6287//6742 6288//6743 
f 6312//6771 6288//6743 6289//6744 
f 6313//6772 6289//6744 227//6773 
f 6289//6744 222//6774 227//6773 
f 6290//6747 6314//6775 233//6776 
f 6314//6775 236//6777 233//6776 
f 6314//6775 6290//6747 6315//6778 
f 6316//6779 6315//6778 6317//6780 
f 6318//6781 6317//6780 6291//6750 
f 6319//6782 6291//6750 6293//6752 
f 6320//6783 6293//6752 6294//6753 
f 6321//6784 6294//6753 6322//6785 
f 6323//6786 6296//6755 6297//6756 
f 6324//6787 6297//6756 6298//6757 
f 6325//6788 6298//6757 6299//6758 
f 6326//6789 6299//6758 6300//6759 
f 6327//6790 6300//6759 6301//6760 
f 6328//6791 6301//6760 6302//6761 
f 6329//6792 6305//6764 6306//6765 
f 6330//6793 6306//6765 6307//6766 
f 6331//6794 6307//6766 6308//6767 
f 6332//6795 6308//6767 6309//6768 
f 6333//6796 6313//6772 231//6797 
f 6313//6772 226//6798 231//6797 
f 6314//6775 6334//6799 237//6800 
f 6334//6799 240//6801 237//6800 
f 6334//6799 6314//6775 6316//6779 
f 6335//6802 6316//6779 6318//6781 
f 6336//6803 6318//6781 6319//6782 
f 6337//6804 6319//6782 6320//6783 
f 6338//6805 6320//6783 6321//6784 
f 6339//6806 6321//6784 6340//6807 
f 6341//6808 6342//6809 6323//6786 
f 6343//6810 6323//6786 6324//6787 
f 6344//6811 6324//6787 6325//6788 
f 6345//6812 6325//6788 6326//6789 
f 6346//6813 6326//6789 6327//6790 
f 6347//6814 6327//6790 6328//6791 
f 6348//6815 6330//6793 6331//6794 
f 6349//6816 6331//6794 6332//6795 
f 6350//6817 6332//6795 6351//6818 
f 6352//6819 6333//6796 235//6820 
f 6333//6796 230//6821 235//6820 
f 6334//6799 6353//6822 241//6823 
f 6353//6822 244//6824 241//6823 
f 6353//6822 6334//6799 6335//6802 
f 6354//6825 6335//6802 6336//6803 
f 6355//6826 6336//6803 6337//6804 
f 6356//6827 6337//6804 6338//6805 
f 6357//6828 6338//6805 6339//6806 
f 6358//6829 6339//6806 6359//6830 
f 6360//6831 6359//6830 6361//6832 
f 6362//6833 6361//6832 6363//6834 
f 6364//6835 6363//6834 6341//6808 
f 6365//6836 6341//6808 6343//6810 
f 6366//6837 6343//6810 6344//6811 
f 6367//6838 6344//6811 6345//6812 
f 6368//6839 6345//6812 6346//6813 
f 6369//6840 6346//6813 6347//6814 
f 6370//6841 6347//6814 6371//6842 
f 6372//6843 6348//6815 6349//6816 
f 6373//6844 6349//6816 6350//6817 
f 6374//6845 6350//6817 6375//6846 
f 6376//6847 6352//6819 239//6848 
f 6352//6819 234//6849 239//6848 
f 6353//6822 6377//6850 245//6851 
f 6377//6850 248//6852 245//6851 
f 6377//6850 6353//6822 6354//6825 
f 6378//6853 6358//6829 6360//6831 
f 6379//6854 6360//6831 6362//6833 
f 6380//6855 6362//6833 6364//6835 
f 6381//6856 6364//6835 6365//6836 
f 6382//6857 6365//6836 6366//6837 
f 6383//6858 6366//6837 6367//6838 
f 6384//6859 6367//6838 6368//6839 
f 6385//6860 6368//6839 6369//6840 
f 6386//6861 6369//6840 6370//6841 
f 6387//6862 6370//6841 6388//6863 
f 6389//6864 6388//6863 6390//6865 
f 6391//6866 6392//6867 6372//6843 
f 6393//6868 6372//6843 6373//6844 
f 6394//6869 6373//6844 6374//6845 
f 6395//6870 6374//6845 6396//6871 
f 6397//6872 6376//6847 243//6873 
f 6376//6847 238//6874 243//6873 
f 6377//6850 6398//6875 249//6876 
f 6398//6875 252//6877 249//6876 
f 6399//6878 6379//6854 6380//6855 
f 6400//6879 6380//6855 6381//6856 
f 6401//6880 6381//6856 6382//6857 
f 6402//6881 6382//6857 6383//6858 
f 6403//6882 6383//6858 6384//6859 
f 6404//6883 6384//6859 6385//6860 
f 6405//6884 6385//6860 6386//6861 
f 6406//6885 6386//6861 6387//6862 
f 6407//6886 6387//6862 6389//6864 
f 6408//6887 6389//6864 6409//6888 
f 6410//6889 6409//6888 6411//6890 
f 6412//6891 6411//6890 6413//6892 
f 6414//6893 6413//6892 6391//6866 
f 6415//6894 6391//6866 6393//6868 
f 6416//6895 6393//6868 6394//6869 
f 6417//6896 6394//6869 6395//6870 
f 6418//6897 6395//6870 6419//6898 
f 6420//6899 6419//6898 6421//6900 
f 6422//6901 6421//6900 6423//6902 
f 6424//6903 6423//6902 6425//6904 
f 6426//6905 6425//6904 6397//6872 
f 6427//6906 6397//6872 247//6907 
f 6397//6872 242//6908 247//6907 
f 6398//6875 6428//6909 253//6910 
f 6428//6909 256//6911 253//6910 
f 6429//6912 6399//6878 6400//6879 
f 6430//6913 6400//6879 6401//6880 
f 6431//6914 6401//6880 6402//6881 
f 6432//6915 6402//6881 6403//6882 
f 6433//6916 6403//6882 6404//6883 
f 6434//6917 6404//6883 6405//6884 
f 6435//6918 6405//6884 6406//6885 
f 6436//6919 6406//6885 6407//6886 
f 6437//6920 6407//6886 6408//6887 
f 6438//6921 6408//6887 6410//6889 
f 6439//6922 6410//6889 6412//6891 
f 6440//6923 6412//6891 6414//6893 
f 6441//6924 6414//6893 6415//6894 
f 6442//6925 6415//6894 6416//6895 
f 6443//6926 6416//6895 6417//6896 
f 6444//6927 6417//6896 6418//6897 
f 6445//6928 6418//6897 6420//6899 
f 6446//6929 6420//6899 6422//6901 
f 6447//6930 6422//6901 6424//6903 
f 6448//6931 6424//6903 6426//6905 
f 6449//6932 6426//6905 6427//6906 
f 6450//6933 6427//6906 251//6934 
f 6427//6906 246//6935 251//6934 
f 6428//6909 6451//6936 257//6937 
f 6451//6936 260//6938 257//6937 
f 6451//6936 6428//6909 6452//6939 
f 6453//6940 6429//6912 6430//6913 
f 6454//6941 6430//6913 6431//6914 
f 6455//6942 6431//6914 6432//6915 
f 6456//6943 6432//6915 6433//6916 
f 6457//6944 6433//6916 6434//6917 
f 6458//6945 6434//6917 6435//6918 
f 6459//6946 6435//6918 6436//6919 
f 6460//6947 6436//6919 6437//6920 
f 6461//6948 6437//6920 6438//6921 
f 6462//6949 6445//6928 6446//6929 
f 6463//6950 6446//6929 6447//6930 
f 6464//6951 6447//6930 6448//6931 
f 6465//6952 6448//6931 6449//6932 
f 6466//6953 6449//6932 6450//6933 
f 6467//6954 6450//6933 255//6955 
f 6450//6933 250//6956 255//6955 
f 6451//6936 6468//6957 261//6958 
f 6468//6957 264//6959 261//6958 
f 6468//6957 6451//6936 6469//6960 
f 6470//6961 6469//6960 6471//6962 
f 6472//6963 6471//6962 6473//6964 
f 6474//6965 6473//6964 6475//6966 
f 6476//6967 6475//6966 6477//6968 
f 6478//6969 6477//6968 6453//6940 
f 6479//6970 6453//6940 6454//6941 
f 6480//6971 6454//6941 6455//6942 
f 6481//6972 6455//6942 6456//6943 
f 6482//6973 6456//6943 6457//6944 
f 6483//6974 6457//6944 6458//6945 
f 6484//6975 6458//6945 6459//6946 
f 6485//6976 6459//6946 6460//6947 
f 6486//6977 6460//6947 6461//6948 
f 6487//6978 6464//6951 6465//6952 
f 6488//6979 6465//6952 6466//6953 
f 6489//6980 6466//6953 6467//6954 
f 6490//6981 6467//6954 259//6982 
f 6467//6954 254//6983 259//6982 
f 6468//6957 6491//6984 265//6985 
f 6491//6984 268//6986 265//6985 
f 6491//6984 6468//6957 6470//6961 
f 6492//6987 6470//6961 6472//6963 
f 6493//6988 6472//6963 6474//6965 
f 6494//6989 6474//6965 6476//6967 
f 6495//6990 6476//6967 6478//6969 
f 6496//6991 6478//6969 6479//6970 
f 6497//6992 6479//6970 6480//6971 
f 6498//6993 6480//6971 6481//6972 
f 6499//6994 6481//6972 6482//6973 
f 6500//6995 6482//6973 6483//6974 
f 6501//6996 6483//6974 6484//6975 
f 6502//6997 6484//6975 6485//6976 
f 6503//6998 6485//6976 6486//6977 
f 6504//6999 6486//6977 6505//7000 
f 6506//7001 6487//6978 6488//6979 
f 6507//7002 6488//6979 6489//6980 
f 6508//7003 6489//6980 6490//6981 
f 6509//7004 6490//6981 263//7005 
f 6490//6981 258//7006 263//7005 
f 6491//6984 6510//7007 269//7008 
f 6510//7007 275//7009 269//7008 
f 6510//7007 6491//6984 6492//6987 
f 6511//7010 6492//6987 6493//6988 
f 6512//7011 6493//6988 6494//6989 
f 6513//7012 6494//6989 6495//6990 
f 6514//7013 6495//6990 6496//6991 
f 6515//7014 6496//6991 6497//6992 
f 6516//7015 6497//6992 6498//6993 
f 6517//7016 6498//6993 6499//6994 
f 6518//7017 6499//6994 6500//6995 
f 6519//7018 6500//6995 6501//6996 
f 6520//7019 6501//6996 6502//6997 
f 6521//7020 6502//6997 6503//6998 
f 6522//7021 6503//6998 6504//6999 
f 6523//7022 6504//6999 6524//7023 
f 6525//7024 6526//7025 6506//7001 
f 6527//7026 6506//7001 6507//7002 
f 6528//7027 6507//7002 6508//7003 
f 6529//7028 6508//7003 6509//7004 
f 6530//7029 6509//7004 267//7030 
f 6509//7004 262//7031 267//7030 
f 6510//7007 272//7032 276//7033 
f 6530//7029 273//7034 271//7035 
f 271//7035 270//7036 6530//7029 
f 270//7036 272//7037 6530//7029 
f 273//7034 274//7038 271//7035 
f 6372//6843 4969//7039 4970//7040 
f 6372//6843 4971//7041 4969//7039 
f 6372//6843 4972//7042 4971//7041 
f 6372//6843 6392//6867 4973//7043 
f 4973//7043 4972//7042 6372//6843 
f 4970//7040 6348//6815 6372//6843 
f 4970//7040 4974//7044 6348//6815 
f 6330//6793 4975//7045 4976//7046 
f 6348//6815 4977//7047 4978//7048 
f 4978//7048 6330//6793 6348//6815 
f 6348//6815 4979//7049 4977//7047 
f 4978//7048 4980//7050 6330//6793 
f 4980//7050 4981//7051 6330//6793 
f 4981//7051 4975//7045 6330//6793 
f 6348//6815 4982//7052 4979//7049 
f 6329//6792 4976//7046 4983//7053 
f 6305//6764 4984//7054 4985//7055 
f 6305//6764 4986//7056 4984//7054 
f 4985//7055 6304//6763 6305//6764 
f 6305//6764 4987//7057 4986//7056 
f 6305//6764 4988//7058 4987//7057 
f 6305//6764 4989//7059 4988//7058 
f 6329//6792 4990//7060 4989//7059 
f 4989//7059 6305//6764 6329//6792 
f 4985//7055 4991//7061 6304//6763 
f 6304//6763 4992//7062 4993//7063 
f 4993//7063 6303//6762 6304//6763 
f 6304//6763 4994//7064 4992//7062 
f 4993//7063 4995//7065 6303//6762 
f 6304//6763 4996//7066 4994//7064 
f 4995//7065 4997//7067 6303//6762 
f 6302//6761 4998//7068 4999//7069 
f 6303//6762 5000//7070 5001//7071 
f 5001//7071 6302//6761 6303//6762 
f 5001//7071 5002//7072 6302//6761 
f 5002//7072 5003//7073 6302//6761 
f 5003//7073 5004//7074 6302//6761 
f 5004//7074 4998//7068 6302//6761 
f 6303//6762 5005//7075 5000//7070 
f 6531//7076 4999//7069 5006//7077 
f 5006//7077 5007//7078 6531//7076 
f 6371//6842 6328//6791 5008//7079 
f 6328//6791 5009//7080 5008//7079 
f 6328//6791 5010//7081 5009//7080 
f 6328//6791 6531//7076 5011//7082 
f 5011//7082 5010//7081 6328//6791 
f 5008//7079 5012//7083 6371//6842 
f 5012//7083 5013//7084 6371//6842 
f 6388//6863 5014//7085 5015//7086 
f 6388//6863 6371//6842 5016//7087 
f 5016//7087 5014//7085 6388//6863 
f 6371//6842 5017//7088 5016//7087 
f 6371//6842 5018//7089 5017//7088 
f 6390//6865 5019//7090 5020//7091 
f 6390//6865 5021//7092 5019//7090 
f 5020//7091 5022//7093 6390//6865 
f 6390//6865 5015//7086 5021//7092 
f 6409//6888 5023//7094 5024//7095 
f 6409//6888 5025//7096 5023//7094 
f 6409//6888 5026//7097 5025//7096 
f 6409//6888 6390//6865 5027//7098 
f 5027//7098 5026//7097 6409//6888 
f 6413//6892 6411//6890 5028//7099 
f 6411//6890 5029//7100 5028//7099 
f 5028//7099 5030//7101 6413//6892 
f 6411//6890 5031//7102 5029//7100 
f 5030//7101 5032//7103 6413//6892 
f 6411//6890 5024//7095 5031//7102 
f 6391//6866 5033//7104 5034//7105 
f 6413//6892 5035//7106 5036//7107 
f 5036//7107 6391//6866 6413//6892 
f 5036//7107 5037//7108 6391//6866 
f 5037//7108 5038//7109 6391//6866 
f 5038//7109 5033//7104 6391//6866 
f 6392//6867 5034//7105 5039//7110 
f 5039//7110 5040//7111 6392//6867 
f 6238//6685 5041//7112 5042//7113 
f 6238//6685 5043//7114 5041//7112 
f 6238//6685 6262//6713 5044//7115 
f 5044//7115 5043//7114 6238//6685 
f 6190//6629 6215//6658 5045//7116 
f 6215//6658 5046//7117 5047//7118 
f 5047//7118 5048//7119 6215//6658 
f 5048//7119 5049//7120 6215//6658 
f 5049//7120 5045//7116 6215//6658 
f 6215//6658 5050//7121 5046//7117 
f 5045//7116 5051//7122 6190//6629 
f 6215//6658 5052//7123 5050//7121 
f 6215//6658 5042//7113 5052//7123 
f 6167//6602 6190//6629 5053//7124 
f 5053//7124 5054//7125 6167//6602 
f 5054//7125 5055//7126 6167//6602 
f 6190//6629 5056//7127 5053//7124 
f 5055//7126 5057//7128 6167//6602 
f 6190//6629 5058//7129 5056//7127 
f 5057//7128 5059//7130 6167//6602 
f 6139//6570 5060//7131 5061//7132 
f 6139//6570 5062//7133 5060//7131 
f 6139//6570 5063//7134 5062//7133 
f 5061//7132 6138//6569 6139//6570 
f 6139//6570 5064//7135 5063//7134 
f 6139//6570 5065//7136 5064//7135 
f 6167//6602 5066//7137 5065//7136 
f 5065//7136 6139//6570 6167//6602 
f 6137//6568 6138//6569 5067//7138 
f 6138//6569 5068//7139 5067//7138 
f 5067//7138 5069//7140 6137//6568 
f 6138//6569 5070//7141 5068//7139 
f 5069//7140 5071//7142 6137//6568 
f 6138//6569 5072//7143 5070//7141 
f 5071//7142 5073//7144 6137//6568 
f 6136//6567 5074//7145 5075//7146 
f 6136//6567 6137//6568 5076//7147 
f 5076//7147 5077//7148 6136//6567 
f 5077//7148 5078//7149 6136//6567 
f 5078//7149 5079//7150 6136//6567 
f 5079//7150 5074//7145 6136//6567 
f 6137//6568 5080//7151 5076//7147 
f 5075//7146 6532//7152 6136//6567 
f 6532//7152 5081//7153 5082//7154 
f 5082//7154 5083//7155 6532//7152 
f 5083//7155 5084//7156 6532//7152 
f 6166//6601 5085//7157 5086//7158 
f 6166//6601 6532//7152 5087//7159 
f 5087//7159 5085//7157 6166//6601 
f 5086//7158 6214//6657 6166//6601 
f 5086//7158 5088//7160 6214//6657 
f 6235//6682 6214//6657 5089//7161 
f 6214//6657 5090//7162 5089//7161 
f 6214//6657 5091//7163 5090//7162 
f 6237//6684 5092//7164 5093//7165 
f 5093//7165 5094//7166 6237//6684 
f 6237//6684 5095//7167 5092//7164 
f 6237//6684 5096//7168 5095//7167 
f 5094//7166 5097//7169 6237//6684 
f 6237//6684 5098//7170 5096//7168 
f 6237//6684 5089//7161 5098//7170 
f 6260//6711 6258//6709 5099//7171 
f 6258//6709 6237//6684 5100//7172 
f 5100//7172 5101//7173 6258//6709 
f 5101//7173 5102//7174 6258//6709 
f 5102//7174 5099//7171 6258//6709 
f 6260//6711 5103//7175 5104//7176 
f 5104//7176 6262//6713 6260//6711 
f 6260//6711 5105//7177 5103//7175 
f 5104//7176 5106//7178 6262//6713 
f 6260//6711 5107//7179 5105//7177 
f 5106//7178 5108//7180 6262//6713 
f 6260//6711 5109//7181 5107//7179 
f 5108//7180 5110//7182 6262//6713 
f 6425//6904 6423//6902 5111//7183 
f 6423//6902 5112//7184 5111//7183 
f 5111//7183 5113//7185 6425//6904 
f 6423//6902 5114//7186 5112//7184 
f 5113//7185 5115//7187 6425//6904 
f 5115//7187 5116//7188 6425//6904 
f 5117//7189 6376//6847 6397//6872 
f 6425//6904 5118//7190 5117//7189 
f 6376//6847 5119//7191 5120//7192 
f 6376//6847 5121//7193 5119//7191 
f 6376//6847 5122//7194 5121//7193 
f 5120//7192 6352//6819 6376//6847 
f 6376//6847 5123//7195 5122//7194 
f 5120//7192 5124//7196 6352//6819 
f 6376//6847 5125//7197 5123//7195 
f 6376//6847 5117//7189 5126//7198 
f 5126//7198 5125//7197 6376//6847 
f 6352//6819 5127//7199 5128//7200 
f 5128//7200 6333//6796 6352//6819 
f 5128//7200 5129//7201 6333//6796 
f 6352//6819 5130//7202 5127//7199 
f 5129//7201 5131//7203 6333//6796 
f 6352//6819 5132//7204 5130//7202 
f 5131//7203 5133//7205 6333//6796 
f 5133//7205 5134//7206 6333//6796 
f 6313//6772 5135//7207 5136//7208 
f 6313//6772 6333//6796 5137//7209 
f 5137//7209 5138//7210 6313//6772 
f 5138//7210 5139//7211 6313//6772 
f 5139//7211 5135//7207 6313//6772 
f 6312//6771 5140//7212 5141//7213 
f 6312//6771 5142//7214 5140//7212 
f 5141//7213 6311//6770 6312//6771 
f 6312//6771 5143//7215 5142//7214 
f 5141//7213 5144//7216 6311//6770 
f 6312//6771 5145//7217 5143//7215 
f 6312//6771 5136//7208 5145//7217 
f 6311//6770 5146//7218 5147//7219 
f 5147//7219 6310//6769 6311//6770 
f 6311//6770 5148//7220 5146//7218 
f 5147//7219 5149//7221 6310//6769 
f 5149//7221 5150//7222 6310//6769 
f 6311//6770 5151//7223 5148//7220 
f 5150//7222 5152//7224 6310//6769 
f 6309//6768 5153//7225 5154//7226 
f 6309//6768 6310//6769 5155//7227 
f 5155//7227 5156//7228 6309//6768 
f 5156//7228 5157//7229 6309//6768 
f 5157//7229 5158//7230 6309//6768 
f 5158//7230 5153//7225 6309//6768 
f 6351//6818 5159//7231 5160//7232 
f 6351//6818 5161//7233 5159//7231 
f 5160//7232 6375//6846 6351//6818 
f 6351//6818 5162//7234 5161//7233 
f 5160//7232 5163//7235 6375//6846 
f 6351//6818 5164//7236 5162//7234 
f 6351//6818 5154//7226 5164//7236 
f 6375//6846 5165//7237 5166//7238 
f 5166//7238 6396//6871 6375//6846 
f 5166//7238 5167//7239 6396//6871 
f 6375//6846 5168//7240 5165//7237 
f 5167//7239 5169//7241 6396//6871 
f 5169//7241 5170//7242 6396//6871 
f 5170//7242 5171//7243 6396//6871 
f 5171//7243 5172//7244 6396//6871 
f 6419//6898 5173//7245 5174//7246 
f 6419//6898 6396//6871 5173//7245 
f 6423//6902 6421//6900 5175//7247 
f 6421//6900 5176//7248 5175//7247 
f 5175//7247 5177//7249 6423//6902 
f 6421//6900 5178//7250 5176//7248 
f 6421//6900 5179//7251 5178//7250 
f 6421//6900 5174//7246 5179//7251 
f 5180//7252 6533//7253 6534//7254 
f 6524//7023 5181//7255 5180//7252 
f 6533//7253 5182//7256 5183//7257 
f 6533//7253 5184//7258 5182//7256 
f 6533//7253 5180//7252 5184//7258 
f 6535//7259 5185//7260 5186//7261 
f 6535//7259 5183//7257 5185//7260 
f 6536//7262 5187//7263 5188//7264 
f 6536//7262 5186//7261 5187//7263 
f 5189//7265 5190//7266 6537//7267 
f 6538//7268 5188//7264 5189//7265 
f 6539//7269 6537//7267 5190//7266 
f 5190//7266 5191//7270 6539//7269 
f 6540//7271 6539//7269 5192//7272 
f 5192//7272 5193//7273 6540//7271 
f 6541//7274 6540//7271 5194//7275 
f 5194//7275 5195//7276 6541//7274 
f 6526//7025 6525//7024 5196//7277 
f 6525//7024 6541//7274 5197//7278 
f 5197//7278 5198//7279 6525//7024 
f 5198//7279 5196//7277 6525//7024 
f 6487//6978 6506//7001 5199//7280 
f 6506//7001 5200//7281 5199//7280 
f 6506//7001 5201//7282 5200//7281 
f 5199//7280 5202//7283 6487//6978 
f 6506//7001 5203//7284 5201//7282 
f 6506//7001 6526//7025 5204//7285 
f 5204//7285 5203//7284 6506//7001 
f 5202//7283 5205//7286 6487//6978 
f 6463//6950 5206//7287 5207//7288 
f 6463//6950 5208//7289 5206//7287 
f 6463//6950 5209//7290 5208//7289 
f 6487//6978 5210//7291 5209//7290 
f 5209//7290 6464//6951 6487//6978 
f 5209//7290 6463//6950 6464//6951 
f 6462//6949 6463//6950 5211//7292 
f 6463//6950 5212//7293 5213//7294 
f 5213//7294 5211//7292 6463//6950 
f 6463//6950 5214//7295 5212//7293 
f 6463//6950 5215//7296 5214//7295 
f 6445//6928 5216//7297 5217//7298 
f 6445//6928 5218//7299 5216//7297 
f 6445//6928 5219//7300 5218//7299 
f 6445//6928 6462//6949 5220//7301 
f 5220//7301 5219//7300 6445//6928 
f 6443//6926 6444//6927 5221//7302 
f 6444//6927 5222//7303 5221//7302 
f 6444//6927 5223//7304 5222//7303 
f 6444//6927 5217//7298 5223//7304 
f 6442//6925 6443//6926 5224//7305 
f 6443//6926 5225//7306 5224//7305 
f 5224//7305 5226//7307 6442//6925 
f 6443//6926 5227//7308 5225//7306 
f 6442//6925 5228//7309 5229//7310 
f 5229//7310 6441//6924 6442//6925 
f 6442//6925 5230//7311 5228//7309 
f 5229//7310 5231//7312 6441//6924 
f 6440//6923 6441//6924 5232//7313 
f 6441//6924 5233//7314 5232//7313 
f 5232//7313 5234//7315 6440//6923 
f 5234//7315 5235//7316 6440//6923 
f 6439//6922 6440//6923 5236//7317 
f 5236//7317 5237//7318 6439//6922 
f 5237//7318 5238//7319 6439//6922 
f 5238//7319 5239//7320 6439//6922 
f 6438//6921 5240//7321 5241//7322 
f 6438//6921 6439//6922 5242//7323 
f 5242//7323 5240//7321 6438//6921 
f 6542//7324 5243//7325 5244//7326 
f 6542//7324 5241//7322 5243//7325 
f 5244//7326 5245//7327 6542//7324 
f 6461//6948 5246//7328 5247//7329 
f 6461//6948 6542//7324 5248//7330 
f 5248//7330 5249//7331 6461//6948 
f 5249//7331 5250//7332 6461//6948 
f 5250//7332 5246//7328 6461//6948 
f 5247//7329 6505//7000 6461//6948 
f 6524//7023 6505//7000 5251//7333 
f 5251//7333 5252//7334 6524//7023 
f 6505//7000 5253//7335 5251//7333 
f 5252//7334 5254//7336 6524//7023 
f 6505//7000 5255//7337 5253//7335 
f 5254//7336 5256//7338 6524//7023 
f 6505//7000 5257//7339 5255//7337 
f 5256//7338 5258//7340 6524//7023 
f 6354//6825 5259//7341 5260//7342 
f 6354//6825 6355//6826 5261//7343 
f 5261//7343 5262//7344 6354//6825 
f 5262//7344 5259//7341 6354//6825 
f 6543//7345 5263//7346 5264//7347 
f 5264//7347 5265//7348 6543//7345 
f 5265//7348 5266//7349 6543//7345 
f 6543//7345 5260//7342 5263//7346 
f 5266//7349 5267//7350 6543//7345 
f 6377//6850 5268//7351 5269//7352 
f 6377//6850 6543//7345 5270//7353 
f 5270//7353 5268//7351 6377//6850 
f 5269//7352 6398//6875 6377//6850 
f 5269//7352 5271//7354 6398//6875 
f 6428//6909 5272//7355 5273//7356 
f 6428//6909 5274//7357 5272//7355 
f 6398//6875 5275//7358 5274//7357 
f 5274//7357 6428//6909 6398//6875 
f 6398//6875 5276//7359 5275//7358 
f 6398//6875 5277//7360 5276//7359 
f 6452//6939 5278//7361 5279//7362 
f 6452//6939 5273//7356 5278//7361 
f 6469//6960 5280//7363 5281//7364 
f 6469//6960 5282//7365 5280//7363 
f 6469//6960 5283//7366 5282//7365 
f 6452//6939 5284//7367 5283//7366 
f 5283//7366 6469//6960 6452//6939 
f 6473//6964 6471//6962 5285//7368 
f 6471//6962 5286//7369 5285//7368 
f 6471//6962 5287//7370 5286//7369 
f 6471//6962 5281//7364 5287//7370 
f 6475//6966 6473//6964 5288//7371 
f 6473//6964 5289//7372 5288//7371 
f 5288//7371 5290//7373 6475//6966 
f 6473//6964 5291//7374 5289//7372 
f 6477//6968 6475//6966 5292//7375 
f 5292//7375 5293//7376 6477//6968 
f 5293//7376 5294//7377 6477//6968 
f 5294//7377 5295//7378 6477//6968 
f 5295//7378 5296//7379 6477//6968 
f 6453//6940 5297//7380 5298//7381 
f 6453//6940 6477//6968 5299//7382 
f 5299//7382 5297//7380 6453//6940 
f 6429//6912 5300//7383 5301//7384 
f 6429//6912 5302//7385 5300//7383 
f 5301//7384 6399//6878 6429//6912 
f 6429//6912 5303//7386 5302//7385 
f 5301//7384 5304//7387 6399//6878 
f 6429//6912 5305//7388 5303//7386 
f 6429//6912 5298//7381 5305//7388 
f 5304//7387 5306//7389 6399//6878 
f 6379//6854 5307//7390 5308//7391 
f 6399//6878 5309//7392 5310//7393 
f 5310//7393 6379//6854 6399//6878 
f 5310//7393 5311//7394 6379//6854 
f 5311//7394 5312//7395 6379//6854 
f 5312//7395 5313//7396 6379//6854 
f 5313//7396 5307//7390 6379//6854 
f 6399//6878 5314//7397 5309//7392 
f 6378//6853 5308//7391 5315//7398 
f 6357//6828 6358//6829 5316//7399 
f 6358//6829 5317//7400 5316//7399 
f 6358//6829 5318//7401 5317//7400 
f 6358//6829 5319//7402 5318//7401 
f 6358//6829 6378//6853 5320//7403 
f 5320//7403 5319//7402 6358//6829 
f 6356//6827 5321//7404 5322//7405 
f 6356//6827 5323//7406 5321//7404 
f 6356//6827 5324//7407 5323//7406 
f 6356//6827 5325//7408 5324//7407 
f 6357//6828 5326//7409 5325//7408 
f 5325//7408 6356//6827 6357//6828 
f 6356//6827 5327//7410 5328//7411 
f 5328//7411 6355//6826 6356//6827 
f 5328//7411 5329//7412 6355//6826 
f 6356//6827 5330//7413 5327//7410 
f 5329//7412 5331//7414 6355//6826 
f 5331//7414 5332//7415 6355//6826 
f 6203//6646 6227//6674 5333//7416 
f 6227//6674 5334//7417 5333//7416 
f 5333//7416 5335//7418 6203//6646 
f 6227//6674 5336//7419 5334//7417 
f 5335//7418 5337//7420 6203//6646 
f 6227//6674 5338//7421 5336//7419 
f 5337//7420 5339//7422 6203//6646 
f 6227//6674 5340//7423 5338//7421 
f 6183//6622 5341//7424 5342//7425 
f 6183//6622 5343//7426 5344//7427 
f 6183//6622 6203//6646 5345//7428 
f 5345//7428 5343//7426 6183//6622 
f 5344//7427 5346//7429 6183//6622 
f 5346//7429 5347//7430 6183//6622 
f 5347//7430 5348//7431 6183//6622 
f 5348//7431 5341//7424 6183//6622 
f 6203//6646 5349//7432 5345//7428 
f 5342//7425 6182//6621 6183//6622 
f 6182//6621 5350//7433 5351//7434 
f 5351//7434 6181//6620 6182//6621 
f 6182//6621 5352//7435 5350//7433 
f 5351//7434 5353//7436 6181//6620 
f 6182//6621 5354//7437 5352//7435 
f 5353//7436 5355//7438 6181//6620 
f 6182//6621 5356//7439 5354//7437 
f 6226//6673 6180//6619 5357//7440 
f 6180//6619 5358//7441 5359//7442 
f 6180//6619 5360//7443 5358//7441 
f 6181//6620 5361//7444 5360//7443 
f 5360//7443 6180//6619 6181//6620 
f 5359//7442 5362//7445 6180//6619 
f 5362//7445 5363//7446 6180//6619 
f 5363//7446 5364//7447 6180//6619 
f 5364//7447 5357//7440 6180//6619 
f 6181//6620 5365//7448 5361//7444 
f 6248//6699 6226//6673 5366//7449 
f 6226//6673 5367//7450 5366//7449 
f 5366//7449 5368//7451 6248//6699 
f 6226//6673 5369//7452 5367//7450 
f 5368//7451 5370//7453 6248//6699 
f 6226//6673 5371//7454 5369//7452 
f 5370//7453 5372//7455 6248//6699 
f 6226//6673 5373//7456 5371//7454 
f 6271//6726 5374//7457 5375//7458 
f 6271//6726 5376//7459 5377//7460 
f 6271//6726 6248//6699 5378//7461 
f 5378//7461 5376//7459 6271//6726 
f 5377//7460 5379//7462 6271//6726 
f 5379//7462 5380//7463 6271//6726 
f 5380//7463 5381//7464 6271//6726 
f 5381//7464 5374//7457 6271//6726 
f 6248//6699 5382//7465 5378//7461 
f 5375//7458 6273//6728 6271//6726 
f 6273//6728 5383//7466 5384//7467 
f 5384//7467 6275//6730 6273//6728 
f 6273//6728 5385//7468 5383//7466 
f 5384//7467 5386//7469 6275//6730 
f 6273//6728 5387//7470 5385//7468 
f 5386//7469 5388//7471 6275//6730 
f 6273//6728 5389//7472 5387//7470 
f 6227//6674 6249//6700 5390//7473 
f 6249//6700 5391//7474 5392//7475 
f 6249//6700 5393//7476 5391//7474 
f 6275//6730 5394//7477 5393//7476 
f 5393//7476 6249//6700 6275//6730 
f 5392//7475 5395//7478 6249//6700 
f 5395//7478 5396//7479 6249//6700 
f 5396//7479 5397//7480 6249//6700 
f 5397//7480 5390//7473 6249//6700 
f 6275//6730 5398//7481 5394//7477 
f 6034//6448 6035//6449 5399//7482 
f 6035//6449 5400//7483 5399//7482 
f 5399//7482 5401//7484 6034//6448 
f 6035//6449 5402//7485 5400//7483 
f 5401//7484 5403//7486 6034//6448 
f 5403//7486 5404//7487 6034//6448 
f 5405//7488 6056//6472 6033//6445 
f 6034//6448 5406//7489 5405//7488 
f 6056//6472 5407//7490 5408//7491 
f 6056//6472 5409//7492 5407//7490 
f 6056//6472 5410//7493 5409//7492 
f 5408//7491 6077//6497 6056//6472 
f 6056//6472 5411//7494 5410//7493 
f 5408//7491 5412//7495 6077//6497 
f 6056//6472 5413//7496 5411//7494 
f 6056//6472 5405//7488 5414//7497 
f 5414//7497 5413//7496 6056//6472 
f 6077//6497 5415//7498 5416//7499 
f 5416//7499 6101//6525 6077//6497 
f 5416//7499 5417//7500 6101//6525 
f 6077//6497 5418//7501 5415//7498 
f 5417//7500 5419//7502 6101//6525 
f 6077//6497 5420//7503 5418//7501 
f 5419//7502 5421//7504 6101//6525 
f 5421//7504 5422//7505 6101//6525 
f 6119//6548 5423//7506 5424//7507 
f 6119//6548 6101//6525 5425//7508 
f 5425//7508 5426//7509 6119//6548 
f 5426//7509 5427//7510 6119//6548 
f 5427//7510 5423//7506 6119//6548 
f 6141//6576 5428//7511 5429//7512 
f 6141//6576 5430//7513 5428//7511 
f 5429//7512 6143//6578 6141//6576 
f 6141//6576 5431//7514 5430//7513 
f 5429//7512 5432//7515 6143//6578 
f 6141//6576 5433//7516 5431//7514 
f 6141//6576 5424//7507 5433//7516 
f 6143//6578 5434//7517 5435//7518 
f 5435//7518 6145//6580 6143//6578 
f 6143//6578 5436//7519 5434//7517 
f 5435//7518 5437//7520 6145//6580 
f 5437//7520 5438//7521 6145//6580 
f 6143//6578 5439//7522 5436//7519 
f 5438//7521 5440//7523 6145//6580 
f 6120//6551 5441//7524 5442//7525 
f 6120//6551 6145//6580 5443//7526 
f 5443//7526 5444//7527 6120//6551 
f 5444//7527 5445//7528 6120//6551 
f 5445//7528 5446//7529 6120//6551 
f 5446//7529 5441//7524 6120//6551 
f 6102//6528 5447//7530 5448//7531 
f 6102//6528 5449//7532 5447//7530 
f 5448//7531 6078//6500 6102//6528 
f 6102//6528 5450//7533 5449//7532 
f 5448//7531 5451//7534 6078//6500 
f 6102//6528 5452//7535 5450//7533 
f 6102//6528 5442//7525 5452//7535 
f 6078//6500 5453//7536 5454//7537 
f 5454//7537 6057//6475 6078//6500 
f 5454//7537 5455//7538 6057//6475 
f 6078//6500 5456//7539 5453//7536 
f 5455//7538 5457//7540 6057//6475 
f 5457//7540 5458//7541 6057//6475 
f 5458//7541 5459//7542 6057//6475 
f 5459//7542 5460//7543 6057//6475 
f 6037//6451 5461//7544 5462//7545 
f 6037//6451 6057//6475 5461//7544 
f 6035//6449 6036//6450 5463//7546 
f 6036//6450 5464//7547 5463//7546 
f 5463//7546 5465//7548 6035//6449 
f 6036//6450 5466//7549 5464//7547 
f 6036//6450 5467//7550 5466//7549 
f 6036//6450 5462//7545 5467//7550 
f 6191//6632 5468//7551 5469//7552 
f 6191//6632 5470//7553 5468//7551 
f 6191//6632 6192//6635 5471//7554 
f 5471//7554 5470//7553 6191//6632 
f 6239//6688 6216//6661 5472//7555 
f 6216//6661 5473//7556 5474//7557 
f 5474//7557 5475//7558 6216//6661 
f 5475//7558 5476//7559 6216//6661 
f 5476//7559 5472//7555 6216//6661 
f 6216//6661 5477//7560 5473//7556 
f 5472//7555 5478//7561 6239//6688 
f 6216//6661 5479//7562 5477//7560 
f 6216//6661 5469//7552 5479//7562 
f 6265//6718 6239//6688 5480//7563 
f 5480//7563 5481//7564 6265//6718 
f 5481//7564 5482//7565 6265//6718 
f 6239//6688 5483//7566 5480//7563 
f 5482//7565 5484//7567 6265//6718 
f 6239//6688 5485//7568 5483//7566 
f 5484//7567 5486//7569 6265//6718 
f 6290//6747 5487//7570 5488//7571 
f 6290//6747 5489//7572 5487//7570 
f 6290//6747 5490//7573 5489//7572 
f 5488//7571 6315//6778 6290//6747 
f 6290//6747 5491//7574 5490//7573 
f 6290//6747 5492//7575 5491//7574 
f 6265//6718 5493//7576 5492//7575 
f 5492//7575 6290//6747 6265//6718 
f 6317//6780 6315//6778 5494//7577 
f 6315//6778 5495//7578 5494//7577 
f 5494//7577 5496//7579 6317//6780 
f 6315//6778 5497//7580 5495//7578 
f 5496//7579 5498//7581 6317//6780 
f 6315//6778 5499//7582 5497//7580 
f 5498//7581 5500//7583 6317//6780 
f 6291//6750 5501//7584 5502//7585 
f 6291//6750 6317//6780 5503//7586 
f 5503//7586 5504//7587 6291//6750 
f 5504//7587 5505//7588 6291//6750 
f 5505//7588 5506//7589 6291//6750 
f 5506//7589 5501//7584 6291//6750 
f 6317//6780 5507//7590 5503//7586 
f 5502//7585 6292//6751 6291//6750 
f 6292//6751 5508//7591 5509//7592 
f 5509//7592 5510//7593 6292//6751 
f 5510//7593 5511//7594 6292//6751 
f 6266//6721 5512//7595 5513//7596 
f 6266//6721 6292//6751 5514//7597 
f 5514//7597 5512//7595 6266//6721 
f 5513//7596 6240//6691 6266//6721 
f 5513//7596 5515//7598 6240//6691 
f 6218//6665 6240//6691 5516//7599 
f 6240//6691 5517//7600 5516//7599 
f 6240//6691 5518//7601 5517//7600 
f 6217//6664 5519//7602 5520//7603 
f 5520//7603 5521//7604 6217//6664 
f 6217//6664 5522//7605 5519//7602 
f 6217//6664 5523//7606 5522//7605 
f 5521//7604 5524//7607 6217//6664 
f 6217//6664 5525//7608 5523//7606 
f 6217//6664 5516//7599 5525//7608 
f 6193//6636 6194//6637 5526//7609 
f 6194//6637 6217//6664 5527//7610 
f 5527//7610 5528//7611 6194//6637 
f 5528//7611 5529//7612 6194//6637 
f 5529//7612 5526//7609 6194//6637 
f 6193//6636 5530//7613 5531//7614 
f 5531//7614 6192//6635 6193//6636 
f 6193//6636 5532//7615 5530//7613 
f 5531//7614 5533//7616 6192//6635 
f 6193//6636 5534//7617 5532//7615 
f 5533//7616 5535//7618 6192//6635 
f 6193//6636 5536//7619 5534//7617 
f 5535//7618 5537//7620 6192//6635 
f 6074//6492 5538//7621 5539//7622 
f 6074//6492 6097//6519 5540//7623 
f 5540//7623 5541//7624 6074//6492 
f 5541//7624 5538//7621 6074//6492 
f 6075//6493 5542//7625 5543//7626 
f 5543//7626 5544//7627 6075//6493 
f 5544//7627 5545//7628 6075//6493 
f 6075//6493 5539//7622 5542//7625 
f 5545//7628 5546//7629 6075//6493 
f 6055//6469 5547//7630 5548//7631 
f 6055//6469 6075//6493 5549//7632 
f 5549//7632 5547//7630 6055//6469 
f 5548//7631 6032//6442 6055//6469 
f 5548//7631 5550//7633 6032//6442 
f 6002//6408 5551//7634 5552//7635 
f 6002//6408 5553//7636 5551//7634 
f 6032//6442 5554//7637 5553//7636 
f 5553//7636 6002//6408 6032//6442 
f 6032//6442 5555//7638 5554//7637 
f 6032//6442 5556//7639 5555//7638 
f 6001//6407 5557//7640 5558//7641 
f 6001//6407 5552//7635 5557//7640 
f 5981//6383 5559//7642 5560//7643 
f 5981//6383 5561//7644 5559//7642 
f 5981//6383 5562//7645 5561//7644 
f 6001//6407 5563//7646 5562//7645 
f 5562//7645 5981//6383 6001//6407 
f 5979//6381 5980//6382 5564//7647 
f 5980//6382 5565//7648 5564//7647 
f 5980//6382 5566//7649 5565//7648 
f 5980//6382 5560//7643 5566//7649 
f 5978//6380 5979//6381 5567//7650 
f 5979//6381 5568//7651 5567//7650 
f 5567//7650 5569//7652 5978//6380 
f 5979//6381 5570//7653 5568//7651 
f 5977//6379 5978//6380 5571//7654 
f 5571//7654 5572//7655 5977//6379 
f 5572//7655 5573//7656 5977//6379 
f 5573//7656 5574//7657 5977//6379 
f 5574//7657 5575//7658 5977//6379 
f 5976//6378 5576//7659 5577//7660 
f 5976//6378 5977//6379 5578//7661 
f 5578//7661 5576//7659 5976//6378 
f 6031//6441 5579//7662 5580//7663 
f 6031//6441 5581//7664 5579//7662 
f 5580//7663 6054//6468 6031//6441 
f 6031//6441 5582//7665 5581//7664 
f 5580//7663 5583//7666 6054//6468 
f 6031//6441 5584//7667 5582//7665 
f 6031//6441 5577//7660 5584//7667 
f 5583//7666 5585//7668 6054//6468 
f 6071//6489 5586//7669 5587//7670 
f 6054//6468 5588//7671 5589//7672 
f 5589//7672 6071//6489 6054//6468 
f 5589//7672 5590//7673 6071//6489 
f 5590//7673 5591//7674 6071//6489 
f 5591//7674 5592//7675 6071//6489 
f 5592//7675 5586//7669 6071//6489 
f 6054//6468 5593//7676 5588//7671 
f 6073//6491 5587//7670 5594//7677 
f 6093//6515 6091//6513 5595//7678 
f 6091//6513 5596//7679 5595//7678 
f 6091//6513 5597//7680 5596//7679 
f 6091//6513 5598//7681 5597//7680 
f 6091//6513 6073//6491 5599//7682 
f 5599//7682 5598//7681 6091//6513 
f 6095//6517 5600//7683 5601//7684 
f 6095//6517 5602//7685 5600//7683 
f 6095//6517 5603//7686 5602//7685 
f 6095//6517 5604//7687 5603//7686 
f 6093//6515 5605//7688 5604//7687 
f 5604//7687 6095//6517 6093//6515 
f 6095//6517 5606//7689 5607//7690 
f 5607//7690 6097//6519 6095//6517 
f 5607//7690 5608//7691 6097//6519 
f 6095//6517 5609//7692 5606//7689 
f 5608//7691 5610//7693 6097//6519 
f 5610//7693 5611//7694 6097//6519 
f 5612//7695 6544//7696 5918//6312 
f 5917//6311 5613//7697 5612//7695 
f 6544//7696 5614//7698 5615//7699 
f 6544//7696 5616//7700 5614//7698 
f 6544//7696 5612//7695 5616//7700 
f 6545//7701 5617//7702 5618//7703 
f 6545//7701 5615//7699 5617//7702 
f 6546//7704 5619//7705 5620//7706 
f 6546//7704 5618//7703 5619//7705 
f 5621//7707 5622//7708 6547//7709 
f 6548//7710 5620//7706 5621//7707 
f 6549//7711 6547//7709 5622//7708 
f 5622//7708 5623//7712 6549//7711 
f 6550//7713 6549//7711 5624//7714 
f 5624//7714 5625//7715 6550//7713 
f 6551//7716 6550//7713 5626//7717 
f 5626//7717 5627//7718 6551//7716 
f 6552//7719 5916//6310 5628//7720 
f 5916//6310 6551//7716 5629//7721 
f 5629//7721 5630//7722 5916//6310 
f 5630//7722 5628//7720 5916//6310 
f 5967//6369 5915//6309 5631//7723 
f 5915//6309 5632//7724 5631//7723 
f 5915//6309 5633//7725 5632//7724 
f 5631//7723 5634//7726 5967//6369 
f 5915//6309 5635//7727 5633//7725 
f 5915//6309 6552//7719 5636//7728 
f 5636//7728 5635//7727 5915//6309 
f 5634//7726 5637//7729 5967//6369 
f 5988//6394 5638//7730 5639//7731 
f 5988//6394 5640//7732 5638//7730 
f 5988//6394 5641//7733 5640//7732 
f 5967//6369 5642//7734 5641//7733 
f 5641//7733 5986//6392 5967//6369 
f 5641//7733 5988//6394 5986//6392 
f 5990//6396 5988//6394 5643//7735 
f 5988//6394 5644//7736 5645//7737 
f 5645//7737 5643//7735 5988//6394 
f 5988//6394 5646//7738 5644//7736 
f 5988//6394 5647//7739 5646//7738 
f 6008//6418 5648//7740 5649//7741 
f 6008//6418 5650//7742 5648//7740 
f 6008//6418 5651//7743 5650//7742 
f 6008//6418 5990//6396 5652//7744 
f 5652//7744 5651//7743 6008//6418 
f 6012//6422 6010//6420 5653//7745 
f 6010//6420 5654//7746 5653//7745 
f 6010//6420 5655//7747 5654//7746 
f 6010//6420 5649//7741 5655//7747 
f 6014//6424 6012//6422 5656//7748 
f 6012//6422 5657//7749 5656//7748 
f 5656//7748 5658//7750 6014//6424 
f 6012//6422 5659//7751 5657//7749 
f 6014//6424 5660//7752 5661//7753 
f 5661//7753 6016//6426 6014//6424 
f 6014//6424 5662//7754 5660//7752 
f 5661//7753 5663//7755 6016//6426 
f 6018//6428 6016//6426 5664//7756 
f 6016//6426 5665//7757 5664//7756 
f 5664//7756 5666//7758 6018//6428 
f 5666//7758 5667//7759 6018//6428 
f 6020//6430 6018//6428 5668//7760 
f 5668//7760 5669//7761 6020//6430 
f 5669//7761 5670//7762 6020//6430 
f 5670//7762 5671//7763 6020//6430 
f 5991//6397 5672//7764 5673//7765 
f 5991//6397 6020//6430 5674//7766 
f 5674//7766 5672//7764 5991//6397 
f 5992//6398 5675//7767 5676//7768 
f 5992//6398 5673//7765 5675//7767 
f 5676//7768 5677//7769 5992//6398 
f 5968//6370 5678//7770 5679//7771 
f 5968//6370 5992//6398 5680//7772 
f 5680//7772 5681//7773 5968//6370 
f 5681//7773 5682//7774 5968//6370 
f 5682//7774 5678//7770 5968//6370 
f 5679//7771 5949//6347 5968//6370 
f 5917//6311 5949//6347 5683//7775 
f 5683//7775 5684//7776 5917//6311 
f 5949//6347 5685//7777 5683//7775 
f 5684//7776 5686//7778 5917//6311 
f 5949//6347 5687//7779 5685//7777 
f 5686//7778 5688//7780 5917//6311 
f 5949//6347 5689//7781 5687//7779 
f 5688//7780 5690//7782 5917//6311 
f 6127//6558 5691//7783 5692//7784 
f 5692//7784 5693//7785 6127//6558 
f 6081//6503 6106//6532 5694//7786 
f 6106//6532 5695//7787 5694//7786 
f 6106//6532 5696//7788 5695//7787 
f 6106//6532 6127//6558 5697//7789 
f 5697//7789 5696//7788 6106//6532 
f 5694//7786 5698//7790 6081//6503 
f 5698//7790 5699//7791 6081//6503 
f 6062//6480 5700//7792 5701//7793 
f 6062//6480 6081//6503 5702//7794 
f 5702//7794 5700//7792 6062//6480 
f 6081//6503 5703//7795 5702//7794 
f 6081//6503 5704//7796 5703//7795 
f 6061//6479 5705//7797 5706//7798 
f 6061//6479 5707//7799 5705//7797 
f 5706//7798 5708//7800 6061//6479 
f 6061//6479 5701//7793 5707//7799 
f 6044//6458 5709//7801 5710//7802 
f 6044//6458 5711//7803 5709//7801 
f 6044//6458 5712//7804 5711//7803 
f 6044//6458 6061//6479 5713//7805 
f 5713//7805 5712//7804 6044//6458 
f 6042//6456 6043//6457 5714//7806 
f 6043//6457 5715//7807 5714//7806 
f 5714//7806 5716//7808 6042//6456 
f 6043//6457 5717//7809 5715//7807 
f 5716//7808 5718//7810 6042//6456 
f 6043//6457 5710//7802 5717//7809 
f 6041//6455 5719//7811 5720//7812 
f 6042//6456 5721//7813 5722//7814 
f 5722//7814 6041//6455 6042//6456 
f 5722//7814 5723//7815 6041//6455 
f 5723//7815 5724//7816 6041//6455 
f 5724//7816 5719//7811 6041//6455 
f 6553//7817 5720//7812 5725//7818 
f 5725//7818 5726//7819 6553//7817 
f 6060//6478 5727//7820 5728//7821 
f 6060//6478 5729//7822 5727//7820 
f 6060//6478 5730//7823 5729//7822 
f 6060//6478 6553//7817 5731//7824 
f 5731//7824 5730//7823 6060//6478 
f 5728//7821 6105//6531 6060//6478 
f 5728//7821 5732//7825 6105//6531 
f 6123//6554 5733//7826 5734//7827 
f 6105//6531 5735//7828 5736//7829 
f 5736//7829 6123//6554 6105//6531 
f 6105//6531 5737//7830 5735//7828 
f 5736//7829 5738//7831 6123//6554 
f 5738//7831 5739//7832 6123//6554 
f 5739//7832 5733//7826 6123//6554 
f 6105//6531 5740//7833 5737//7830 
f 6125//6556 5734//7827 5741//7834 
f 6151//6586 5742//7835 5743//7836 
f 6151//6586 5744//7837 5742//7835 
f 5743//7836 6153//6588 6151//6586 
f 6151//6586 5745//7838 5744//7837 
f 6151//6586 5746//7839 5745//7838 
f 6151//6586 5747//7840 5746//7839 
f 6125//6556 5748//7841 5747//7840 
f 5747//7840 6151//6586 6125//6556 
f 5743//7836 5749//7842 6153//6588 
f 6153//6588 5750//7843 5751//7844 
f 5751//7844 6155//6590 6153//6588 
f 6153//6588 5752//7845 5750//7843 
f 5751//7844 5753//7846 6155//6590 
f 6153//6588 5754//7847 5752//7845 
f 5753//7846 5755//7848 6155//6590 
f 6126//6557 5756//7849 5691//7783 
f 6155//6590 5757//7850 5758//7851 
f 5758//7851 6126//6557 6155//6590 
f 5758//7851 5759//7852 6126//6557 
f 5759//7852 5760//7853 6126//6557 
f 5760//7853 5761//7854 6126//6557 
f 5761//7854 5756//7849 6126//6557 
f 6155//6590 5762//7855 5757//7850 
f 6187//6626 5763//7856 5764//7857 
f 6208//6651 6206//6649 5765//7858 
f 6206//6649 5766//7859 5765//7858 
f 6206//6649 5767//7860 5766//7859 
f 6206//6649 5768//7861 5767//7860 
f 5765//7858 5769//7862 6208//6651 
f 6206//6649 5770//7863 5768//7861 
f 6206//6649 5771//7864 5770//7863 
f 6187//6626 5772//7865 5771//7864 
f 5771//7864 6206//6649 6187//6626 
f 6210//6653 6208//6651 5773//7866 
f 6208//6651 5774//7867 5773//7866 
f 5773//7866 5775//7868 6210//6653 
f 6208//6651 5776//7869 5774//7867 
f 5775//7868 5777//7870 6210//6653 
f 6208//6651 5778//7871 5776//7869 
f 5777//7870 5779//7872 6210//6653 
f 6188//6627 5780//7873 5781//7874 
f 6188//6627 5782//7875 5780//7873 
f 6188//6627 5783//7876 5782//7875 
f 6188//6627 5784//7877 5783//7876 
f 6210//6653 5785//7878 5784//7877 
f 5784//7877 6188//6627 6210//6653 
f 6133//6564 6164//6599 5786//7879 
f 6164//6599 5787//7880 5788//7881 
f 5788//7881 5789//7882 6164//6599 
f 5789//7882 5786//7879 6164//6599 
f 6164//6599 5790//7883 5787//7880 
f 5786//7879 5791//7884 6133//6564 
f 6164//6599 5792//7885 5790//7883 
f 6164//6599 5781//7874 5792//7885 
f 6112//6538 5793//7886 5794//7887 
f 6112//6538 6133//6564 5795//7888 
f 5795//7888 5793//7886 6112//6538 
f 5794//7887 5796//7889 6112//6538 
f 6133//6564 5797//7890 5795//7888 
f 5796//7889 5798//7891 6112//6538 
f 6133//6564 5799//7892 5797//7890 
f 5798//7891 5800//7893 6112//6538 
f 5800//7893 5801//7894 6112//6538 
f 6090//6512 5802//7895 5803//7896 
f 6090//6512 6112//6538 5804//7897 
f 5804//7897 5805//7898 6090//6512 
f 5805//7898 5802//7895 6090//6512 
f 6089//6511 5806//7899 5807//7900 
f 5807//7900 6088//6510 6089//6511 
f 6089//6511 5808//7901 5806//7899 
f 6089//6511 5809//7902 5808//7901 
f 5807//7900 5810//7903 6088//6510 
f 6089//6511 5803//7896 5809//7902 
f 6087//6509 5811//7904 5812//7905 
f 6088//6510 5813//7906 5814//7907 
f 5814//7907 6087//6509 6088//6510 
f 5814//7907 5815//7908 6087//6509 
f 5815//7908 5816//7909 6087//6509 
f 5816//7909 5811//7904 6087//6509 
f 6088//6510 5817//7910 5813//7906 
f 6554//7911 5818//7912 5819//7913 
f 6554//7911 5812//7905 5818//7912 
f 6111//6537 5820//7914 5821//7915 
f 5821//7915 6163//6598 6111//6537 
f 6111//6537 5822//7916 5820//7914 
f 6111//6537 5823//7917 5822//7916 
f 6111//6537 6554//7911 5824//7918 
f 5824//7918 5823//7917 6111//6537 
f 5821//7915 5825//7919 6163//6598 
f 6185//6624 5826//7920 5763//7856 
f 6163//6598 5827//7921 5828//7922 
f 5828//7922 6185//6624 6163//6598 
f 5828//7922 5829//7923 6185//6624 
f 5829//7923 5830//7924 6185//6624 
f 5830//7924 5826//7920 6185//6624 
f 6163//6598 5831//7925 5827//7921 
f 6163//6598 5832//7926 5831//7925 
f 6359//6830 5833//7927 5834//7928 
f 6359//6830 6340//6807 5835//7929 
f 5835//7929 5836//7930 6359//6830 
f 5836//7930 5833//7927 6359//6830 
f 6361//6832 5837//7931 5838//7932 
f 5838//7932 6363//6834 6361//6832 
f 6361//6832 5839//7933 5837//7931 
f 6361//6832 5840//7934 5839//7933 
f 5838//7932 5841//7935 6363//6834 
f 6361//6832 5834//7928 5840//7934 
f 6341//6808 5842//7936 5843//7937 
f 6363//6834 5844//7938 5845//7939 
f 5845//7939 6341//6808 6363//6834 
f 5845//7939 5846//7940 6341//6808 
f 5846//7940 5847//7941 6341//6808 
f 5847//7941 5842//7936 6341//6808 
f 6363//6834 5848//7942 5844//7938 
f 6342//6809 5849//7943 5850//7944 
f 6342//6809 5843//7937 5849//7943 
f 6323//6786 5851//7945 5852//7946 
f 5852//7946 6296//6755 6323//6786 
f 6323//6786 5853//7947 5851//7945 
f 6323//6786 5854//7948 5853//7947 
f 6323//6786 6342//6809 5855//7949 
f 5855//7949 5854//7948 6323//6786 
f 5852//7946 5856//7950 6296//6755 
f 6269//6724 5857//7951 5858//7952 
f 6296//6755 5859//7953 5860//7954 
f 5860//7954 6269//6724 6296//6755 
f 5860//7954 5861//7955 6269//6724 
f 5861//7955 5862//7956 6269//6724 
f 5862//7956 5857//7951 6269//6724 
f 6296//6755 5863//7957 5859//7953 
f 6296//6755 5864//7958 5863//7957 
f 6268//6723 5858//7952 5865//7959 
f 6244//6695 6245//6696 5866//7960 
f 6245//6696 5867//7961 5866//7960 
f 6245//6696 5868//7962 5867//7961 
f 6245//6696 5869//7963 5868//7962 
f 5866//7960 5870//7964 6244//6695 
f 6245//6696 5871//7965 5869//7963 
f 6245//6696 5872//7966 5871//7965 
f 6268//6723 5873//7967 5872//7966 
f 5872//7966 6245//6696 6268//6723 
f 6243//6694 6244//6695 5874//7968 
f 6244//6695 5875//7969 5874//7968 
f 5874//7968 5876//7970 6243//6694 
f 6244//6695 5877//7971 5875//7969 
f 5876//7970 5878//7972 6243//6694 
f 6244//6695 5879//7973 5877//7971 
f 5878//7972 5880//7974 6243//6694 
f 6242//6693 5881//7975 5882//7976 
f 6242//6693 5883//7977 5881//7975 
f 6242//6693 5884//7978 5883//7977 
f 6242//6693 5885//7979 5884//7978 
f 6243//6694 5886//7980 5885//7979 
f 5885//7979 6242//6693 6243//6694 
f 6322//6785 6295//6754 5887//7981 
f 6295//6754 5888//7982 5889//7983 
f 5889//7983 5890//7984 6295//6754 
f 5890//7984 5887//7981 6295//6754 
f 6295//6754 5891//7985 5888//7982 
f 5887//7981 5892//7986 6322//6785 
f 6295//6754 5893//7987 5891//7985 
f 6295//6754 5882//7976 5893//7987 
f 6340//6807 5894//7988 5895//7989 
f 6340//6807 6322//6785 5896//7990 
f 5896//7990 5894//7988 6340//6807 
f 5895//7989 5897//7991 6340//6807 
f 6322//6785 5898//7992 5896//7990 
f 5897//7991 5899//7993 6340//6807 
f 6322//6785 5900//7994 5898//7992 
f 5899//7993 5901//7995 6340//6807 
f 5901//7995 5902//7996 6340//6807 
f 5902//7996 5835//7929 6340//6807 
f 5892//7986 5900//7994 6322//6785 
f 5882//7976 6295//6754 6242//6693 
f 5880//7974 5886//7980 6243//6694 
f 5870//7964 5879//7973 6244//6695 
f 5865//7959 5873//7967 6268//6723 
f 5858//7952 6268//6723 6269//6724 
f 5856//7950 5864//7958 6296//6755 
f 5850//7944 5855//7949 6342//6809 
f 5843//7937 6342//6809 6341//6808 
f 5841//7935 5848//7942 6363//6834 
f 5834//7928 6361//6832 6359//6830 
f 5763//7856 6187//6626 6185//6624 
f 5825//7919 5832//7926 6163//6598 
f 5819//7913 5824//7918 6554//7911 
f 5812//7905 6554//7911 6087//6509 
f 5810//7903 5817//7910 6088//6510 
f 5803//7896 6089//6511 6090//6512 
f 5801//7894 5804//7897 6112//6538 
f 5791//7884 5799//7892 6133//6564 
f 5781//7874 6164//6599 6188//6627 
f 5779//7872 5785//7878 6210//6653 
f 5769//7862 5778//7871 6208//6651 
f 5764//7857 5772//7865 6187//6626 
f 5691//7783 6127//6558 6126//6557 
f 5755//7848 5762//7855 6155//6590 
f 5749//7842 5754//7847 6153//6588 
f 5741//7834 5748//7841 6125//6556 
f 5734//7827 6125//6556 6123//6554 
f 5732//7825 5740//7833 6105//6531 
f 5726//7819 5731//7824 6553//7817 
f 5720//7812 6553//7817 6041//6455 
f 5718//7810 5721//7813 6042//6456 
f 5710//7802 6043//6457 6044//6458 
f 5708//7800 5713//7805 6061//6479 
f 5701//7793 6061//6479 6062//6480 
f 5699//7791 5704//7796 6081//6503 
f 5693//7785 5697//7789 6127//6558 
f 5690//7782 5613//7697 5917//6311 
f 5679//7771 5689//7781 5949//6347 
f 5677//7769 5680//7772 5992//6398 
f 5673//7765 5992//6398 5991//6397 
f 5671//7763 5674//7766 6020//6430 
f 5667//7759 5668//7760 6018//6428 
f 5663//7755 5665//7757 6016//6426 
f 5658//7750 5662//7754 6014//6424 
f 5653//7745 5659//7751 6012//6422 
f 5649//7741 6010//6420 6008//6418 
f 5652//7744 5990//6396 5903//7997 
f 5643//7735 5903//7997 5990//6396 
f 5639//7731 5647//7739 5988//6394 
f 5637//7729 5642//7734 5967//6369 
f 5636//7728 6552//7719 5904//7998 
f 5628//7720 5904//7998 6552//7719 
f 5627//7718 5629//7721 6551//7716 
f 5625//7715 5626//7717 6550//7713 
f 5623//7712 5624//7714 6549//7711 
f 6547//7709 6548//7710 5621//7707 
f 5620//7706 6548//7710 6546//7704 
f 5618//7703 6546//7704 6545//7701 
f 5615//7699 6545//7701 6544//7696 
f 5918//6312 5917//6311 5612//7695 
f 5611//7694 5540//7623 6097//6519 
f 5601//7684 5609//7692 6095//6517 
f 5595//7678 5605//7688 6093//6515 
f 5594//7677 5599//7682 6073//6491 
f 5587//7670 6073//6491 6071//6489 
f 5585//7668 5593//7676 6054//6468 
f 5577//7660 6031//6441 5976//6378 
f 5575//7658 5578//7661 5977//6379 
f 5569//7652 5571//7654 5978//6380 
f 5564//7647 5570//7653 5979//6381 
f 5560//7643 5980//6382 5981//6383 
f 5558//7641 5563//7646 6001//6407 
f 5552//7635 6001//6407 6002//6408 
f 5550//7633 5556//7639 6032//6442 
f 5546//7629 5549//7632 6075//6493 
f 5539//7622 6075//6493 6074//6492 
f 5537//7620 5471//7554 6192//6635 
f 5526//7609 5536//7619 6193//6636 
f 5524//7607 5527//7610 6217//6664 
f 5516//7599 6217//6664 6218//6665 
f 5515//7598 5518//7601 6240//6691 
f 5511//7594 5514//7597 6292//6751 
f 5502//7585 5508//7591 6292//6751 
f 5500//7583 5507//7590 6317//6780 
f 5488//7571 5499//7582 6315//6778 
f 5486//7569 5493//7576 6265//6718 
f 5478//7561 5485//7568 6239//6688 
f 5469//7552 6216//6661 6191//6632 
f 5465//7548 5402//7485 6035//6449 
f 5462//7545 6036//6450 6037//6451 
f 5460//7543 5461//7544 6057//6475 
f 5451//7534 5456//7539 6078//6500 
f 5442//7525 6102//6528 6120//6551 
f 5440//7523 5443//7526 6145//6580 
f 5432//7515 5439//7522 6143//6578 
f 5424//7507 6141//6576 6119//6548 
f 5422//7505 5425//7508 6101//6525 
f 5412//7495 5420//7503 6077//6497 
f 6033//6445 6034//6448 5405//7488 
f 5404//7487 5406//7489 6034//6448 
f 5390//7473 5340//7423 6227//6674 
f 5388//7471 5398//7481 6275//6730 
f 5375//7458 5389//7472 6273//6728 
f 5372//7455 5382//7465 6248//6699 
f 5357//7440 5373//7456 6226//6673 
f 5355//7438 5365//7448 6181//6620 
f 5342//7425 5356//7439 6182//6621 
f 5339//7422 5349//7432 6203//6646 
f 5332//7415 5261//7343 6355//6826 
f 5322//7405 5330//7413 6356//6827 
f 5316//7399 5326//7409 6357//6828 
f 5315//7398 5320//7403 6378//6853 
f 5308//7391 6378//6853 6379//6854 
f 5306//7389 5314//7397 6399//6878 
f 5298//7381 6429//6912 6453//6940 
f 5296//7379 5299//7382 6477//6968 
f 5290//7373 5292//7375 6475//6966 
f 5285//7368 5291//7374 6473//6964 
f 5281//7364 6471//6962 6469//6960 
f 5279//7362 5284//7367 6452//6939 
f 5273//7356 6452//6939 6428//6909 
f 5271//7354 5277//7360 6398//6875 
f 5267//7350 5270//7353 6543//7345 
f 5260//7342 6543//7345 6354//6825 
f 5258//7340 5181//7255 6524//7023 
f 5247//7329 5257//7339 6505//7000 
f 5245//7327 5248//7330 6542//7324 
f 5241//7322 6542//7324 6438//6921 
f 5239//7320 5242//7323 6439//6922 
f 5235//7316 5236//7317 6440//6923 
f 5231//7312 5233//7314 6441//6924 
f 5226//7307 5230//7311 6442//6925 
f 5221//7302 5227//7308 6443//6926 
f 5217//7298 6444//6927 6445//6928 
f 5220//7301 6462//6949 5905//7999 
f 5211//7292 5905//7999 6462//6949 
f 5207//7288 5215//7296 6463//6950 
f 5205//7286 5210//7291 6487//6978 
f 5204//7285 6526//7025 5906//8000 
f 5196//7277 5906//8000 6526//7025 
f 5195//7276 5197//7278 6541//7274 
f 5193//7273 5194//7275 6540//7271 
f 5191//7270 5192//7272 6539//7269 
f 6537//7267 6538//7268 5189//7265 
f 5188//7264 6538//7268 6536//7262 
f 5186//7261 6536//7262 6535//7259 
f 5183//7257 6535//7259 6533//7253 
f 6534//7254 6524//7023 5180//7252 
f 5177//7249 5114//7186 6423//6902 
f 5174//7246 6421//6900 6419//6898 
f 5172//7244 5173//7245 6396//6871 
f 5163//7235 5168//7240 6375//6846 
f 5154//7226 6351//6818 6309//6768 
f 5152//7224 5155//7227 6310//6769 
f 5144//7216 5151//7223 6311//6770 
f 5136//7208 6312//6771 6313//6772 
f 5134//7206 5137//7209 6333//6796 
f 5124//7196 5132//7204 6352//6819 
f 6397//6872 6425//6904 5117//7189 
f 5116//7188 5118//7190 6425//6904 
f 5110//7182 5044//7115 6262//6713 
f 5099//7171 5109//7181 6260//6711 
f 5097//7169 5100//7172 6237//6684 
f 5089//7161 6237//6684 6235//6682 
f 5088//7160 5091//7163 6214//6657 
f 5084//7156 5087//7159 6532//7152 
f 5075//7146 5081//7153 6532//7152 
f 5073//7144 5080//7151 6137//6568 
f 5061//7132 5072//7143 6138//6569 
f 5059//7130 5066//7137 6167//6602 
f 5051//7122 5058//7129 6190//6629 
f 5042//7113 6215//6658 6238//6685 
f 5040//7111 4973//7043 6392//6867 
f 5034//7105 6392//6867 6391//6866 
f 5032//7103 5035//7106 6413//6892 
f 5024//7095 6411//6890 6409//6888 
f 5022//7093 5027//7098 6390//6865 
f 5015//7086 6390//6865 6388//6863 
f 5013//7084 5018//7089 6371//6842 
f 5007//7078 5011//7082 6531//7076 
f 4999//7069 6531//7076 6302//6761 
f 4997//7067 5005//7075 6303//6762 
f 4991//7061 4996//7066 6304//6763 
f 4983//7053 4990//7060 6329//6792 
f 4976//7046 6329//6792 6330//6793 
f 4974//7044 4982//7052 6348//6815 
f 6530//7029 266//8001 273//7034 
f 272//8002 6529//7028 6530//7029 
f 272//8002 6528//7027 6529//7028 
f 272//8002 6527//7026 6528//7027 
f 272//8002 6525//7024 6527//7026 
f 272//8002 6541//7274 6525//7024 
f 272//8002 6540//7271 6541//7274 
f 272//8002 6539//7269 6540//7271 
f 272//8002 6537//7267 6539//7269 
f 272//8002 6538//7268 6537//7267 
f 272//8002 6536//7262 6538//7268 
f 272//8002 6535//7259 6536//7262 
f 272//8002 6533//7253 6535//7259 
f 272//8002 6534//7254 6533//7253 
f 272//8002 6523//7022 6534//7254 
f 272//8002 6522//7021 6523//7022 
f 272//8002 6521//7020 6522//7021 
f 272//8002 6520//7019 6521//7020 
f 272//8002 6519//7018 6520//7019 
f 272//8002 6518//7017 6519//7018 
f 272//8002 6517//7016 6518//7017 
f 272//8002 6516//7015 6517//7016 
f 272//8002 6515//7014 6516//7015 
f 272//8002 6514//7013 6515//7014 
f 272//8002 6513//7012 6514//7013 
f 272//8002 6512//7011 6513//7012 
f 272//8002 6511//7010 6512//7011 
f 272//8002 6510//7007 6511//7010 
f 276//7033 275//7009 6510//7007 
f 267//7030 266//8001 6530//7029 
f 6509//7004 6530//7029 6529//7028 
f 6508//7003 6529//7028 6528//7027 
f 6507//7002 6528//7027 6527//7026 
f 6506//7001 6527//7026 6525//7024 
f 6524//7023 6534//7254 6523//7022 
f 6504//6999 6523//7022 6522//7021 
f 6503//6998 6522//7021 6521//7020 
f 6502//6997 6521//7020 6520//7019 
f 6501//6996 6520//7019 6519//7018 
f 6500//6995 6519//7018 6518//7017 
f 6499//6994 6518//7017 6517//7016 
f 6498//6993 6517//7016 6516//7015 
f 6497//6992 6516//7015 6515//7014 
f 6496//6991 6515//7014 6514//7013 
f 6495//6990 6514//7013 6513//7012 
f 6494//6989 6513//7012 6512//7011 
f 6493//6988 6512//7011 6511//7010 
f 6492//6987 6511//7010 6510//7007 
f 269//7008 268//6986 6491//6984 
f 263//7005 262//7031 6509//7004 
f 6490//6981 6509//7004 6508//7003 
f 6489//6980 6508//7003 6507//7002 
f 6488//6979 6507//7002 6506//7001 
f 6505//7000 6524//7023 6504//6999 
f 6486//6977 6504//6999 6503//6998 
f 6485//6976 6503//6998 6502//6997 
f 6484//6975 6502//6997 6501//6996 
f 6483//6974 6501//6996 6500//6995 
f 6482//6973 6500//6995 6499//6994 
f 6481//6972 6499//6994 6498//6993 
f 6480//6971 6498//6993 6497//6992 
f 6479//6970 6497//6992 6496//6991 
f 6478//6969 6496//6991 6495//6990 
f 6476//6967 6495//6990 6494//6989 
f 6474//6965 6494//6989 6493//6988 
f 6472//6963 6493//6988 6492//6987 
f 6470//6961 6492//6987 6491//6984 
f 265//6985 264//6959 6468//6957 
f 259//6982 258//7006 6490//6981 
f 6467//6954 6490//6981 6489//6980 
f 6466//6953 6489//6980 6488//6979 
f 6465//6952 6488//6979 6487//6978 
f 6461//6948 6505//7000 6486//6977 
f 6460//6947 6486//6977 6485//6976 
f 6459//6946 6485//6976 6484//6975 
f 6458//6945 6484//6975 6483//6974 
f 6457//6944 6483//6974 6482//6973 
f 6456//6943 6482//6973 6481//6972 
f 6455//6942 6481//6972 6480//6971 
f 6454//6941 6480//6971 6479//6970 
f 6453//6940 6479//6970 6478//6969 
f 6477//6968 6478//6969 6476//6967 
f 6475//6966 6476//6967 6474//6965 
f 6473//6964 6474//6965 6472//6963 
f 6471//6962 6472//6963 6470//6961 
f 6469//6960 6470//6961 6468//6957 
f 261//6958 260//6938 6451//6936 
f 255//6955 254//6983 6467//6954 
f 6450//6933 6467//6954 6466//6953 
f 6449//6932 6466//6953 6465//6952 
f 6448//6931 6465//6952 6464//6951 
f 6447//6930 6464//6951 6463//6950 
f 6446//6929 6463//6950 6462//6949 
f 6438//6921 6542//7324 6461//6948 
f 6437//6920 6461//6948 6460//6947 
f 6436//6919 6460//6947 6459//6946 
f 6435//6918 6459//6946 6458//6945 
f 6434//6917 6458//6945 6457//6944 
f 6433//6916 6457//6944 6456//6943 
f 6432//6915 6456//6943 6455//6942 
f 6431//6914 6455//6942 6454//6941 
f 6430//6913 6454//6941 6453//6940 
f 6452//6939 6469//6960 6451//6936 
f 257//6937 256//6911 6428//6909 
f 251//6934 250//6956 6450//6933 
f 6427//6906 6450//6933 6449//6932 
f 6426//6905 6449//6932 6448//6931 
f 6424//6903 6448//6931 6447//6930 
f 6422//6901 6447//6930 6446//6929 
f 6420//6899 6446//6929 6445//6928 
f 6418//6897 6445//6928 6444//6927 
f 6417//6896 6444//6927 6443//6926 
f 6416//6895 6443//6926 6442//6925 
f 6415//6894 6442//6925 6441//6924 
f 6414//6893 6441//6924 6440//6923 
f 6412//6891 6440//6923 6439//6922 
f 6410//6889 6439//6922 6438//6921 
f 6408//6887 6438//6921 6437//6920 
f 6407//6886 6437//6920 6436//6919 
f 6406//6885 6436//6919 6435//6918 
f 6405//6884 6435//6918 6434//6917 
f 6404//6883 6434//6917 6433//6916 
f 6403//6882 6433//6916 6432//6915 
f 6402//6881 6432//6915 6431//6914 
f 6401//6880 6431//6914 6430//6913 
f 6400//6879 6430//6913 6429//6912 
f 253//6910 252//6877 6398//6875 
f 247//6907 246//6935 6427//6906 
f 6397//6872 6427//6906 6426//6905 
f 6425//6904 6426//6905 6424//6903 
f 6423//6902 6424//6903 6422//6901 
f 6421//6900 6422//6901 6420//6899 
f 6419//6898 6420//6899 6418//6897 
f 6395//6870 6418//6897 6417//6896 
f 6394//6869 6417//6896 6416//6895 
f 6393//6868 6416//6895 6415//6894 
f 6391//6866 6415//6894 6414//6893 
f 6413//6892 6414//6893 6412//6891 
f 6411//6890 6412//6891 6410//6889 
f 6409//6888 6410//6889 6408//6887 
f 6389//6864 6408//6887 6407//6886 
f 6387//6862 6407//6886 6406//6885 
f 6386//6861 6406//6885 6405//6884 
f 6385//6860 6405//6884 6404//6883 
f 6384//6859 6404//6883 6403//6882 
f 6383//6858 6403//6882 6402//6881 
f 6382//6857 6402//6881 6401//6880 
f 6381//6856 6401//6880 6400//6879 
f 6380//6855 6400//6879 6399//6878 
f 249//6876 248//6852 6377//6850 
f 243//6873 242//6908 6397//6872 
f 6396//6871 6419//6898 6395//6870 
f 6374//6845 6395//6870 6394//6869 
f 6373//6844 6394//6869 6393//6868 
f 6372//6843 6393//6868 6391//6866 
f 6390//6865 6409//6888 6389//6864 
f 6388//6863 6389//6864 6387//6862 
f 6370//6841 6387//6862 6386//6861 
f 6369//6840 6386//6861 6385//6860 
f 6368//6839 6385//6860 6384//6859 
f 6367//6838 6384//6859 6383//6858 
f 6366//6837 6383//6858 6382//6857 
f 6365//6836 6382//6857 6381//6856 
f 6364//6835 6381//6856 6380//6855 
f 6362//6833 6380//6855 6379//6854 
f 6360//6831 6379//6854 6378//6853 
f 6354//6825 6543//7345 6377//6850 
f 245//6851 244//6824 6353//6822 
f 239//6848 238//6874 6376//6847 
f 6375//6846 6396//6871 6374//6845 
f 6350//6817 6374//6845 6373//6844 
f 6349//6816 6373//6844 6372//6843 
f 6371//6842 6388//6863 6370//6841 
f 6347//6814 6370//6841 6369//6840 
f 6346//6813 6369//6840 6368//6839 
f 6345//6812 6368//6839 6367//6838 
f 6344//6811 6367//6838 6366//6837 
f 6343//6810 6366//6837 6365//6836 
f 6341//6808 6365//6836 6364//6835 
f 6363//6834 6364//6835 6362//6833 
f 6361//6832 6362//6833 6360//6831 
f 6359//6830 6360//6831 6358//6829 
f 6339//6806 6358//6829 6357//6828 
f 6338//6805 6357//6828 6356//6827 
f 6337//6804 6356//6827 6355//6826 
f 6336//6803 6355//6826 6354//6825 
f 6335//6802 6354//6825 6353//6822 
f 241//6823 240//6801 6334//6799 
f 235//6820 234//6849 6352//6819 
f 6351//6818 6375//6846 6350//6817 
f 6332//6795 6350//6817 6349//6816 
f 6331//6794 6349//6816 6348//6815 
f 6328//6791 6371//6842 6347//6814 
f 6327//6790 6347//6814 6346//6813 
f 6326//6789 6346//6813 6345//6812 
f 6325//6788 6345//6812 6344//6811 
f 6324//6787 6344//6811 6343//6810 
f 6323//6786 6343//6810 6341//6808 
f 6340//6807 6359//6830 6339//6806 
f 6321//6784 6339//6806 6338//6805 
f 6320//6783 6338//6805 6337//6804 
f 6319//6782 6337//6804 6336//6803 
f 6318//6781 6336//6803 6335//6802 
f 6316//6779 6335//6802 6334//6799 
f 237//6800 236//6777 6314//6775 
f 231//6797 230//6821 6333//6796 
f 6309//6768 6351//6818 6332//6795 
f 6308//6767 6332//6795 6331//6794 
f 6307//6766 6331//6794 6330//6793 
f 6306//6765 6330//6793 6329//6792 
f 6302//6761 6531//7076 6328//6791 
f 6301//6760 6328//6791 6327//6790 
f 6300//6759 6327//6790 6326//6789 
f 6299//6758 6326//6789 6325//6788 
f 6298//6757 6325//6788 6324//6787 
f 6297//6756 6324//6787 6323//6786 
f 6322//6785 6340//6807 6321//6784 
f 6294//6753 6321//6784 6320//6783 
f 6293//6752 6320//6783 6319//6782 
f 6291//6750 6319//6782 6318//6781 
f 6317//6780 6318//6781 6316//6779 
f 6315//6778 6316//6779 6314//6775 
f 233//6776 232//6749 6290//6747 
f 227//6773 226//6798 6313//6772 
f 6289//6744 6313//6772 6312//6771 
f 6288//6743 6312//6771 6311//6770 
f 6287//6742 6311//6770 6310//6769 
f 6286//6741 6310//6769 6309//6768 
f 6285//6740 6309//6768 6308//6767 
f 6284//6739 6308//6767 6307//6766 
f 6283//6738 6307//6766 6306//6765 
f 6282//6737 6306//6765 6305//6764 
f 6281//6736 6305//6764 6304//6763 
f 6280//6735 6304//6763 6303//6762 
f 6279//6734 6303//6762 6302//6761 
f 6278//6733 6302//6761 6301//6760 
f 6277//6732 6301//6760 6300//6759 
f 6276//6731 6300//6759 6299//6758 
f 6274//6729 6299//6758 6298//6757 
f 6272//6727 6298//6757 6297//6756 
f 6270//6725 6297//6756 6296//6755 
f 6295//6754 6322//6785 6294//6753 
f 6267//6722 6294//6753 6293//6752 
f 6266//6721 6293//6752 6291//6750 
f 229//6748 228//6720 6265//6718 
f 223//6745 222//6774 6289//6744 
f 6264//6715 6289//6744 6288//6743 
f 6263//6714 6288//6743 6287//6742 
f 6261//6712 6287//6742 6286//6741 
f 6259//6710 6286//6741 6285//6740 
f 6257//6708 6285//6740 6284//6739 
f 6256//6707 6284//6739 6283//6738 
f 6255//6706 6283//6738 6282//6737 
f 6254//6705 6282//6737 6281//6736 
f 6253//6704 6281//6736 6280//6735 
f 6252//6703 6280//6735 6279//6734 
f 6251//6702 6279//6734 6278//6733 
f 6250//6701 6278//6733 6277//6732 
f 6249//6700 6277//6732 6276//6731 
f 6275//6730 6276//6731 6274//6729 
f 6273//6728 6274//6729 6272//6727 
f 6271//6726 6272//6727 6270//6725 
f 6247//6698 6270//6725 6269//6724 
f 6246//6697 6269//6724 6268//6723 
f 6242//6693 6295//6754 6267//6722 
f 6241//6692 6267//6722 6266//6721 
f 225//6719 224//6690 6239//6688 
f 219//6716 218//6746 6264//6715 
f 6238//6685 6264//6715 6263//6714 
f 6262//6713 6263//6714 6261//6712 
f 6260//6711 6261//6712 6259//6710 
f 6258//6709 6259//6710 6257//6708 
f 6236//6683 6257//6708 6256//6707 
f 6234//6681 6256//6707 6255//6706 
f 6233//6680 6255//6706 6254//6705 
f 6232//6679 6254//6705 6253//6704 
f 6231//6678 6253//6704 6252//6703 
f 6230//6677 6252//6703 6251//6702 
f 6229//6676 6251//6702 6250//6701 
f 6228//6675 6250//6701 6249//6700 
f 6248//6699 6271//6726 6247//6698 
f 6225//6672 6247//6698 6246//6697 
f 6224//6671 6246//6697 6245//6696 
f 6223//6670 6245//6696 6244//6695 
f 6222//6669 6244//6695 6243//6694 
f 6221//6668 6243//6694 6242//6693 
f 6220//6667 6242//6693 6241//6692 
f 6219//6666 6241//6692 6240//6691 
f 221//6689 220//6663 6216//6661 
f 215//6686 214//6717 6238//6685 
f 6237//6684 6258//6709 6236//6683 
f 6235//6682 6236//6683 6234//6681 
f 6213//6656 6234//6681 6233//6680 
f 6212//6655 6233//6680 6232//6679 
f 6211//6654 6232//6679 6231//6678 
f 6209//6652 6231//6678 6230//6677 
f 6207//6650 6230//6677 6229//6676 
f 6205//6648 6229//6676 6228//6675 
f 6204//6647 6228//6675 6227//6674 
f 6226//6673 6248//6699 6225//6672 
f 6202//6645 6225//6672 6224//6671 
f 6201//6644 6224//6671 6223//6670 
f 6200//6643 6223//6670 6222//6669 
f 6199//6642 6222//6669 6221//6668 
f 6198//6641 6221//6668 6220//6667 
f 6197//6640 6220//6667 6219//6666 
f 6196//6639 6219//6666 6218//6665 
f 6195//6638 6218//6665 6217//6664 
f 217//6662 216//6634 6191//6632 
f 211//6659 210//6687 6215//6658 
f 6214//6657 6235//6682 6213//6656 
f 6189//6628 6213//6656 6212//6655 
f 6188//6627 6212//6655 6211//6654 
f 6210//6653 6211//6654 6209//6652 
f 6208//6651 6209//6652 6207//6650 
f 6206//6649 6207//6650 6205//6648 
f 6186//6625 6205//6648 6204//6647 
f 6184//6623 6204//6647 6203//6646 
f 6180//6619 6226//6673 6202//6645 
f 6179//6618 6202//6645 6201//6644 
f 6178//6617 6201//6644 6200//6643 
f 6177//6616 6200//6643 6199//6642 
f 6176//6615 6199//6642 6198//6641 
f 6175//6614 6198//6641 6197//6640 
f 6174//6613 6197//6640 6196//6639 
f 6173//6612 6196//6639 6195//6638 
f 6172//6611 6195//6638 6194//6637 
f 6171//6610 6194//6637 6193//6636 
f 6170//6609 6193//6636 6192//6635 
f 6169//6608 6192//6635 6191//6632 
f 213//6633 212//6607 6168//6605 
f 207//6630 206//6660 6190//6629 
f 6166//6601 6214//6657 6189//6628 
f 6165//6600 6189//6628 6188//6627 
f 6187//6626 6206//6649 6186//6625 
f 6185//6624 6186//6625 6184//6623 
f 6162//6597 6184//6623 6183//6622 
f 6161//6596 6183//6622 6182//6621 
f 6160//6595 6182//6621 6181//6620 
f 6159//6594 6181//6620 6180//6619 
f 6158//6593 6180//6619 6179//6618 
f 6157//6592 6179//6618 6178//6617 
f 6156//6591 6178//6617 6177//6616 
f 6154//6589 6177//6616 6176//6615 
f 6152//6587 6176//6615 6175//6614 
f 6150//6585 6175//6614 6174//6613 
f 6149//6584 6174//6613 6173//6612 
f 6148//6583 6173//6612 6172//6611 
f 6147//6582 6172//6611 6171//6610 
f 6146//6581 6171//6610 6170//6609 
f 6144//6579 6170//6609 6169//6608 
f 6142//6577 6169//6608 6168//6605 
f 209//6606 208//6575 6140//6573 
f 203//6603 202//6631 6167//6602 
f 6136//6567 6532//7152 6166//6601 
f 6135//6566 6166//6601 6165//6600 
f 6134//6565 6165//6600 6164//6599 
f 6163//6598 6185//6624 6162//6597 
f 6132//6563 6162//6597 6161//6596 
f 6131//6562 6161//6596 6160//6595 
f 6130//6561 6160//6595 6159//6594 
f 6129//6560 6159//6594 6158//6593 
f 6128//6559 6158//6593 6157//6592 
f 6126//6557 6157//6592 6156//6591 
f 6155//6590 6156//6591 6154//6589 
f 6153//6588 6154//6589 6152//6587 
f 6151//6586 6152//6587 6150//6585 
f 6124//6555 6150//6585 6149//6584 
f 6122//6553 6149//6584 6148//6583 
f 6121//6552 6148//6583 6147//6582 
f 6120//6551 6147//6582 6146//6581 
f 6145//6580 6146//6581 6144//6579 
f 6143//6578 6144//6579 6142//6577 
f 6141//6576 6142//6577 6140//6573 
f 204//6550 6119//6548 6140//6573 
f 199//6571 198//6604 6139//6570 
f 6118//6544 6139//6570 6138//6569 
f 6117//6543 6138//6569 6137//6568 
f 6116//6542 6137//6568 6136//6567 
f 6115//6541 6136//6567 6135//6566 
f 6114//6540 6135//6566 6134//6565 
f 6113//6539 6134//6565 6133//6564 
f 6111//6537 6163//6598 6132//6563 
f 6110//6536 6132//6563 6131//6562 
f 6109//6535 6131//6562 6130//6561 
f 6108//6534 6130//6561 6129//6560 
f 6107//6533 6129//6560 6128//6559 
f 6106//6532 6128//6559 6126//6557 
f 6125//6556 6151//6586 6124//6555 
f 6123//6554 6124//6555 6122//6553 
f 6104//6530 6122//6553 6121//6552 
f 6103//6529 6121//6552 6120//6551 
f 200//6527 6101//6525 6119//6548 
f 193//6545 195//6572 6118//6544 
f 6100//6522 6118//6544 6117//6543 
f 6099//6521 6117//6543 6116//6542 
f 6098//6520 6116//6542 6115//6541 
f 6096//6518 6115//6541 6114//6540 
f 6094//6516 6114//6540 6113//6539 
f 6092//6514 6113//6539 6112//6538 
f 6087//6509 6554//7911 6111//6537 
f 6086//6508 6111//6537 6110//6536 
f 6085//6507 6110//6536 6109//6535 
f 6084//6506 6109//6535 6108//6534 
f 6083//6505 6108//6534 6107//6533 
f 6082//6504 6107//6533 6106//6532 
f 6105//6531 6123//6554 6104//6530 
f 6080//6502 6104//6530 6103//6529 
f 6079//6501 6103//6529 6102//6528 
f 196//6499 6077//6497 6101//6525 
f 190//6523 189//6546 6100//6522 
f 6076//6494 6100//6522 6099//6521 
f 6074//6492 6099//6521 6098//6520 
f 6097//6519 6098//6520 6096//6518 
f 6095//6517 6096//6518 6094//6516 
f 6093//6515 6094//6516 6092//6514 
f 6091//6513 6092//6514 6090//6512 
f 6072//6490 6090//6512 6089//6511 
f 6070//6488 6089//6511 6088//6510 
f 6069//6487 6088//6510 6087//6509 
f 6068//6486 6087//6509 6086//6508 
f 6067//6485 6086//6508 6085//6507 
f 6066//6484 6085//6507 6084//6506 
f 6065//6483 6084//6506 6083//6505 
f 6064//6482 6083//6505 6082//6504 
f 6063//6481 6082//6504 6081//6503 
f 6060//6478 6105//6531 6080//6502 
f 6059//6477 6080//6502 6079//6501 
f 6058//6476 6079//6501 6078//6500 
f 191//6474 6056//6472 6077//6497 
f 186//6495 185//6524 6076//6494 
f 6055//6469 6076//6494 6074//6492 
f 6073//6491 6091//6513 6072//6490 
f 6071//6489 6072//6490 6070//6488 
f 6053//6467 6070//6488 6069//6487 
f 6052//6466 6069//6487 6068//6486 
f 6051//6465 6068//6486 6067//6485 
f 6050//6464 6067//6485 6066//6484 
f 6049//6463 6066//6484 6065//6483 
f 6048//6462 6065//6483 6064//6482 
f 6047//6461 6064//6482 6063//6481 
f 6046//6460 6063//6481 6062//6480 
f 6045//6459 6062//6480 6061//6479 
f 6041//6455 6553//7817 6060//6478 
f 6040//6454 6060//6478 6059//6477 
f 6039//6453 6059//6477 6058//6476 
f 6038//6452 6058//6476 6057//6475 
f 187//6447 6033//6445 6056//6472 
f 182//6470 181//6496 6055//6469 
f 6054//6468 6071//6489 6053//6467 
f 6030//6440 6053//6467 6052//6466 
f 6029//6439 6052//6466 6051//6465 
f 6028//6438 6051//6465 6050//6464 
f 6027//6437 6050//6464 6049//6463 
f 6026//6436 6049//6463 6048//6462 
f 6025//6435 6048//6462 6047//6461 
f 6024//6434 6047//6461 6046//6460 
f 6023//6433 6046//6460 6045//6459 
f 6022//6432 6045//6459 6044//6458 
f 6021//6431 6044//6458 6043//6457 
f 6019//6429 6043//6457 6042//6456 
f 6017//6427 6042//6456 6041//6455 
f 6015//6425 6041//6455 6040//6454 
f 6013//6423 6040//6454 6039//6453 
f 6011//6421 6039//6453 6038//6452 
f 6009//6419 6038//6452 6037//6451 
f 6007//6417 6037//6451 6036//6450 
f 6006//6416 6036//6450 6035//6449 
f 6005//6415 6035//6449 6034//6448 
f 6004//6414 6034//6448 6033//6445 
f 183//6413 6003//6411 6033//6445 
f 178//6443 177//6471 6032//6442 
f 6031//6441 6054//6468 6030//6440 
f 6000//6406 6030//6440 6029//6439 
f 5999//6405 6029//6439 6028//6438 
f 5998//6404 6028//6438 6027//6437 
f 5997//6403 6027//6437 6026//6436 
f 5996//6402 6026//6436 6025//6435 
f 5995//6401 6025//6435 6024//6434 
f 5994//6400 6024//6434 6023//6433 
f 5993//6399 6023//6433 6022//6432 
f 5991//6397 6022//6432 6021//6431 
f 6020//6430 6021//6431 6019//6429 
f 6018//6428 6019//6429 6017//6427 
f 6016//6426 6017//6427 6015//6425 
f 6014//6424 6015//6425 6013//6423 
f 6012//6422 6013//6423 6011//6421 
f 6010//6420 6011//6421 6009//6419 
f 6008//6418 6009//6419 6007//6417 
f 5989//6395 6007//6417 6006//6416 
f 5987//6393 6006//6416 6005//6415 
f 5985//6391 6005//6415 6004//6414 
f 5984//6390 6004//6414 6003//6411 
f 179//6389 5983//6387 6003//6411 
f 174//6409 173//6444 6002//6408 
f 5982//6384 6002//6408 6001//6407 
f 5976//6378 6031//6441 6000//6406 
f 5975//6377 6000//6406 5999//6405 
f 5974//6376 5999//6405 5998//6404 
f 5973//6375 5998//6404 5997//6403 
f 5972//6374 5997//6403 5996//6402 
f 5971//6373 5996//6402 5995//6401 
f 5970//6372 5995//6401 5994//6400 
f 5969//6371 5994//6400 5993//6399 
f 5968//6370 5993//6399 5991//6397 
f 5990//6396 6008//6418 5989//6395 
f 5988//6394 5989//6395 5987//6393 
f 5986//6392 5987//6393 5985//6391 
f 5966//6368 5985//6391 5984//6390 
f 5965//6367 5984//6390 5983//6387 
f 175//6366 5964//6364 5983//6387 
f 170//6385 169//6410 5982//6384 
f 5963//6361 5982//6384 5981//6383 
f 5962//6360 5981//6383 5980//6382 
f 5961//6359 5980//6382 5979//6381 
f 5960//6358 5979//6381 5978//6380 
f 5959//6357 5978//6380 5977//6379 
f 5958//6356 5977//6379 5976//6378 
f 5957//6355 5976//6378 5975//6377 
f 5956//6354 5975//6377 5974//6376 
f 5955//6353 5974//6376 5973//6375 
f 5954//6352 5973//6375 5972//6374 
f 5953//6351 5972//6374 5971//6373 
f 5952//6350 5971//6373 5970//6372 
f 5951//6349 5970//6372 5969//6371 
f 5950//6348 5969//6371 5968//6370 
f 5967//6369 5986//6392 5966//6368 
f 5948//6346 5966//6368 5965//6367 
f 5947//6345 5965//6367 5964//6364 
f 171//6344 5946//6342 5964//6364 
f 166//6362 165//6386 5963//6361 
f 5945//6339 5963//6361 5962//6360 
f 5944//6338 5962//6360 5961//6359 
f 5942//6336 5961//6359 5960//6358 
f 5940//6334 5960//6358 5959//6357 
f 5938//6332 5959//6357 5958//6356 
f 5936//6330 5958//6356 5957//6355 
f 5934//6328 5957//6355 5956//6354 
f 5932//6326 5956//6354 5955//6353 
f 5930//6324 5955//6353 5954//6352 
f 5928//6322 5954//6352 5953//6351 
f 5926//6320 5953//6351 5952//6350 
f 5924//6318 5952//6350 5951//6349 
f 5922//6316 5951//6349 5950//6348 
f 5920//6314 5950//6348 5949//6347 
f 5915//6309 5967//6369 5948//6346 
f 5913//6307 5948//6346 5947//6345 
f 5911//6305 5947//6345 5946//6342 
f 167//6303 5909//6301 5946//6342 
f 162//6340 161//6363 5945//6339 
f 5908//6298 5945//6339 5944//6338 
f 5943//6337 5944//6338 5942//6336 
f 5941//6335 5942//6336 5940//6334 
f 5939//6333 5940//6334 5938//6332 
f 5937//6331 5938//6332 5936//6330 
f 5935//6329 5936//6330 5934//6328 
f 5933//6327 5934//6328 5932//6326 
f 5931//6325 5932//6326 5930//6324 
f 5929//6323 5930//6324 5928//6322 
f 5927//6321 5928//6322 5926//6320 
f 5925//6319 5926//6320 5924//6318 
f 5923//6317 5924//6318 5922//6316 
f 5921//6315 5922//6316 5920//6314 
f 5919//6313 5920//6314 5917//6311 
f 5916//6310 6552//7719 5915//6309 
f 5914//6308 5915//6309 5913//6307 
f 5912//6306 5913//6307 5911//6305 
f 5910//6304 5911//6305 5909//6301 
f 164//6302 163//8003 5907//6291 
f 154//6300 153//6341 5908//6298 
f 5908//6298 5943//6337 155//8004 
f 5943//6337 5941//6335 155//8004 
f 5941//6335 5939//6333 155//8004 
f 5939//6333 5937//6331 155//8004 
f 5937//6331 5935//6329 155//8004 
f 5935//6329 5933//6327 155//8004 
f 5933//6327 5931//6325 155//8004 
f 5931//6325 5929//6323 155//8004 
f 5929//6323 5927//6321 155//8004 
f 5927//6321 5925//6319 155//8004 
f 5925//6319 5923//6317 155//8004 
f 5923//6317 5921//6315 155//8004 
f 5921//6315 5919//6313 155//8004 
f 5919//6313 5918//6312 155//8004 
f 5918//6312 6544//7696 155//8004 
f 6544//7696 6545//7701 155//8004 
f 6545//7701 6546//7704 155//8004 
f 6546//7704 6548//7710 155//8004 
f 6548//7710 6547//7709 155//8004 
f 6547//7709 6549//7711 155//8004 
f 6549//7711 6550//7713 155//8004 
f 6550//7713 6551//7716 155//8004 
f 6551//7716 5916//6310 155//8004 
f 5916//6310 5914//6308 155//8004 
f 5914//6308 5912//6306 155//8004 
f 5912//6306 5910//6304 155//8004 
f 5910//6304 5907//6291 155//8004 
f 5907//6291 163//8003 160//6295 
o mesh16
f 3320//8005 3318//8006 5463//8006 
f 3321//8007 3320//8005 5464//8008 
f 3322//8009 3321//8007 5466//8010 
f 3255//8011 5462//8012 5461//8013 
f 3255//8011 5467//8014 5462//8012 
f 5461//8013 3253//8015 3255//8011 
f 5461//8013 5460//8015 3253//8015 
f 5459//8016 3261//8016 3254//8017 
f 3254//8017 5460//8015 5459//8016 
f 3260//8018 3261//8016 5459//8016 
f 3259//8019 3260//8018 5458//8018 
f 3258//8020 3259//8019 5457//8019 
f 3256//8021 3258//8020 5455//8020 
f 3257//8022 3256//8021 5454//8021 
f 3262//8023 3257//8022 5453//8022 
f 5451//8024 3265//8024 3267//8025 
f 3267//8025 5456//8026 5451//8024 
f 3263//8027 3265//8024 5451//8024 
f 3264//8028 3263//8027 5448//8027 
f 3266//8029 3264//8028 5447//8028 
f 3268//8030 3266//8029 5449//8029 
f 3269//8031 3268//8030 5450//8030 
f 5452//8031 5442//8032 3275//8033 
f 3274//8034 3275//8033 5442//8032 
f 5442//8032 5441//8034 3274//8034 
f 3273//8035 3274//8034 5441//8034 
f 3272//8036 3273//8035 5446//8035 
f 3270//8037 3272//8036 5445//8036 
f 3270//8037 5444//8037 5443//8038 
f 5440//8039 3280//8039 3271//8040 
f 3271//8040 5443//8038 5440//8039 
f 3279//8041 3280//8039 5440//8039 
f 3277//8042 3279//8041 5438//8041 
f 3276//8043 3277//8042 5437//8042 
f 3278//8044 3276//8043 5435//8043 
f 3281//8045 3278//8044 5434//8044 
f 5436//8045 5439//8046 3286//8047 
f 3284//8048 3286//8047 5439//8046 
f 5439//8046 5432//8048 3284//8048 
f 3282//8049 3284//8048 5432//8048 
f 3283//8050 3282//8049 5429//8049 
f 3285//8051 3283//8050 5428//8050 
f 3287//8052 3285//8051 5430//8051 
f 3288//8053 3287//8052 5431//8052 
f 3291//8054 3290//8055 5424//8056 
f 3290//8055 5433//8057 5424//8056 
f 5424//8056 5423//8058 3291//8054 
f 3292//8059 3291//8054 5423//8058 
f 3293//8060 3292//8059 5427//8059 
f 3293//8060 5426//8060 5425//8061 
f 5425//8061 3289//8062 3293//8060 
f 5421//8063 3298//8063 3300//8064 
f 3300//8064 5422//8065 5421//8063 
f 3297//8066 3298//8063 5421//8063 
f 3296//8067 3297//8066 5419//8066 
f 3294//8068 3296//8067 5417//8067 
f 3295//8069 3294//8068 5416//8068 
f 3299//8070 3295//8069 5415//8069 
f 5418//8070 5420//8071 3306//8072 
f 3304//8073 3306//8072 5420//8071 
f 5420//8071 5412//8073 3304//8073 
f 3303//8074 3304//8073 5412//8073 
f 3301//8075 3303//8074 5408//8074 
f 3302//8076 3301//8075 5407//8075 
f 3305//8077 3302//8076 5409//8076 
f 3307//8078 3305//8077 5410//8077 
f 3308//8079 3307//8078 5411//8078 
f 5414//8080 3309//8080 3311//8081 
f 3311//8081 5413//8082 5414//8080 
f 3309//8080 5405//8083 5406//8084 
f 3309//8080 5414//8080 5405//8083 
f 5404//8085 3316//8085 3310//8086 
f 3310//8086 5406//8084 5404//8085 
f 3314//8087 3316//8085 5404//8085 
f 3312//8088 3314//8087 5403//8087 
f 3313//8089 3312//8088 5401//8088 
f 3315//8090 3313//8089 5399//8089 
f 3315//8090 5400//8090 5402//8091 
f 5465//8092 3317//8092 3319//8093 
f 3319//8093 5402//8091 5465//8092 
f 3318//8006 3317//8092 5465//8092 
f 5465//8092 5463//8006 3318//8006 
f 5402//8091 3319//8093 3315//8090 
f 5399//8089 5400//8090 3315//8090 
f 5401//8088 5399//8089 3313//8089 
f 5403//8087 5401//8088 3312//8088 
f 5404//8085 5403//8087 3314//8087 
f 5406//8084 3310//8086 3309//8080 
f 3311//8081 3308//8079 5413//8082 
f 5411//8078 5413//8082 3308//8079 
f 5410//8077 5411//8078 3307//8078 
f 5409//8076 5410//8077 3305//8077 
f 5407//8075 5409//8076 3302//8076 
f 5408//8074 5407//8075 3301//8075 
f 5412//8073 5408//8074 3303//8074 
f 3306//8072 3299//8070 5418//8070 
f 5415//8069 5418//8070 3299//8070 
f 5416//8068 5415//8069 3295//8069 
f 5417//8067 5416//8068 3294//8068 
f 5419//8066 5417//8067 3296//8067 
f 5421//8063 5419//8066 3297//8066 
f 3300//8064 3289//8062 5422//8065 
f 5425//8061 5422//8065 3289//8062 
f 5427//8059 5426//8060 3293//8060 
f 5423//8058 5427//8059 3292//8059 
f 3290//8055 3288//8053 5433//8057 
f 5431//8052 5433//8057 3288//8053 
f 5430//8051 5431//8052 3287//8052 
f 5428//8050 5430//8051 3285//8051 
f 5429//8049 5428//8050 3283//8050 
f 5432//8048 5429//8049 3282//8049 
f 3286//8047 3281//8045 5436//8045 
f 5434//8044 5436//8045 3281//8045 
f 5435//8043 5434//8044 3278//8044 
f 5437//8042 5435//8043 3276//8043 
f 5438//8041 5437//8042 3277//8042 
f 5440//8039 5438//8041 3279//8041 
f 5443//8038 3271//8040 3270//8037 
f 5445//8036 5444//8037 3270//8037 
f 5446//8035 5445//8036 3272//8036 
f 5441//8034 5446//8035 3273//8035 
f 3275//8033 3269//8031 5452//8031 
f 5450//8030 5452//8031 3269//8031 
f 5449//8029 5450//8030 3268//8030 
f 5447//8028 5449//8029 3266//8029 
f 5448//8027 5447//8028 3264//8028 
f 5451//8024 5448//8027 3263//8027 
f 3267//8025 3262//8023 5456//8026 
f 5453//8022 5456//8026 3262//8023 
f 5454//8021 5453//8022 3257//8022 
f 5455//8020 5454//8021 3256//8021 
f 5457//8019 5455//8020 3258//8020 
f 5458//8018 5457//8019 3259//8019 
f 5459//8016 5458//8018 3260//8018 
f 3254//8017 3253//8015 5460//8015 
f 3255//8011 3322//8009 5467//8014 
f 5466//8010 5467//8014 3322//8009 
f 5464//8008 5466//8010 3321//8007 
f 5463//8006 5464//8008 3320//8005 
o mesh17
f 3390//8094 3388//8095 5531//8095 
f 3392//8096 3390//8094 5530//8097 
f 3394//8098 3392//8096 5532//8099 
f 5534//8098 5536//8100 3325//8101 
f 3326//8102 3325//8101 5536//8100 
f 5536//8100 5526//8102 3326//8102 
f 3327//8103 3326//8102 5526//8102 
f 3328//8104 3327//8103 5529//8103 
f 3328//8104 5528//8104 5527//8105 
f 5527//8105 3323//8106 3328//8104 
f 5521//8107 3329//8107 3324//8108 
f 3324//8108 5524//8109 5521//8107 
f 3330//8110 3329//8107 5521//8107 
f 3331//8111 3330//8110 5520//8110 
f 3332//8112 3331//8111 5519//8111 
f 5522//8112 5523//8113 3335//8114 
f 5523//8113 3333//8113 3335//8114 
f 3334//8115 3333//8113 5523//8113 
f 3336//8116 3334//8115 5516//8117 
f 3334//8115 5525//8118 5516//8117 
f 3336//8116 5517//8119 5518//8120 
f 5515//8121 3341//8121 3342//8122 
f 3342//8122 5518//8120 5515//8121 
f 3339//8123 3341//8121 5515//8121 
f 3340//8124 3339//8123 5513//8123 
f 3337//8125 3340//8124 5514//8126 
f 3340//8124 5512//8127 5514//8126 
f 5511//8128 5510//8129 3338//8130 
f 5510//8129 3343//8129 3338//8130 
f 3344//8131 3343//8129 5510//8129 
f 5509//8131 5508//8132 3351//8133 
f 3350//8134 3351//8133 5508//8132 
f 5508//8132 5502//8134 3350//8134 
f 3349//8135 3350//8134 5502//8134 
f 3348//8136 3349//8135 5501//8135 
f 3346//8137 3348//8136 5506//8136 
f 3347//8138 3346//8137 5505//8137 
f 3345//8139 3347//8138 5504//8138 
f 3345//8139 5503//8139 5507//8140 
f 5507//8140 3358//8141 3345//8139 
f 5500//8142 3356//8142 3358//8141 
f 3354//8143 3356//8142 5500//8142 
f 3352//8144 3354//8143 5498//8143 
f 3353//8145 3352//8144 5496//8144 
f 3355//8146 3353//8145 5494//8145 
f 3357//8147 3355//8146 5495//8146 
f 5497//8147 5499//8148 3363//8149 
f 3360//8150 3363//8149 5499//8148 
f 5499//8148 5488//8150 3360//8150 
f 3361//8151 3360//8150 5488//8150 
f 3362//8152 3361//8151 5487//8151 
f 3364//8153 3362//8152 5489//8152 
f 3365//8154 3364//8153 5490//8153 
f 3359//8155 3365//8154 5491//8154 
f 3359//8155 5492//8155 5493//8156 
f 5486//8157 3367//8157 3366//8158 
f 3366//8158 5493//8156 5486//8157 
f 3368//8159 3367//8157 5486//8157 
f 3369//8160 3368//8159 5484//8159 
f 3370//8161 3369//8160 5482//8160 
f 5480//8162 3374//8162 3373//8163 
f 3373//8163 5481//8164 5480//8162 
f 3371//8165 3374//8162 5480//8162 
f 5485//8166 3381//8167 3372//8168 
f 3380//8169 3381//8167 5485//8166 
f 5485//8166 5478//8169 3380//8169 
f 3372//8168 5483//8170 5485//8166 
f 3379//8171 3380//8169 5478//8169 
f 3378//8172 3379//8171 5472//8171 
f 3377//8173 3378//8172 5476//8172 
f 3375//8174 3377//8173 5475//8173 
f 3376//8175 3375//8174 5474//8174 
f 3382//8176 3376//8175 5473//8175 
f 5477//8176 5479//8177 3387//8178 
f 5479//8177 3386//8177 3387//8178 
f 3385//8179 3386//8177 5469//8180 
f 3386//8177 5479//8177 5469//8180 
f 3383//8181 3385//8179 5468//8182 
f 3383//8181 5470//8181 5471//8183 
f 5471//8183 3384//8184 3383//8181 
f 5535//8185 3391//8185 3393//8186 
f 3393//8186 5537//8187 5535//8185 
f 3389//8188 3391//8185 5535//8185 
f 3388//8095 3389//8188 5533//8188 
f 5533//8188 5531//8095 3388//8095 
f 5535//8185 5533//8188 3389//8188 
f 3393//8186 3384//8184 5537//8187 
f 5471//8183 5537//8187 3384//8184 
f 5468//8182 5470//8181 3383//8181 
f 5469//8180 5468//8182 3385//8179 
f 3387//8178 3382//8176 5477//8176 
f 5473//8175 5477//8176 3382//8176 
f 5474//8174 5473//8175 3376//8175 
f 5475//8173 5474//8174 3375//8174 
f 5476//8172 5475//8173 3377//8173 
f 5472//8171 5476//8172 3378//8172 
f 5478//8169 5472//8171 3379//8171 
f 3372//8168 3371//8165 5483//8170 
f 5480//8162 5483//8170 3371//8165 
f 3373//8163 3370//8161 5481//8164 
f 5482//8160 5481//8164 3370//8161 
f 5484//8159 5482//8160 3369//8160 
f 5486//8157 5484//8159 3368//8159 
f 5493//8156 3366//8158 3359//8155 
f 5491//8154 5492//8155 3359//8155 
f 5490//8153 5491//8154 3365//8154 
f 5489//8152 5490//8153 3364//8153 
f 5487//8151 5489//8152 3362//8152 
f 5488//8150 5487//8151 3361//8151 
f 3363//8149 3357//8147 5497//8147 
f 5495//8146 5497//8147 3357//8147 
f 5494//8145 5495//8146 3355//8146 
f 5496//8144 5494//8145 3353//8145 
f 5498//8143 5496//8144 3352//8144 
f 5500//8142 5498//8143 3354//8143 
f 5507//8140 5500//8142 3358//8141 
f 5504//8138 5503//8139 3345//8139 
f 5505//8137 5504//8138 3347//8138 
f 5506//8136 5505//8137 3346//8137 
f 5501//8135 5506//8136 3348//8136 
f 5502//8134 5501//8135 3349//8135 
f 3351//8133 3344//8131 5509//8131 
f 5510//8129 5509//8131 3344//8131 
f 3338//8130 3337//8125 5511//8128 
f 5514//8126 5511//8128 3337//8125 
f 5513//8123 5512//8127 3340//8124 
f 5515//8121 5513//8123 3339//8123 
f 5518//8120 3342//8122 3336//8116 
f 5516//8117 5517//8119 3336//8116 
f 5523//8113 5525//8118 3334//8115 
f 3335//8114 3332//8112 5522//8112 
f 5519//8111 5522//8112 3332//8112 
f 5520//8110 5519//8111 3331//8111 
f 5521//8107 5520//8110 3330//8110 
f 3324//8108 3323//8106 5524//8109 
f 5527//8105 5524//8109 3323//8106 
f 5529//8103 5528//8104 3328//8104 
f 5526//8102 5529//8103 3327//8103 
f 3325//8101 3394//8098 5534//8098 
f 5532//8099 5534//8098 3394//8098 
f 5530//8097 5532//8099 3392//8096 
f 5531//8095 5530//8097 3390//8094 
o mesh18
f 3178//8189 3179//8190 5329//8190 
f 3181//8191 3178//8189 5328//8192 
f 3181//8191 5327//8191 5330//8193 
f 5322//8194 3111//8194 3113//8195 
f 3113//8195 5330//8193 5322//8194 
f 3110//8196 3111//8194 5322//8194 
f 3112//8197 3110//8196 5321//8196 
f 3114//8198 3112//8197 5323//8197 
f 5324//8198 5325//8199 3118//8200 
f 5325//8199 3115//8199 3118//8200 
f 3115//8199 5325//8199 5326//8201 
f 5326//8201 3116//8202 3115//8199 
f 3117//8203 3116//8202 5316//8202 
f 3119//8204 3117//8203 5317//8203 
f 3120//8205 3119//8204 5318//8204 
f 3120//8205 5319//8205 5320//8206 
f 5320//8206 3123//8207 3120//8205 
f 5315//8208 3121//8208 3123//8207 
f 5315//8208 5308//8209 3122//8210 
f 3129//8211 3122//8210 5308//8209 
f 5308//8209 5307//8211 3129//8211 
f 3128//8212 3129//8211 5307//8211 
f 3127//8213 3128//8212 5313//8212 
f 3126//8214 3127//8213 5312//8213 
f 3124//8215 3126//8214 5311//8214 
f 3125//8216 3124//8215 5310//8215 
f 3125//8216 5309//8216 5314//8217 
f 5314//8217 3134//8218 3125//8216 
f 3132//8219 3134//8218 5306//8218 
f 3130//8220 3132//8219 5304//8219 
f 3131//8221 3130//8220 5301//8220 
f 3133//8222 3131//8221 5300//8221 
f 3135//8223 3133//8222 5302//8222 
f 3136//8224 3135//8223 5303//8223 
f 5305//8224 5298//8225 3139//8226 
f 3137//8227 3139//8226 5298//8225 
f 5298//8225 5297//8227 3137//8227 
f 3138//8228 3137//8227 5299//8229 
f 3137//8227 5297//8227 5299//8229 
f 5296//8230 3143//8230 3138//8228 
f 3142//8231 3143//8230 5296//8230 
f 3141//8232 3142//8231 5295//8231 
f 3140//8233 3141//8232 5294//8232 
f 3140//8233 5293//8233 5292//8234 
f 5290//8235 3144//8235 3146//8236 
f 3146//8236 5292//8234 5290//8235 
f 3145//8237 3144//8235 5290//8235 
f 3147//8238 3145//8237 5288//8237 
f 5289//8238 5291//8239 3148//8240 
f 3149//8241 3148//8240 5291//8239 
f 5291//8239 5285//8241 3149//8241 
f 3150//8242 3149//8241 5285//8241 
f 3151//8243 3150//8242 5286//8242 
f 3154//8244 3153//8245 5281//8246 
f 3153//8245 5287//8247 5281//8246 
f 5281//8246 5280//8248 3154//8244 
f 3155//8249 3154//8244 5280//8248 
f 3152//8250 3155//8249 5282//8249 
f 3152//8250 5283//8250 5284//8251 
f 5279//8252 3157//8252 3156//8253 
f 3156//8253 5284//8251 5279//8252 
f 5279//8252 5278//8254 3161//8255 
f 5278//8254 3160//8254 3161//8255 
f 3160//8254 5278//8254 5273//8256 
f 5273//8256 3159//8257 3160//8254 
f 3158//8258 3159//8257 5272//8257 
f 3162//8259 3158//8258 5274//8258 
f 3163//8260 3162//8259 5275//8259 
f 5276//8260 5277//8261 3169//8262 
f 3168//8263 3169//8262 5277//8261 
f 5277//8261 5271//8263 3168//8263 
f 3167//8264 3168//8263 5271//8263 
f 3166//8265 3167//8264 5269//8264 
f 3166//8265 5268//8265 5270//8266 
f 5270//8266 3164//8267 3166//8265 
f 5267//8267 5266//8268 3165//8269 
f 5266//8268 3170//8268 3165//8269 
f 3171//8270 3170//8268 5266//8268 
f 3172//8271 3171//8270 5265//8270 
f 5264//8271 5263//8272 3177//8273 
f 5263//8272 3176//8272 3177//8273 
f 3175//8274 3176//8272 5260//8275 
f 3176//8272 5263//8272 5260//8275 
f 3173//8276 3175//8274 5259//8277 
f 3173//8276 5262//8276 5261//8278 
f 5261//8278 3174//8279 3173//8276 
f 5332//8280 3182//8280 3174//8279 
f 3180//8281 3182//8280 5332//8280 
f 3179//8190 3180//8281 5331//8281 
f 5331//8281 5329//8190 3179//8190 
f 5332//8280 5331//8281 3180//8281 
f 5261//8278 5332//8280 3174//8279 
f 5259//8277 5262//8276 3173//8276 
f 5260//8275 5259//8277 3175//8274 
f 3177//8273 3172//8271 5264//8271 
f 5265//8270 5264//8271 3172//8271 
f 5266//8268 5265//8270 3171//8270 
f 3165//8269 3164//8267 5267//8267 
f 5270//8266 5267//8267 3164//8267 
f 5269//8264 5268//8265 3166//8265 
f 5271//8263 5269//8264 3167//8264 
f 3169//8262 3163//8260 5276//8260 
f 5275//8259 5276//8260 3163//8260 
f 5274//8258 5275//8259 3162//8259 
f 5272//8257 5274//8258 3158//8258 
f 5273//8256 5272//8257 3159//8257 
f 3161//8255 3157//8252 5279//8252 
f 5284//8251 3156//8253 3152//8250 
f 5282//8249 5283//8250 3152//8250 
f 5280//8248 5282//8249 3155//8249 
f 3153//8245 3151//8243 5287//8247 
f 5286//8242 5287//8247 3151//8243 
f 5285//8241 5286//8242 3150//8242 
f 3148//8240 3147//8238 5289//8238 
f 5288//8237 5289//8238 3147//8238 
f 5290//8235 5288//8237 3145//8237 
f 5292//8234 3146//8236 3140//8233 
f 5294//8232 5293//8233 3140//8233 
f 5295//8231 5294//8232 3141//8232 
f 5296//8230 5295//8231 3142//8231 
f 5299//8229 5296//8230 3138//8228 
f 3139//8226 3136//8224 5305//8224 
f 5303//8223 5305//8224 3136//8224 
f 5302//8222 5303//8223 3135//8223 
f 5300//8221 5302//8222 3133//8222 
f 5301//8220 5300//8221 3131//8221 
f 5304//8219 5301//8220 3130//8220 
f 5306//8218 5304//8219 3132//8219 
f 5314//8217 5306//8218 3134//8218 
f 5310//8215 5309//8216 3125//8216 
f 5311//8214 5310//8215 3124//8215 
f 5312//8213 5311//8214 3126//8214 
f 5313//8212 5312//8213 3127//8213 
f 5307//8211 5313//8212 3128//8212 
f 3122//8210 3121//8208 5315//8208 
f 5320//8206 5315//8208 3123//8207 
f 5318//8204 5319//8205 3120//8205 
f 5317//8203 5318//8204 3119//8204 
f 5316//8202 5317//8203 3117//8203 
f 5326//8201 5316//8202 3116//8202 
f 3118//8200 3114//8198 5324//8198 
f 5323//8197 5324//8198 3114//8198 
f 5321//8196 5323//8197 3112//8197 
f 5322//8194 5321//8196 3110//8196 
f 5330//8193 3113//8195 3181//8191 
f 5328//8192 5327//8191 3181//8191 
f 5329//8190 5328//8192 3178//8189 
o mesh19
f 3109//8282 3107//8283 5252//8283 
f 3106//8284 3109//8282 5251//8285 
f 5255//8286 3030//8286 3029//8287 
f 3029//8287 5253//8288 5255//8286 
f 5255//8286 5257//8289 3036//8290 
f 3035//8291 3036//8290 5257//8289 
f 5257//8289 5247//8291 3035//8291 
f 3034//8292 3035//8291 5247//8291 
f 3033//8293 3034//8292 5246//8292 
f 3031//8294 3033//8293 5250//8293 
f 3032//8295 3031//8294 5248//8296 
f 3031//8294 5249//8297 5248//8296 
f 5245//8298 3037//8298 3032//8295 
f 3038//8299 3037//8298 5245//8298 
f 3039//8300 3038//8299 5244//8299 
f 5241//8301 3040//8302 3042//8303 
f 3042//8303 5243//8304 5241//8301 
f 5241//8301 5240//8305 3040//8302 
f 3040//8302 5240//8305 5242//8306 
f 5239//8307 3046//8307 3041//8308 
f 3041//8308 5242//8306 5239//8307 
f 3045//8309 3046//8307 5239//8307 
f 3043//8310 3045//8309 5238//8309 
f 3043//8310 5237//8310 5236//8311 
f 5235//8312 3049//8312 3044//8313 
f 3044//8313 5236//8311 5235//8312 
f 3047//8314 3049//8312 5235//8312 
f 3048//8315 3047//8314 5234//8314 
f 3048//8315 5232//8315 5233//8316 
f 5231//8317 3051//8317 3053//8318 
f 3053//8318 5233//8316 5231//8317 
f 3050//8319 3051//8317 5231//8317 
f 3052//8320 3050//8319 5229//8319 
f 5228//8320 5230//8321 3056//8322 
f 3054//8323 3056//8322 5230//8321 
f 5230//8321 5226//8323 3054//8323 
f 3055//8324 3054//8323 5226//8323 
f 3057//8325 3055//8324 5224//8324 
f 5225//8325 5227//8326 3058//8327 
f 3059//8328 3058//8327 5227//8326 
f 5227//8326 5221//8328 3059//8328 
f 3060//8329 3059//8328 5221//8328 
f 3061//8330 3060//8329 5222//8329 
f 5223//8330 5217//8331 3062//8332 
f 3063//8333 3062//8332 5217//8331 
f 5217//8331 5216//8333 3063//8333 
f 3064//8334 3063//8333 5216//8333 
f 3065//8335 3064//8334 5218//8334 
f 3065//8335 5219//8335 5220//8336 
f 5905//8337 3067//8338 3066//8339 
f 3066//8339 5220//8336 5905//8337 
f 5905//8337 5211//8340 3067//8338 
f 5211//8340 3068//8340 3067//8338 
f 3069//8341 3068//8340 5211//8340 
f 3070//8342 3069//8341 5213//8341 
f 3071//8343 3070//8342 5212//8342 
f 5215//8344 3074//8345 3073//8346 
f 3073//8346 5214//8347 5215//8344 
f 5215//8344 5207//8348 3074//8345 
f 3075//8349 3074//8345 5207//8348 
f 3072//8350 3075//8349 5206//8349 
f 3076//8351 3072//8350 5208//8350 
f 3076//8351 5209//8351 5210//8352 
f 5205//8353 3080//8353 3082//8354 
f 3082//8354 5210//8352 5205//8353 
f 3077//8355 3080//8353 5205//8353 
f 3078//8356 3077//8355 5202//8355 
f 3079//8357 3078//8356 5199//8356 
f 3081//8358 3079//8357 5200//8357 
f 3083//8359 3081//8358 5201//8358 
f 3083//8359 5203//8359 5204//8360 
f 3084//8361 3085//8362 5906//8363 
f 3085//8362 5204//8360 5906//8363 
f 5906//8363 5196//8364 3084//8361 
f 5196//8364 3088//8364 3084//8361 
f 3086//8365 3088//8364 5196//8364 
f 5197//8366 5195//8367 3087//8368 
f 3086//8365 5198//8369 5197//8366 
f 5195//8367 3089//8370 3087//8368 
f 3089//8370 5195//8367 5194//8371 
f 5194//8371 3090//8372 3089//8370 
f 3090//8372 5193//8372 5192//8373 
f 5192//8373 3091//8374 3090//8372 
f 5190//8375 3093//8375 3092//8376 
f 3092//8376 5191//8377 5190//8375 
f 3094//8378 3093//8375 5190//8375 
f 3096//8379 3095//8380 5188//8381 
f 3095//8380 5189//8382 5188//8381 
f 5188//8381 5187//8383 3096//8379 
f 3097//8384 3096//8379 5186//8385 
f 3096//8379 5187//8383 5186//8385 
f 3098//8386 5185//8387 5183//8388 
f 5183//8388 3099//8389 3098//8386 
f 5183//8388 5182//8389 3099//8389 
f 5182//8389 5184//8390 3101//8391 
f 5184//8390 3100//8390 3101//8391 
f 3104//8392 5180//8393 5181//8394 
f 3100//8390 5184//8390 5180//8393 
f 5180//8393 3104//8392 3100//8390 
f 5258//8395 3102//8395 3104//8392 
f 3103//8396 3102//8395 5258//8395 
f 3105//8397 3103//8396 5256//8396 
f 5254//8397 5252//8283 3108//8398 
f 5252//8283 3107//8283 3108//8398 
f 3108//8398 3105//8397 5254//8397 
f 5256//8396 5254//8397 3105//8397 
f 5258//8395 5256//8396 3103//8396 
f 5181//8394 5258//8395 3104//8392 
f 3101//8391 3099//8389 5182//8389 
f 3098//8386 3097//8384 5185//8387 
f 5186//8385 5185//8387 3097//8384 
f 3095//8380 3094//8378 5189//8382 
f 5190//8375 5189//8382 3094//8378 
f 3092//8376 3091//8374 5191//8377 
f 5192//8373 5191//8377 3091//8374 
f 5194//8371 5193//8372 3090//8372 
f 3087//8368 3086//8365 5197//8366 
f 5196//8364 5198//8369 3086//8365 
f 5204//8360 3085//8362 3083//8359 
f 5201//8358 5203//8359 3083//8359 
f 5200//8357 5201//8358 3081//8358 
f 5199//8356 5200//8357 3079//8357 
f 5202//8355 5199//8356 3078//8356 
f 5205//8353 5202//8355 3077//8355 
f 5210//8352 3082//8354 3076//8351 
f 5208//8350 5209//8351 3076//8351 
f 5206//8349 5208//8350 3072//8350 
f 5207//8348 5206//8349 3075//8349 
f 3073//8346 3071//8343 5214//8347 
f 5212//8342 5214//8347 3071//8343 
f 5213//8341 5212//8342 3070//8342 
f 5211//8340 5213//8341 3069//8341 
f 5220//8336 3066//8339 3065//8335 
f 5218//8334 5219//8335 3065//8335 
f 5216//8333 5218//8334 3064//8334 
f 3062//8332 3061//8330 5223//8330 
f 5222//8329 5223//8330 3061//8330 
f 5221//8328 5222//8329 3060//8329 
f 3058//8327 3057//8325 5225//8325 
f 5224//8324 5225//8325 3057//8325 
f 5226//8323 5224//8324 3055//8324 
f 3056//8322 3052//8320 5228//8320 
f 5229//8319 5228//8320 3052//8320 
f 5231//8317 5229//8319 3050//8319 
f 5233//8316 3053//8318 3048//8315 
f 5234//8314 5232//8315 3048//8315 
f 5235//8312 5234//8314 3047//8314 
f 5236//8311 3044//8313 3043//8310 
f 5238//8309 5237//8310 3043//8310 
f 5239//8307 5238//8309 3045//8309 
f 5242//8306 3041//8308 3040//8302 
f 3042//8303 3039//8300 5243//8304 
f 5244//8299 5243//8304 3039//8300 
f 5245//8298 5244//8299 3038//8299 
f 5248//8296 5245//8298 3032//8295 
f 5250//8293 5249//8297 3031//8294 
f 5246//8292 5250//8293 3033//8293 
f 5247//8291 5246//8292 3034//8292 
f 3036//8290 3030//8286 5255//8286 
f 3029//8287 3106//8284 5253//8288 
f 5251//8285 5253//8288 3106//8284 
f 5252//8283 5251//8285 3109//8282 
o mesh20
f 3026//8399 3024//8400 5175//8400 
f 3027//8401 3026//8399 5176//8402 
f 3028//8403 3027//8401 5178//8404 
f 2961//8405 5174//8406 5173//8407 
f 2961//8405 5179//8408 5174//8406 
f 5173//8407 2959//8409 2961//8405 
f 5173//8407 5172//8409 2959//8409 
f 5171//8410 2967//8410 2960//8411 
f 2960//8411 5172//8409 5171//8410 
f 2966//8412 2967//8410 5171//8410 
f 2965//8413 2966//8412 5170//8412 
f 2964//8414 2965//8413 5169//8413 
f 2962//8415 2964//8414 5167//8414 
f 2963//8416 2962//8415 5166//8415 
f 2968//8417 2963//8416 5165//8416 
f 5163//8418 2971//8418 2973//8419 
f 2973//8419 5168//8420 5163//8418 
f 2969//8421 2971//8418 5163//8418 
f 2970//8422 2969//8421 5160//8421 
f 2972//8423 2970//8422 5159//8422 
f 2974//8424 2972//8423 5161//8423 
f 2975//8425 2974//8424 5162//8424 
f 5164//8425 5154//8426 2981//8427 
f 2980//8428 2981//8427 5154//8426 
f 5154//8426 5153//8428 2980//8428 
f 2979//8429 2980//8428 5153//8428 
f 2978//8430 2979//8429 5158//8429 
f 2976//8431 2978//8430 5157//8430 
f 2976//8431 5156//8431 5155//8432 
f 5152//8433 2986//8433 2977//8434 
f 2977//8434 5155//8432 5152//8433 
f 2985//8435 2986//8433 5152//8433 
f 2983//8436 2985//8435 5150//8435 
f 2982//8437 2983//8436 5149//8436 
f 2984//8438 2982//8437 5147//8437 
f 2987//8439 2984//8438 5146//8438 
f 5148//8439 5151//8440 2992//8441 
f 2990//8442 2992//8441 5151//8440 
f 5151//8440 5144//8442 2990//8442 
f 2988//8443 2990//8442 5144//8442 
f 2989//8444 2988//8443 5141//8443 
f 2991//8445 2989//8444 5140//8444 
f 2993//8446 2991//8445 5142//8445 
f 2994//8447 2993//8446 5143//8446 
f 2997//8448 2996//8449 5136//8450 
f 2996//8449 5145//8451 5136//8450 
f 5136//8450 5135//8452 2997//8448 
f 2998//8453 2997//8448 5135//8452 
f 2999//8454 2998//8453 5139//8453 
f 2999//8454 5138//8454 5137//8455 
f 5137//8455 2995//8456 2999//8454 
f 5133//8457 3004//8457 3006//8458 
f 3006//8458 5134//8459 5133//8457 
f 3003//8460 3004//8457 5133//8457 
f 3002//8461 3003//8460 5131//8460 
f 3000//8462 3002//8461 5129//8461 
f 3001//8463 3000//8462 5128//8462 
f 3005//8464 3001//8463 5127//8463 
f 5130//8464 5132//8465 3012//8466 
f 3010//8467 3012//8466 5132//8465 
f 5132//8465 5124//8467 3010//8467 
f 3009//8468 3010//8467 5124//8467 
f 3007//8469 3009//8468 5120//8468 
f 3008//8470 3007//8469 5119//8469 
f 3011//8471 3008//8470 5121//8470 
f 3013//8472 3011//8471 5122//8471 
f 3014//8473 3013//8472 5123//8472 
f 5126//8474 3015//8474 3017//8475 
f 3017//8475 5125//8476 5126//8474 
f 3015//8474 5117//8477 5118//8478 
f 3015//8474 5126//8474 5117//8477 
f 5116//8479 3022//8479 3016//8480 
f 3016//8480 5118//8478 5116//8479 
f 3020//8481 3022//8479 5116//8479 
f 3018//8482 3020//8481 5115//8481 
f 3019//8483 3018//8482 5113//8482 
f 3021//8484 3019//8483 5111//8483 
f 3021//8484 5112//8484 5114//8485 
f 5177//8486 3023//8486 3025//8487 
f 3025//8487 5114//8485 5177//8486 
f 3024//8400 3023//8486 5177//8486 
f 5177//8486 5175//8400 3024//8400 
f 5114//8485 3025//8487 3021//8484 
f 5111//8483 5112//8484 3021//8484 
f 5113//8482 5111//8483 3019//8483 
f 5115//8481 5113//8482 3018//8482 
f 5116//8479 5115//8481 3020//8481 
f 5118//8478 3016//8480 3015//8474 
f 3017//8475 3014//8473 5125//8476 
f 5123//8472 5125//8476 3014//8473 
f 5122//8471 5123//8472 3013//8472 
f 5121//8470 5122//8471 3011//8471 
f 5119//8469 5121//8470 3008//8470 
f 5120//8468 5119//8469 3007//8469 
f 5124//8467 5120//8468 3009//8468 
f 3012//8466 3005//8464 5130//8464 
f 5127//8463 5130//8464 3005//8464 
f 5128//8462 5127//8463 3001//8463 
f 5129//8461 5128//8462 3000//8462 
f 5131//8460 5129//8461 3002//8461 
f 5133//8457 5131//8460 3003//8460 
f 3006//8458 2995//8456 5134//8459 
f 5137//8455 5134//8459 2995//8456 
f 5139//8453 5138//8454 2999//8454 
f 5135//8452 5139//8453 2998//8453 
f 2996//8449 2994//8447 5145//8451 
f 5143//8446 5145//8451 2994//8447 
f 5142//8445 5143//8446 2993//8446 
f 5140//8444 5142//8445 2991//8445 
f 5141//8443 5140//8444 2989//8444 
f 5144//8442 5141//8443 2988//8443 
f 2992//8441 2987//8439 5148//8439 
f 5146//8438 5148//8439 2987//8439 
f 5147//8437 5146//8438 2984//8438 
f 5149//8436 5147//8437 2982//8437 
f 5150//8435 5149//8436 2983//8436 
f 5152//8433 5150//8435 2985//8435 
f 5155//8432 2977//8434 2976//8431 
f 5157//8430 5156//8431 2976//8431 
f 5158//8429 5157//8430 2978//8430 
f 5153//8428 5158//8429 2979//8429 
f 2981//8427 2975//8425 5164//8425 
f 5162//8424 5164//8425 2975//8425 
f 5161//8423 5162//8424 2974//8424 
f 5159//8422 5161//8423 2972//8423 
f 5160//8421 5159//8422 2970//8422 
f 5163//8418 5160//8421 2969//8421 
f 2973//8419 2968//8417 5168//8420 
f 5165//8416 5168//8420 2968//8417 
f 5166//8415 5165//8416 2963//8416 
f 5167//8414 5166//8415 2962//8415 
f 5169//8413 5167//8414 2964//8414 
f 5170//8412 5169//8413 2965//8413 
f 5171//8410 5170//8412 2966//8412 
f 2960//8411 2959//8409 5172//8409 
f 2961//8405 3028//8403 5179//8408 
f 5178//8404 5179//8408 3028//8403 
f 5176//8402 5178//8404 3027//8401 
f 5175//8400 5176//8402 3026//8399 
o mesh21
f 2954//8488 2952//8489 5104//8489 
f 2956//8490 2954//8488 5103//8491 
f 2958//8492 2956//8490 5105//8493 
f 5107//8492 5109//8494 2889//8495 
f 2890//8496 2889//8495 5109//8494 
f 5109//8494 5099//8496 2890//8496 
f 2891//8497 2890//8496 5099//8496 
f 2892//8498 2891//8497 5102//8497 
f 2892//8498 5101//8498 5100//8499 
f 5100//8499 2887//8500 2892//8498 
f 5094//8501 2893//8501 2888//8502 
f 2888//8502 5097//8503 5094//8501 
f 2894//8504 2893//8501 5094//8501 
f 2895//8505 2894//8504 5093//8504 
f 2896//8506 2895//8505 5092//8505 
f 5095//8506 5096//8507 2899//8508 
f 5096//8507 2897//8507 2899//8508 
f 2898//8509 2897//8507 5096//8507 
f 2900//8510 2898//8509 5089//8511 
f 2898//8509 5098//8512 5089//8511 
f 2900//8510 5090//8513 5091//8514 
f 5088//8515 2905//8515 2906//8516 
f 2906//8516 5091//8514 5088//8515 
f 2903//8517 2905//8515 5088//8515 
f 2904//8518 2903//8517 5086//8517 
f 2901//8519 2904//8518 5087//8520 
f 2904//8518 5085//8521 5087//8520 
f 5084//8522 5083//8523 2902//8524 
f 5083//8523 2907//8523 2902//8524 
f 2908//8525 2907//8523 5083//8523 
f 5082//8525 5081//8526 2915//8527 
f 2914//8528 2915//8527 5081//8526 
f 5081//8526 5075//8528 2914//8528 
f 2913//8529 2914//8528 5075//8528 
f 2912//8530 2913//8529 5074//8529 
f 2910//8531 2912//8530 5079//8530 
f 2911//8532 2910//8531 5078//8531 
f 2909//8533 2911//8532 5077//8532 
f 2909//8533 5076//8533 5080//8534 
f 5080//8534 2922//8535 2909//8533 
f 5073//8536 2920//8536 2922//8535 
f 2918//8537 2920//8536 5073//8536 
f 2916//8538 2918//8537 5071//8537 
f 2917//8539 2916//8538 5069//8538 
f 2919//8540 2917//8539 5067//8539 
f 2921//8541 2919//8540 5068//8540 
f 5070//8541 5072//8542 2927//8543 
f 2924//8544 2927//8543 5072//8542 
f 5072//8542 5061//8544 2924//8544 
f 2925//8545 2924//8544 5061//8544 
f 2926//8546 2925//8545 5060//8545 
f 2928//8547 2926//8546 5062//8546 
f 2929//8548 2928//8547 5063//8547 
f 2923//8549 2929//8548 5064//8548 
f 2923//8549 5065//8549 5066//8550 
f 5059//8551 2931//8551 2930//8552 
f 2930//8552 5066//8550 5059//8551 
f 2932//8553 2931//8551 5059//8551 
f 2933//8554 2932//8553 5057//8553 
f 2934//8555 2933//8554 5055//8554 
f 5053//8556 2938//8556 2937//8557 
f 2937//8557 5054//8558 5053//8556 
f 2935//8559 2938//8556 5053//8556 
f 5058//8560 2945//8561 2936//8562 
f 2944//8563 2945//8561 5058//8560 
f 5058//8560 5051//8563 2944//8563 
f 2936//8562 5056//8564 5058//8560 
f 2943//8565 2944//8563 5051//8563 
f 2942//8566 2943//8565 5045//8565 
f 2941//8567 2942//8566 5049//8566 
f 2939//8568 2941//8567 5048//8567 
f 2940//8569 2939//8568 5047//8568 
f 2946//8570 2940//8569 5046//8569 
f 5050//8570 5052//8571 2951//8572 
f 5052//8571 2950//8571 2951//8572 
f 2949//8573 2950//8571 5042//8574 
f 2950//8571 5052//8571 5042//8574 
f 2947//8575 2949//8573 5041//8576 
f 2947//8575 5043//8575 5044//8577 
f 5044//8577 2948//8578 2947//8575 
f 5108//8579 2955//8579 2957//8580 
f 2957//8580 5110//8581 5108//8579 
f 2953//8582 2955//8579 5108//8579 
f 2952//8489 2953//8582 5106//8582 
f 5106//8582 5104//8489 2952//8489 
f 5108//8579 5106//8582 2953//8582 
f 2957//8580 2948//8578 5110//8581 
f 5044//8577 5110//8581 2948//8578 
f 5041//8576 5043//8575 2947//8575 
f 5042//8574 5041//8576 2949//8573 
f 2951//8572 2946//8570 5050//8570 
f 5046//8569 5050//8570 2946//8570 
f 5047//8568 5046//8569 2940//8569 
f 5048//8567 5047//8568 2939//8568 
f 5049//8566 5048//8567 2941//8567 
f 5045//8565 5049//8566 2942//8566 
f 5051//8563 5045//8565 2943//8565 
f 2936//8562 2935//8559 5056//8564 
f 5053//8556 5056//8564 2935//8559 
f 2937//8557 2934//8555 5054//8558 
f 5055//8554 5054//8558 2934//8555 
f 5057//8553 5055//8554 2933//8554 
f 5059//8551 5057//8553 2932//8553 
f 5066//8550 2930//8552 2923//8549 
f 5064//8548 5065//8549 2923//8549 
f 5063//8547 5064//8548 2929//8548 
f 5062//8546 5063//8547 2928//8547 
f 5060//8545 5062//8546 2926//8546 
f 5061//8544 5060//8545 2925//8545 
f 2927//8543 2921//8541 5070//8541 
f 5068//8540 5070//8541 2921//8541 
f 5067//8539 5068//8540 2919//8540 
f 5069//8538 5067//8539 2917//8539 
f 5071//8537 5069//8538 2916//8538 
f 5073//8536 5071//8537 2918//8537 
f 5080//8534 5073//8536 2922//8535 
f 5077//8532 5076//8533 2909//8533 
f 5078//8531 5077//8532 2911//8532 
f 5079//8530 5078//8531 2910//8531 
f 5074//8529 5079//8530 2912//8530 
f 5075//8528 5074//8529 2913//8529 
f 2915//8527 2908//8525 5082//8525 
f 5083//8523 5082//8525 2908//8525 
f 2902//8524 2901//8519 5084//8522 
f 5087//8520 5084//8522 2901//8519 
f 5086//8517 5085//8521 2904//8518 
f 5088//8515 5086//8517 2903//8517 
f 5091//8514 2906//8516 2900//8510 
f 5089//8511 5090//8513 2900//8510 
f 5096//8507 5098//8512 2898//8509 
f 2899//8508 2896//8506 5095//8506 
f 5092//8505 5095//8506 2896//8506 
f 5093//8504 5092//8505 2895//8505 
f 5094//8501 5093//8504 2894//8504 
f 2888//8502 2887//8500 5097//8503 
f 5100//8499 5097//8503 2887//8500 
f 5102//8497 5101//8498 2892//8498 
f 5099//8496 5102//8497 2891//8497 
f 2889//8495 2958//8492 5107//8492 
f 5105//8493 5107//8492 2958//8492 
f 5103//8491 5105//8493 2956//8490 
f 5104//8489 5103//8491 2954//8488 
o mesh22
f 3463//8583 3464//8584 5608//8584 
f 3466//8585 3463//8583 5607//8586 
f 3466//8585 5606//8585 5609//8587 
f 5601//8588 3396//8588 3398//8589 
f 3398//8589 5609//8587 5601//8588 
f 3395//8590 3396//8588 5601//8588 
f 3397//8591 3395//8590 5600//8590 
f 3399//8592 3397//8591 5602//8591 
f 5603//8592 5604//8593 3403//8594 
f 5604//8593 3400//8593 3403//8594 
f 3400//8593 5604//8593 5605//8595 
f 5605//8595 3401//8596 3400//8593 
f 3402//8597 3401//8596 5595//8596 
f 3404//8598 3402//8597 5596//8597 
f 3405//8599 3404//8598 5597//8598 
f 3405//8599 5598//8599 5599//8600 
f 5599//8600 3408//8601 3405//8599 
f 5594//8602 3406//8602 3408//8601 
f 5594//8602 5587//8603 3407//8604 
f 3414//8605 3407//8604 5587//8603 
f 5587//8603 5586//8605 3414//8605 
f 3413//8606 3414//8605 5586//8605 
f 3412//8607 3413//8606 5592//8606 
f 3411//8608 3412//8607 5591//8607 
f 3409//8609 3411//8608 5590//8608 
f 3410//8610 3409//8609 5589//8609 
f 3410//8610 5588//8610 5593//8611 
f 5593//8611 3419//8612 3410//8610 
f 3417//8613 3419//8612 5585//8612 
f 3415//8614 3417//8613 5583//8613 
f 3416//8615 3415//8614 5580//8614 
f 3418//8616 3416//8615 5579//8615 
f 3420//8617 3418//8616 5581//8616 
f 3421//8618 3420//8617 5582//8617 
f 5584//8618 5577//8619 3424//8620 
f 3422//8621 3424//8620 5577//8619 
f 5577//8619 5576//8621 3422//8621 
f 3423//8622 3422//8621 5578//8623 
f 3422//8621 5576//8621 5578//8623 
f 5575//8624 3428//8624 3423//8622 
f 3427//8625 3428//8624 5575//8624 
f 3426//8626 3427//8625 5574//8625 
f 3425//8627 3426//8626 5573//8626 
f 3425//8627 5572//8627 5571//8628 
f 5569//8629 3429//8629 3431//8630 
f 3431//8630 5571//8628 5569//8629 
f 3430//8631 3429//8629 5569//8629 
f 3432//8632 3430//8631 5567//8631 
f 5568//8632 5570//8633 3433//8634 
f 3434//8635 3433//8634 5570//8633 
f 5570//8633 5564//8635 3434//8635 
f 3435//8636 3434//8635 5564//8635 
f 3436//8637 3435//8636 5565//8636 
f 3439//8638 3438//8639 5560//8640 
f 3438//8639 5566//8641 5560//8640 
f 5560//8640 5559//8642 3439//8638 
f 3440//8643 3439//8638 5559//8642 
f 3437//8644 3440//8643 5561//8643 
f 3437//8644 5562//8644 5563//8645 
f 5558//8646 3442//8646 3441//8647 
f 3441//8647 5563//8645 5558//8646 
f 5558//8646 5557//8648 3446//8649 
f 5557//8648 3445//8648 3446//8649 
f 3445//8648 5557//8648 5552//8650 
f 5552//8650 3444//8651 3445//8648 
f 3443//8652 3444//8651 5551//8651 
f 3447//8653 3443//8652 5553//8652 
f 3448//8654 3447//8653 5554//8653 
f 5555//8654 5556//8655 3454//8656 
f 3453//8657 3454//8656 5556//8655 
f 5556//8655 5550//8657 3453//8657 
f 3452//8658 3453//8657 5550//8657 
f 3451//8659 3452//8658 5548//8658 
f 3451//8659 5547//8659 5549//8660 
f 5549//8660 3449//8661 3451//8659 
f 5546//8661 5545//8662 3450//8663 
f 5545//8662 3455//8662 3450//8663 
f 3456//8664 3455//8662 5545//8662 
f 3457//8665 3456//8664 5544//8664 
f 5543//8665 5542//8666 3462//8667 
f 5542//8666 3461//8666 3462//8667 
f 3460//8668 3461//8666 5539//8669 
f 3461//8666 5542//8666 5539//8669 
f 3458//8670 3460//8668 5538//8671 
f 3458//8670 5541//8670 5540//8672 
f 5540//8672 3459//8673 3458//8670 
f 5611//8674 3467//8674 3459//8673 
f 3465//8675 3467//8674 5611//8674 
f 3464//8584 3465//8675 5610//8675 
f 5610//8675 5608//8584 3464//8584 
f 5611//8674 5610//8675 3465//8675 
f 5540//8672 5611//8674 3459//8673 
f 5538//8671 5541//8670 3458//8670 
f 5539//8669 5538//8671 3460//8668 
f 3462//8667 3457//8665 5543//8665 
f 5544//8664 5543//8665 3457//8665 
f 5545//8662 5544//8664 3456//8664 
f 3450//8663 3449//8661 5546//8661 
f 5549//8660 5546//8661 3449//8661 
f 5548//8658 5547//8659 3451//8659 
f 5550//8657 5548//8658 3452//8658 
f 3454//8656 3448//8654 5555//8654 
f 5554//8653 5555//8654 3448//8654 
f 5553//8652 5554//8653 3447//8653 
f 5551//8651 5553//8652 3443//8652 
f 5552//8650 5551//8651 3444//8651 
f 3446//8649 3442//8646 5558//8646 
f 5563//8645 3441//8647 3437//8644 
f 5561//8643 5562//8644 3437//8644 
f 5559//8642 5561//8643 3440//8643 
f 3438//8639 3436//8637 5566//8641 
f 5565//8636 5566//8641 3436//8637 
f 5564//8635 5565//8636 3435//8636 
f 3433//8634 3432//8632 5568//8632 
f 5567//8631 5568//8632 3432//8632 
f 5569//8629 5567//8631 3430//8631 
f 5571//8628 3431//8630 3425//8627 
f 5573//8626 5572//8627 3425//8627 
f 5574//8625 5573//8626 3426//8626 
f 5575//8624 5574//8625 3427//8625 
f 5578//8623 5575//8624 3423//8622 
f 3424//8620 3421//8618 5584//8618 
f 5582//8617 5584//8618 3421//8618 
f 5581//8616 5582//8617 3420//8617 
f 5579//8615 5581//8616 3418//8616 
f 5580//8614 5579//8615 3416//8615 
f 5583//8613 5580//8614 3415//8614 
f 5585//8612 5583//8613 3417//8613 
f 5593//8611 5585//8612 3419//8612 
f 5589//8609 5588//8610 3410//8610 
f 5590//8608 5589//8609 3409//8609 
f 5591//8607 5590//8608 3411//8608 
f 5592//8606 5591//8607 3412//8607 
f 5586//8605 5592//8606 3413//8606 
f 3407//8604 3406//8602 5594//8602 
f 5599//8600 5594//8602 3408//8601 
f 5597//8598 5598//8599 3405//8599 
f 5596//8597 5597//8598 3404//8598 
f 5595//8596 5596//8597 3402//8597 
f 5605//8595 5595//8596 3401//8596 
f 3403//8594 3399//8592 5603//8592 
f 5602//8591 5603//8592 3399//8592 
f 5600//8590 5602//8591 3397//8591 
f 5601//8588 5600//8590 3395//8590 
f 5609//8587 3398//8589 3466//8585 
f 5607//8586 5606//8585 3466//8585 
f 5608//8584 5607//8586 3463//8583 
o mesh23
f 3548//8676 3546//8677 5684//8677 
f 3545//8678 3548//8676 5683//8679 
f 5687//8680 3469//8680 3468//8681 
f 3468//8681 5685//8682 5687//8680 
f 5687//8680 5689//8683 3475//8684 
f 3474//8685 3475//8684 5689//8683 
f 5689//8683 5679//8685 3474//8685 
f 3473//8686 3474//8685 5679//8685 
f 3472//8687 3473//8686 5678//8686 
f 3470//8688 3472//8687 5682//8687 
f 3471//8689 3470//8688 5680//8690 
f 3470//8688 5681//8691 5680//8690 
f 5677//8692 3476//8692 3471//8689 
f 3477//8693 3476//8692 5677//8692 
f 3478//8694 3477//8693 5676//8693 
f 5673//8695 3479//8696 3481//8697 
f 3481//8697 5675//8698 5673//8695 
f 5673//8695 5672//8699 3479//8696 
f 3479//8696 5672//8699 5674//8700 
f 5671//8701 3485//8701 3480//8702 
f 3480//8702 5674//8700 5671//8701 
f 3484//8703 3485//8701 5671//8701 
f 3482//8704 3484//8703 5670//8703 
f 3482//8704 5669//8704 5668//8705 
f 5667//8706 3488//8706 3483//8707 
f 3483//8707 5668//8705 5667//8706 
f 3486//8708 3488//8706 5667//8706 
f 3487//8709 3486//8708 5666//8708 
f 3487//8709 5664//8709 5665//8710 
f 5663//8711 3490//8711 3492//8712 
f 3492//8712 5665//8710 5663//8711 
f 3489//8713 3490//8711 5663//8711 
f 3491//8714 3489//8713 5661//8713 
f 5660//8714 5662//8715 3495//8716 
f 3493//8717 3495//8716 5662//8715 
f 5662//8715 5658//8717 3493//8717 
f 3494//8718 3493//8717 5658//8717 
f 3496//8719 3494//8718 5656//8718 
f 5657//8719 5659//8720 3497//8721 
f 3498//8722 3497//8721 5659//8720 
f 5659//8720 5653//8722 3498//8722 
f 3499//8723 3498//8722 5653//8722 
f 3500//8724 3499//8723 5654//8723 
f 5655//8724 5649//8725 3501//8726 
f 3502//8727 3501//8726 5649//8725 
f 5649//8725 5648//8727 3502//8727 
f 3503//8728 3502//8727 5648//8727 
f 3504//8729 3503//8728 5650//8728 
f 3504//8729 5651//8729 5652//8730 
f 5903//8731 3506//8732 3505//8733 
f 3505//8733 5652//8730 5903//8731 
f 5903//8731 5643//8734 3506//8732 
f 5643//8734 3507//8734 3506//8732 
f 3508//8735 3507//8734 5643//8734 
f 3509//8736 3508//8735 5645//8735 
f 3510//8737 3509//8736 5644//8736 
f 5647//8738 3513//8739 3512//8740 
f 3512//8740 5646//8741 5647//8738 
f 5647//8738 5639//8742 3513//8739 
f 3514//8743 3513//8739 5639//8742 
f 3511//8744 3514//8743 5638//8743 
f 3515//8745 3511//8744 5640//8744 
f 3515//8745 5641//8745 5642//8746 
f 5637//8747 3519//8747 3521//8748 
f 3521//8748 5642//8746 5637//8747 
f 3516//8749 3519//8747 5637//8747 
f 3517//8750 3516//8749 5634//8749 
f 3518//8751 3517//8750 5631//8750 
f 3520//8752 3518//8751 5632//8751 
f 3522//8753 3520//8752 5633//8752 
f 3522//8753 5635//8753 5636//8754 
f 3523//8755 3524//8756 5904//8757 
f 3524//8756 5636//8754 5904//8757 
f 5904//8757 5628//8758 3523//8755 
f 5628//8758 3527//8758 3523//8755 
f 3525//8759 3527//8758 5628//8758 
f 5629//8760 5627//8761 3526//8762 
f 3525//8759 5630//8763 5629//8760 
f 5627//8761 3528//8764 3526//8762 
f 3528//8764 5627//8761 5626//8765 
f 5626//8765 3529//8766 3528//8764 
f 3529//8766 5625//8766 5624//8767 
f 5624//8767 3530//8768 3529//8766 
f 5622//8769 3532//8769 3531//8770 
f 3531//8770 5623//8771 5622//8769 
f 3533//8772 3532//8769 5622//8769 
f 3535//8773 3534//8774 5620//8775 
f 3534//8774 5621//8776 5620//8775 
f 5620//8775 5619//8777 3535//8773 
f 3536//8778 3535//8773 5618//8779 
f 3535//8773 5619//8777 5618//8779 
f 3537//8780 5617//8781 5615//8782 
f 5615//8782 3538//8783 3537//8780 
f 5615//8782 5614//8783 3538//8783 
f 5614//8783 5616//8784 3540//8785 
f 5616//8784 3539//8784 3540//8785 
f 3543//8786 5612//8787 5613//8788 
f 3539//8784 5616//8784 5612//8787 
f 5612//8787 3543//8786 3539//8784 
f 5690//8789 3541//8789 3543//8786 
f 3542//8790 3541//8789 5690//8789 
f 3544//8791 3542//8790 5688//8790 
f 5686//8791 5684//8677 3547//8792 
f 5684//8677 3546//8677 3547//8792 
f 3547//8792 3544//8791 5686//8791 
f 5688//8790 5686//8791 3544//8791 
f 5690//8789 5688//8790 3542//8790 
f 5613//8788 5690//8789 3543//8786 
f 3540//8785 3538//8783 5614//8783 
f 3537//8780 3536//8778 5617//8781 
f 5618//8779 5617//8781 3536//8778 
f 3534//8774 3533//8772 5621//8776 
f 5622//8769 5621//8776 3533//8772 
f 3531//8770 3530//8768 5623//8771 
f 5624//8767 5623//8771 3530//8768 
f 5626//8765 5625//8766 3529//8766 
f 3526//8762 3525//8759 5629//8760 
f 5628//8758 5630//8763 3525//8759 
f 5636//8754 3524//8756 3522//8753 
f 5633//8752 5635//8753 3522//8753 
f 5632//8751 5633//8752 3520//8752 
f 5631//8750 5632//8751 3518//8751 
f 5634//8749 5631//8750 3517//8750 
f 5637//8747 5634//8749 3516//8749 
f 5642//8746 3521//8748 3515//8745 
f 5640//8744 5641//8745 3515//8745 
f 5638//8743 5640//8744 3511//8744 
f 5639//8742 5638//8743 3514//8743 
f 3512//8740 3510//8737 5646//8741 
f 5644//8736 5646//8741 3510//8737 
f 5645//8735 5644//8736 3509//8736 
f 5643//8734 5645//8735 3508//8735 
f 5652//8730 3505//8733 3504//8729 
f 5650//8728 5651//8729 3504//8729 
f 5648//8727 5650//8728 3503//8728 
f 3501//8726 3500//8724 5655//8724 
f 5654//8723 5655//8724 3500//8724 
f 5653//8722 5654//8723 3499//8723 
f 3497//8721 3496//8719 5657//8719 
f 5656//8718 5657//8719 3496//8719 
f 5658//8717 5656//8718 3494//8718 
f 3495//8716 3491//8714 5660//8714 
f 5661//8713 5660//8714 3491//8714 
f 5663//8711 5661//8713 3489//8713 
f 5665//8710 3492//8712 3487//8709 
f 5666//8708 5664//8709 3487//8709 
f 5667//8706 5666//8708 3486//8708 
f 5668//8705 3483//8707 3482//8704 
f 5670//8703 5669//8704 3482//8704 
f 5671//8701 5670//8703 3484//8703 
f 5674//8700 3480//8702 3479//8696 
f 3481//8697 3478//8694 5675//8698 
f 5676//8693 5675//8698 3478//8694 
f 5677//8692 5676//8693 3477//8693 
f 5680//8690 5677//8692 3471//8689 
f 5682//8687 5681//8691 3470//8688 
f 5678//8686 5682//8687 3472//8687 
f 5679//8685 5678//8686 3473//8686 
f 3475//8684 3469//8680 5687//8680 
f 3468//8681 3545//8678 5685//8682 
f 5683//8679 5685//8682 3545//8678 
f 5684//8677 5683//8679 3548//8676 
o mesh24
f 3615//8793 3616//8794 5760//8794 
f 3614//8795 3615//8793 5759//8796 
f 3620//8797 3614//8795 5758//8798 
f 3620//8797 5757//8797 5762//8799 
f 5755//8800 3552//8800 3554//8801 
f 3554//8801 5762//8799 5755//8800 
f 3550//8802 3552//8800 5755//8800 
f 3549//8803 3550//8802 5753//8802 
f 3551//8804 3549//8803 5751//8803 
f 3553//8805 3551//8804 5750//8804 
f 5752//8805 5754//8806 3559//8807 
f 3557//8808 3559//8807 5754//8806 
f 5754//8806 5749//8808 3557//8808 
f 3555//8809 3557//8808 5749//8808 
f 3556//8810 3555//8809 5743//8809 
f 3558//8811 3556//8810 5742//8810 
f 3560//8812 3558//8811 5744//8811 
f 3561//8813 3560//8812 5745//8812 
f 3562//8814 3561//8813 5746//8813 
f 5747//8814 5748//8815 3563//8816 
f 5741//8817 3571//8817 3564//8818 
f 3564//8818 5748//8815 5741//8817 
f 3564//8818 3563//8816 5748//8815 
f 3570//8819 3571//8817 5734//8820 
f 3571//8817 5741//8817 5734//8820 
f 3569//8821 3570//8819 5733//8822 
f 3568//8823 3569//8821 5739//8824 
f 3567//8825 3568//8823 5738//8826 
f 3565//8827 3567//8825 5736//8828 
f 3566//8829 3565//8827 5735//8830 
f 3576//8831 3579//8832 5740//8833 
f 5737//8834 5740//8833 3579//8832 
f 3579//8832 3566//8829 5737//8834 
f 3574//8835 3576//8831 5732//8836 
f 3575//8837 3574//8835 5728//8838 
f 3577//8839 3575//8837 5727//8840 
f 3578//8841 3577//8839 5729//8842 
f 3578//8841 5730//8841 5731//8843 
f 5731//8843 3572//8844 3578//8841 
f 5725//8845 3580//8845 3573//8846 
f 3573//8846 5726//8847 5725//8845 
f 3585//8848 5725//8845 5720//8849 
f 5720//8849 3584//8850 3585//8848 
f 3585//8848 3580//8845 5725//8845 
f 3583//8851 3584//8850 5719//8850 
f 3582//8852 3583//8851 5724//8851 
f 3581//8853 3582//8852 5723//8852 
f 5718//8854 3588//8854 3590//8855 
f 3581//8853 5722//8856 5721//8857 
f 5721//8857 3590//8855 3581//8853 
f 3586//8858 3588//8854 5718//8854 
f 3587//8859 3586//8858 5716//8858 
f 3589//8860 3587//8859 5714//8859 
f 3591//8861 3589//8860 5715//8860 
f 3595//8862 3594//8863 5710//8864 
f 5717//8865 5710//8864 3594//8863 
f 3594//8863 3591//8861 5717//8865 
f 3596//8866 3595//8862 5709//8867 
f 3592//8868 3596//8866 5711//8869 
f 3593//8870 3592//8868 5713//8871 
f 5708//8872 3597//8872 3593//8870 
f 3592//8868 5712//8873 5713//8871 
f 3598//8874 3597//8872 5708//8872 
f 3599//8875 3598//8874 5706//8874 
f 5707//8876 3602//8876 3603//8877 
f 3603//8877 5705//8878 5707//8876 
f 3600//8879 3602//8876 5701//8880 
f 3602//8876 5707//8876 5701//8880 
f 3601//8881 3600//8879 5700//8882 
f 3604//8883 3601//8881 5702//8884 
f 3604//8883 5703//8883 5704//8885 
f 5699//8886 3609//8886 3612//8887 
f 3612//8887 5704//8885 5699//8886 
f 3607//8888 3609//8886 5699//8886 
f 3608//8889 3607//8888 5698//8888 
f 3610//8890 3608//8889 5694//8889 
f 3611//8891 3610//8890 5695//8890 
f 3605//8892 3611//8891 5697//8893 
f 3611//8891 5696//8894 5697//8893 
f 5692//8895 3613//8895 3606//8896 
f 3606//8896 5693//8897 5692//8895 
f 3618//8898 3619//8899 5691//8900 
f 3619//8899 5692//8895 5691//8900 
f 5691//8900 5756//8901 3618//8898 
f 3617//8902 3618//8898 5756//8901 
f 3616//8794 3617//8902 5761//8902 
f 5761//8902 5760//8794 3616//8794 
f 5756//8901 5761//8902 3617//8902 
f 3619//8899 3613//8895 5692//8895 
f 3606//8896 3605//8892 5693//8897 
f 5697//8893 5693//8897 3605//8892 
f 5695//8890 5696//8894 3611//8891 
f 5694//8889 5695//8890 3610//8890 
f 5698//8888 5694//8889 3608//8889 
f 5699//8886 5698//8888 3607//8888 
f 5704//8885 3612//8887 3604//8883 
f 5702//8884 5703//8883 3604//8883 
f 5700//8882 5702//8884 3601//8881 
f 5701//8880 5700//8882 3600//8879 
f 3603//8877 3599//8875 5705//8878 
f 5706//8874 5705//8878 3599//8875 
f 5708//8872 5706//8874 3598//8874 
f 5713//8871 5708//8872 3593//8870 
f 5711//8869 5712//8873 3592//8868 
f 5709//8867 5711//8869 3596//8866 
f 5710//8864 5709//8867 3595//8862 
f 5715//8860 5717//8865 3591//8861 
f 5714//8859 5715//8860 3589//8860 
f 5716//8858 5714//8859 3587//8859 
f 5718//8854 5716//8858 3586//8858 
f 3590//8855 5721//8857 5718//8854 
f 5723//8852 5722//8856 3581//8853 
f 5724//8851 5723//8852 3582//8852 
f 5719//8850 5724//8851 3583//8851 
f 5720//8849 5719//8850 3584//8850 
f 3573//8846 3572//8844 5726//8847 
f 5731//8843 5726//8847 3572//8844 
f 5729//8842 5730//8841 3578//8841 
f 5727//8840 5729//8842 3577//8839 
f 5728//8838 5727//8840 3575//8837 
f 5732//8836 5728//8838 3574//8835 
f 5740//8833 5732//8836 3576//8831 
f 5735//8830 5737//8834 3566//8829 
f 5736//8828 5735//8830 3565//8827 
f 5738//8826 5736//8828 3567//8825 
f 5739//8824 5738//8826 3568//8823 
f 5733//8822 5739//8824 3569//8821 
f 5734//8820 5733//8822 3570//8819 
f 3563//8816 3562//8814 5747//8814 
f 5746//8813 5747//8814 3562//8814 
f 5745//8812 5746//8813 3561//8813 
f 5744//8811 5745//8812 3560//8812 
f 5742//8810 5744//8811 3558//8811 
f 5743//8809 5742//8810 3556//8810 
f 5749//8808 5743//8809 3555//8809 
f 3559//8807 3553//8805 5752//8805 
f 5750//8804 5752//8805 3553//8805 
f 5751//8803 5750//8804 3551//8804 
f 5753//8802 5751//8803 3549//8803 
f 5755//8800 5753//8802 3550//8802 
f 5762//8799 3554//8801 3620//8797 
f 5758//8798 5757//8797 3620//8797 
f 5759//8796 5758//8798 3614//8795 
f 5760//8794 5759//8796 3615//8793 
o mesh25
f 3250//8903 3249//8904 5895//8904 
f 3246//8905 3250//8903 5894//8906 
f 3252//8907 3246//8905 5896//8908 
f 3252//8907 5898//8907 5900//8909 
f 5892//8910 3186//8910 3188//8911 
f 3188//8911 5900//8909 5892//8910 
f 3185//8912 3186//8910 5892//8910 
f 3183//8913 3185//8912 5887//8912 
f 3184//8914 3183//8913 5890//8913 
f 3187//8915 3184//8914 5889//8914 
f 3189//8916 3187//8915 5888//8915 
f 5891//8916 5893//8917 3195//8918 
f 5893//8917 3194//8917 3195//8918 
f 3193//8919 3194//8917 5882//8920 
f 3194//8917 5893//8917 5882//8920 
f 3191//8921 3193//8919 5881//8922 
f 3192//8923 3191//8921 5883//8924 
f 3190//8925 3192//8923 5884//8926 
f 3190//8925 5885//8925 5886//8927 
f 5880//8928 3200//8928 3202//8929 
f 3202//8929 5886//8927 5880//8928 
f 3198//8930 3200//8928 5880//8928 
f 3196//8931 3198//8930 5878//8930 
f 3197//8932 3196//8931 5876//8931 
f 3199//8933 3197//8932 5874//8932 
f 3201//8934 3199//8933 5875//8933 
f 5877//8934 5879//8935 3207//8936 
f 3203//8937 3207//8936 5879//8935 
f 5879//8935 5870//8937 3203//8937 
f 3204//8938 3203//8937 5870//8937 
f 3205//8939 3204//8938 5866//8938 
f 3206//8940 3205//8939 5867//8939 
f 3208//8941 3206//8940 5868//8940 
f 3209//8942 3208//8941 5869//8941 
f 3210//8943 3209//8942 5871//8942 
f 3210//8943 5872//8943 5873//8944 
f 5873//8944 5865//8945 3219//8946 
f 3219//8946 3211//8947 5873//8944 
f 5865//8945 3218//8948 3219//8946 
f 3216//8949 3218//8948 5858//8950 
f 3218//8948 5865//8945 5858//8950 
f 3215//8951 3216//8949 5857//8952 
f 3213//8953 3215//8951 5862//8954 
f 3212//8955 3213//8953 5861//8956 
f 3214//8957 3212//8955 5860//8958 
f 3217//8959 3214//8957 5859//8960 
f 5863//8959 5864//8961 3226//8962 
f 3222//8963 3226//8962 5864//8961 
f 5864//8961 5856//8963 3222//8963 
f 3223//8964 3222//8963 5856//8963 
f 3224//8965 3223//8964 5852//8964 
f 3225//8966 3224//8965 5851//8965 
f 3220//8967 3225//8966 5853//8966 
f 3221//8968 3220//8967 5855//8969 
f 3220//8967 5854//8970 5855//8969 
f 5850//8971 3227//8971 3221//8968 
f 5849//8972 3233//8972 3234//8973 
f 3234//8973 5850//8971 5849//8972 
f 3233//8972 5849//8972 5843//8974 
f 5843//8974 3232//8975 3233//8972 
f 3230//8976 3232//8975 5842//8975 
f 3229//8977 3230//8976 5847//8976 
f 3228//8978 3229//8977 5846//8977 
f 3231//8979 3228//8978 5845//8978 
f 3231//8979 5844//8979 5848//8980 
f 5841//8981 3236//8981 3239//8982 
f 3239//8982 5848//8980 5841//8981 
f 3235//8983 3236//8981 5841//8981 
f 3237//8984 3235//8983 5838//8983 
f 3238//8985 3237//8984 5837//8984 
f 3240//8986 3238//8985 5839//8985 
f 5840//8986 5834//8987 3245//8988 
f 3244//8989 3245//8988 5834//8987 
f 5834//8987 5833//8989 3244//8989 
f 3243//8990 3244//8989 5833//8989 
f 3243//8990 5836//8990 5835//8991 
f 5835//8991 3241//8992 3243//8990 
f 5901//8993 3251//8993 3242//8994 
f 3242//8994 5902//8995 5901//8993 
f 3247//8996 3251//8993 5901//8993 
f 3248//8997 3247//8996 5899//8996 
f 3249//8904 3248//8997 5897//8997 
f 5897//8997 5895//8904 3249//8904 
f 5899//8996 5897//8997 3248//8997 
f 5901//8993 5899//8996 3247//8996 
f 3242//8994 3241//8992 5902//8995 
f 5835//8991 5902//8995 3241//8992 
f 5833//8989 5836//8990 3243//8990 
f 3245//8988 3240//8986 5840//8986 
f 5839//8985 5840//8986 3240//8986 
f 5837//8984 5839//8985 3238//8985 
f 5838//8983 5837//8984 3237//8984 
f 5841//8981 5838//8983 3235//8983 
f 5848//8980 3239//8982 3231//8979 
f 5845//8978 5844//8979 3231//8979 
f 5846//8977 5845//8978 3228//8978 
f 5847//8976 5846//8977 3229//8977 
f 5842//8975 5847//8976 3230//8976 
f 5843//8974 5842//8975 3232//8975 
f 3234//8973 3227//8971 5850//8971 
f 5855//8969 5850//8971 3221//8968 
f 5853//8966 5854//8970 3220//8967 
f 5851//8965 5853//8966 3225//8966 
f 5852//8964 5851//8965 3224//8965 
f 5856//8963 5852//8964 3223//8964 
f 3226//8962 3217//8959 5863//8959 
f 5859//8960 5863//8959 3217//8959 
f 5860//8958 5859//8960 3214//8957 
f 5861//8956 5860//8958 3212//8955 
f 5862//8954 5861//8956 3213//8953 
f 5857//8952 5862//8954 3215//8951 
f 5858//8950 5857//8952 3216//8949 
f 5873//8944 3211//8947 3210//8943 
f 5871//8942 5872//8943 3210//8943 
f 5869//8941 5871//8942 3209//8942 
f 5868//8940 5869//8941 3208//8941 
f 5867//8939 5868//8940 3206//8940 
f 5866//8938 5867//8939 3205//8939 
f 5870//8937 5866//8938 3204//8938 
f 3207//8936 3201//8934 5877//8934 
f 5875//8933 5877//8934 3201//8934 
f 5874//8932 5875//8933 3199//8933 
f 5876//8931 5874//8932 3197//8932 
f 5878//8930 5876//8931 3196//8931 
f 5880//8928 5878//8930 3198//8930 
f 5886//8927 3202//8929 3190//8925 
f 5884//8926 5885//8925 3190//8925 
f 5883//8924 5884//8926 3192//8923 
f 5881//8922 5883//8924 3191//8921 
f 5882//8920 5881//8922 3193//8919 
f 3195//8918 3189//8916 5891//8916 
f 5888//8915 5891//8916 3189//8916 
f 5889//8914 5888//8915 3187//8915 
f 5890//8913 5889//8914 3184//8914 
f 5887//8912 5890//8913 3183//8913 
f 5892//8910 5887//8912 3185//8912 
f 5900//8909 3188//8911 3252//8907 
f 5896//8908 5898//8907 3252//8907 
f 5894//8906 5896//8908 3246//8905 
f 5895//8904 5894//8906 3250//8903 
o mesh26
f 2819//8998 5039//8999 5034//9000 
f 5034//9000 2818//9001 2819//8998 
f 5034//9000 5033//9001 2818//9001 
f 2817//9002 2818//9001 5033//9001 
f 2816//9003 2817//9002 5038//9002 
f 2815//9004 2816//9003 5037//9003 
f 5032//9005 2822//9005 2824//9006 
f 2815//9004 5036//9007 5035//9008 
f 5035//9008 2824//9006 2815//9004 
f 2820//9009 2822//9005 5032//9005 
f 2821//9010 2820//9009 5030//9009 
f 2823//9011 2821//9010 5028//9010 
f 2825//9012 2823//9011 5029//9011 
f 5031//9012 5024//9013 2828//9014 
f 2829//9015 2828//9014 5024//9013 
f 5024//9013 5023//9015 2829//9015 
f 2830//9016 2829//9015 5023//9015 
f 2826//9017 2830//9016 5025//9016 
f 2827//9018 2826//9017 5027//9019 
f 2826//9017 5026//9020 5027//9019 
f 5022//9021 2831//9021 2827//9018 
f 2832//9022 2831//9021 5022//9021 
f 2833//9023 2832//9022 5020//9022 
f 5021//9024 2836//9024 2837//9025 
f 2837//9025 5019//9026 5021//9024 
f 2834//9027 2836//9024 5015//9028 
f 2836//9024 5021//9024 5015//9028 
f 2835//9029 2834//9027 5014//9030 
f 2838//9031 2835//9029 5016//9032 
f 2838//9031 5017//9031 5018//9033 
f 5013//9034 2843//9034 2846//9035 
f 2846//9035 5018//9033 5013//9034 
f 2841//9036 2843//9034 5013//9034 
f 2842//9037 2841//9036 5012//9036 
f 2844//9038 2842//9037 5008//9037 
f 2845//9039 2844//9038 5009//9038 
f 2839//9040 2845//9039 5011//9041 
f 2845//9039 5010//9042 5011//9041 
f 5006//9043 2847//9043 2840//9044 
f 2840//9044 5007//9045 5006//9043 
f 2852//9046 2853//9047 4999//9048 
f 2853//9047 5006//9043 4999//9048 
f 4999//9048 4998//9049 2852//9046 
f 2851//9050 2852//9046 4998//9049 
f 2850//9051 2851//9050 5004//9050 
f 2849//9052 2850//9051 5003//9051 
f 2848//9053 2849//9052 5002//9052 
f 2854//9054 2848//9053 5001//9053 
f 2854//9054 5000//9054 5005//9055 
f 4997//9056 2858//9056 2860//9057 
f 2860//9057 5005//9055 4997//9056 
f 2856//9058 2858//9056 4997//9056 
f 2855//9059 2856//9058 4995//9058 
f 2857//9060 2855//9059 4993//9059 
f 2859//9061 2857//9060 4992//9060 
f 4994//9061 4996//9062 2865//9063 
f 2863//9064 2865//9063 4996//9062 
f 4996//9062 4991//9064 2863//9064 
f 2861//9065 2863//9064 4991//9064 
f 2862//9066 2861//9065 4985//9065 
f 2864//9067 2862//9066 4984//9066 
f 2866//9068 2864//9067 4986//9067 
f 2867//9069 2866//9068 4987//9068 
f 2868//9070 2867//9069 4988//9069 
f 4989//9070 2870//9071 2869//9072 
f 4983//9073 2877//9073 2870//9071 
f 2870//9071 4989//9070 4990//9074 
f 2870//9071 4990//9074 4983//9073 
f 2876//9075 2877//9073 4976//9076 
f 2877//9073 4983//9073 4976//9076 
f 2875//9077 2876//9075 4975//9078 
f 2874//9079 2875//9077 4981//9080 
f 2873//9081 2874//9079 4980//9082 
f 2871//9083 2873//9081 4978//9084 
f 2872//9085 2871//9083 4977//9086 
f 4979//9085 4982//9087 2885//9088 
f 2882//9089 2885//9088 4982//9087 
f 4982//9087 4974//9089 2882//9089 
f 2880//9090 2882//9089 4974//9089 
f 2881//9091 2880//9090 4970//9090 
f 2883//9092 2881//9091 4969//9091 
f 2884//9093 2883//9092 4971//9092 
f 2884//9093 4972//9093 4973//9094 
f 4973//9094 2878//9095 2884//9093 
f 5039//8999 2886//9096 2879//9097 
f 2879//9097 5040//9098 5039//8999 
f 2879//9097 2878//9095 5040//9098 
f 4973//9094 5040//9098 2878//9095 
f 4971//9092 4972//9093 2884//9093 
f 4969//9091 4971//9092 2883//9092 
f 4970//9090 4969//9091 2881//9091 
f 4974//9089 4970//9090 2880//9090 
f 2885//9088 2872//9085 4979//9085 
f 4977//9086 4979//9085 2872//9085 
f 4978//9084 4977//9086 2871//9083 
f 4980//9082 4978//9084 2873//9081 
f 4981//9080 4980//9082 2874//9079 
f 4975//9078 4981//9080 2875//9077 
f 4976//9076 4975//9078 2876//9075 
f 2869//9072 2868//9070 4989//9070 
f 4988//9069 4989//9070 2868//9070 
f 4987//9068 4988//9069 2867//9069 
f 4986//9067 4987//9068 2866//9068 
f 4984//9066 4986//9067 2864//9067 
f 4985//9065 4984//9066 2862//9066 
f 4991//9064 4985//9065 2861//9065 
f 2865//9063 2859//9061 4994//9061 
f 4992//9060 4994//9061 2859//9061 
f 4993//9059 4992//9060 2857//9060 
f 4995//9058 4993//9059 2855//9059 
f 4997//9056 4995//9058 2856//9058 
f 5005//9055 2860//9057 2854//9054 
f 5001//9053 5000//9054 2854//9054 
f 5002//9052 5001//9053 2848//9053 
f 5003//9051 5002//9052 2849//9052 
f 5004//9050 5003//9051 2850//9051 
f 4998//9049 5004//9050 2851//9050 
f 2853//9047 2847//9043 5006//9043 
f 2840//9044 2839//9040 5007//9045 
f 5011//9041 5007//9045 2839//9040 
f 5009//9038 5010//9042 2845//9039 
f 5008//9037 5009//9038 2844//9038 
f 5012//9036 5008//9037 2842//9037 
f 5013//9034 5012//9036 2841//9036 
f 5018//9033 2846//9035 2838//9031 
f 5016//9032 5017//9031 2838//9031 
f 5014//9030 5016//9032 2835//9029 
f 5015//9028 5014//9030 2834//9027 
f 2837//9025 2833//9023 5019//9026 
f 5020//9022 5019//9026 2833//9023 
f 5022//9021 5020//9022 2832//9022 
f 5027//9019 5022//9021 2827//9018 
f 5025//9016 5026//9020 2826//9017 
f 5023//9015 5025//9016 2830//9016 
f 2828//9014 2825//9012 5031//9012 
f 5029//9011 5031//9012 2825//9012 
f 5028//9010 5029//9011 2823//9011 
f 5030//9009 5028//9010 2821//9010 
f 5032//9005 5030//9009 2820//9009 
f 2824//9006 5035//9008 5032//9005 
f 5037//9003 5036//9007 2815//9004 
f 5038//9002 5037//9003 2816//9003 
f 5033//9001 5038//9002 2817//9002 
f 2819//8998 2886//9096 5039//8999 
o mesh27
f 2736//9099 2737//9100 5826//9100 
f 2734//9101 2736//9099 5830//9102 
f 2733//9103 2734//9101 5829//9104 
f 2735//9105 2733//9103 5828//9106 
f 2738//9107 2735//9105 5827//9108 
f 5831//9107 5832//9109 2677//9110 
f 2673//9111 2677//9110 5832//9109 
f 5832//9109 5825//9111 2673//9111 
f 2674//9112 2673//9111 5825//9111 
f 2675//9113 2674//9112 5821//9112 
f 2676//9114 2675//9113 5820//9113 
f 2671//9115 2676//9114 5822//9114 
f 2672//9116 2671//9115 5824//9117 
f 2671//9115 5823//9118 5824//9117 
f 5819//9119 2678//9119 2672//9116 
f 5818//9120 2684//9120 2685//9121 
f 2685//9121 5819//9119 5818//9120 
f 2684//9120 5818//9120 5812//9122 
f 5812//9122 2683//9123 2684//9120 
f 2681//9124 2683//9123 5811//9123 
f 2680//9125 2681//9124 5816//9124 
f 2679//9126 2680//9125 5815//9125 
f 2682//9127 2679//9126 5814//9126 
f 2682//9127 5813//9127 5817//9128 
f 5810//9129 2687//9129 2690//9130 
f 2690//9130 5817//9128 5810//9129 
f 2686//9131 2687//9129 5810//9129 
f 2688//9132 2686//9131 5807//9131 
f 2689//9133 2688//9132 5806//9132 
f 2691//9134 2689//9133 5808//9133 
f 5809//9134 5803//9135 2696//9136 
f 2695//9137 2696//9136 5803//9135 
f 5803//9135 5802//9137 2695//9137 
f 2694//9138 2695//9137 5802//9137 
f 2694//9138 5805//9138 5804//9139 
f 5804//9139 2692//9140 2694//9138 
f 5800//9141 2702//9141 2693//9142 
f 2693//9142 5801//9143 5800//9141 
f 2698//9144 2702//9141 5800//9141 
f 2699//9145 2698//9144 5798//9144 
f 2700//9146 2699//9145 5796//9145 
f 2701//9147 2700//9146 5794//9146 
f 2697//9148 2701//9147 5793//9147 
f 2703//9149 2697//9148 5795//9148 
f 2703//9149 5797//9149 5799//9150 
f 5791//9151 2707//9151 2709//9152 
f 2709//9152 5799//9150 5791//9151 
f 2706//9153 2707//9151 5791//9151 
f 2704//9154 2706//9153 5786//9153 
f 2705//9155 2704//9154 5789//9154 
f 2708//9156 2705//9155 5788//9155 
f 2710//9157 2708//9156 5787//9156 
f 5790//9157 5792//9158 2716//9159 
f 5792//9158 2715//9158 2716//9159 
f 2714//9160 2715//9158 5781//9161 
f 2715//9158 5792//9158 5781//9161 
f 2712//9162 2714//9160 5780//9163 
f 2713//9164 2712//9162 5782//9165 
f 2711//9166 2713//9164 5783//9167 
f 2711//9166 5784//9166 5785//9168 
f 5779//9169 2721//9169 2723//9170 
f 2723//9170 5785//9168 5779//9169 
f 2719//9171 2721//9169 5779//9169 
f 2717//9172 2719//9171 5777//9171 
f 2718//9173 2717//9172 5775//9172 
f 2720//9174 2718//9173 5773//9173 
f 2722//9175 2720//9174 5774//9174 
f 5776//9175 5778//9176 2728//9177 
f 2724//9178 2728//9177 5778//9176 
f 5778//9176 5769//9178 2724//9178 
f 2725//9179 2724//9178 5769//9178 
f 2726//9180 2725//9179 5765//9179 
f 2727//9181 2726//9180 5766//9180 
f 2729//9182 2727//9181 5767//9181 
f 2730//9183 2729//9182 5768//9182 
f 2731//9184 2730//9183 5770//9183 
f 2731//9184 5771//9184 5772//9185 
f 5772//9185 5764//9186 2740//9187 
f 2740//9187 2732//9188 5772//9185 
f 5764//9186 2739//9189 2740//9187 
f 2737//9100 2739//9189 5763//9190 
f 2739//9189 5764//9186 5763//9190 
f 5763//9190 5826//9100 2737//9100 
f 5772//9185 2732//9188 2731//9184 
f 5770//9183 5771//9184 2731//9184 
f 5768//9182 5770//9183 2730//9183 
f 5767//9181 5768//9182 2729//9182 
f 5766//9180 5767//9181 2727//9181 
f 5765//9179 5766//9180 2726//9180 
f 5769//9178 5765//9179 2725//9179 
f 2728//9177 2722//9175 5776//9175 
f 5774//9174 5776//9175 2722//9175 
f 5773//9173 5774//9174 2720//9174 
f 5775//9172 5773//9173 2718//9173 
f 5777//9171 5775//9172 2717//9172 
f 5779//9169 5777//9171 2719//9171 
f 5785//9168 2723//9170 2711//9166 
f 5783//9167 5784//9166 2711//9166 
f 5782//9165 5783//9167 2713//9164 
f 5780//9163 5782//9165 2712//9162 
f 5781//9161 5780//9163 2714//9160 
f 2716//9159 2710//9157 5790//9157 
f 5787//9156 5790//9157 2710//9157 
f 5788//9155 5787//9156 2708//9156 
f 5789//9154 5788//9155 2705//9155 
f 5786//9153 5789//9154 2704//9154 
f 5791//9151 5786//9153 2706//9153 
f 5799//9150 2709//9152 2703//9149 
f 5795//9148 5797//9149 2703//9149 
f 5793//9147 5795//9148 2697//9148 
f 5794//9146 5793//9147 2701//9147 
f 5796//9145 5794//9146 2700//9146 
f 5798//9144 5796//9145 2699//9145 
f 5800//9141 5798//9144 2698//9144 
f 2693//9142 2692//9140 5801//9143 
f 5804//9139 5801//9143 2692//9140 
f 5802//9137 5805//9138 2694//9138 
f 2696//9136 2691//9134 5809//9134 
f 5808//9133 5809//9134 2691//9134 
f 5806//9132 5808//9133 2689//9133 
f 5807//9131 5806//9132 2688//9132 
f 5810//9129 5807//9131 2686//9131 
f 5817//9128 2690//9130 2682//9127 
f 5814//9126 5813//9127 2682//9127 
f 5815//9125 5814//9126 2679//9126 
f 5816//9124 5815//9125 2680//9125 
f 5811//9123 5816//9124 2681//9124 
f 5812//9122 5811//9123 2683//9123 
f 2685//9121 2678//9119 5819//9119 
f 5824//9117 5819//9119 2672//9116 
f 5822//9114 5823//9118 2671//9115 
f 5820//9113 5822//9114 2676//9114 
f 5821//9112 5820//9113 2675//9113 
f 5825//9111 5821//9112 2674//9112 
f 2677//9110 2738//9107 5831//9107 
f 5827//9108 5831//9107 2738//9107 
f 5828//9106 5827//9108 2735//9105 
f 5829//9104 5828//9106 2733//9103 
f 5830//9102 5829//9104 2734//9101 
f 5826//9100 5830//9102 2736//9099 
o mesh28
f 2805//9191 2809//9192 5391//9192 
f 2806//9193 2805//9191 5393//9194 
f 2806//9193 5394//9193 5398//9195 
f 5388//9196 2742//9196 2741//9197 
f 2741//9197 5398//9195 5388//9196 
f 5386//9198 2746//9198 2747//9199 
f 2747//9199 5388//9196 5386//9198 
f 2745//9200 2746//9198 5386//9198 
f 2748//9201 2745//9200 5384//9200 
f 2743//9202 2748//9201 5383//9201 
f 5387//9203 2749//9203 2744//9204 
f 2744//9204 5385//9205 5387//9203 
f 5387//9203 5389//9206 2758//9207 
f 2757//9208 2758//9207 5389//9206 
f 5389//9206 5375//9208 2757//9208 
f 2756//9209 2757//9208 5375//9208 
f 2755//9210 2756//9209 5374//9209 
f 2751//9211 2755//9210 5381//9210 
f 2752//9212 2751//9211 5380//9211 
f 2753//9213 2752//9212 5379//9212 
f 2754//9214 2753//9213 5377//9213 
f 2750//9215 2754//9214 5376//9214 
f 2750//9215 5378//9215 5382//9216 
f 5372//9217 2760//9217 2759//9218 
f 2759//9218 5382//9216 5372//9217 
f 5372//9217 5370//9219 2766//9220 
f 5370//9219 2765//9219 2766//9220 
f 2764//9221 2765//9219 5370//9219 
f 2763//9222 2764//9221 5368//9221 
f 2761//9223 2763//9222 5366//9222 
f 5367//9223 5369//9224 2762//9225 
f 5369//9224 2767//9224 2762//9225 
f 5369//9224 5371//9226 2777//9227 
f 5371//9226 2776//9226 2777//9227 
f 2775//9228 2776//9226 5373//9229 
f 2776//9226 5371//9226 5373//9229 
f 2774//9230 2775//9228 5357//9231 
f 2773//9232 2774//9230 5364//9233 
f 2770//9234 2773//9232 5363//9235 
f 2771//9236 2770//9234 5362//9237 
f 2772//9238 2771//9236 5359//9239 
f 2768//9240 2772//9238 5358//9241 
f 2769//9242 2768//9240 5360//9243 
f 2769//9242 5361//9242 5365//9244 
f 5355//9245 2779//9245 2778//9246 
f 2778//9246 5365//9244 5355//9245 
f 5353//9247 2783//9247 2784//9248 
f 2784//9248 5355//9245 5353//9247 
f 2782//9249 2783//9247 5353//9247 
f 2785//9250 2782//9249 5351//9249 
f 2780//9251 2785//9250 5350//9250 
f 5354//9252 2786//9252 2781//9253 
f 2781//9253 5352//9254 5354//9252 
f 5354//9252 5356//9255 2795//9256 
f 2794//9257 2795//9256 5356//9255 
f 5356//9255 5342//9257 2794//9257 
f 2793//9258 2794//9257 5342//9257 
f 2792//9259 2793//9258 5341//9258 
f 2788//9260 2792//9259 5348//9259 
f 2789//9261 2788//9260 5347//9260 
f 2790//9262 2789//9261 5346//9261 
f 2791//9263 2790//9262 5344//9262 
f 2787//9264 2791//9263 5343//9263 
f 2787//9264 5345//9264 5349//9265 
f 5339//9266 2797//9266 2796//9267 
f 2796//9267 5349//9265 5339//9266 
f 5339//9266 5337//9268 2803//9269 
f 5337//9268 2802//9268 2803//9269 
f 2801//9270 2802//9268 5337//9268 
f 2800//9271 2801//9270 5335//9270 
f 2798//9272 2800//9271 5333//9271 
f 5334//9272 5336//9273 2799//9274 
f 5336//9273 2804//9273 2799//9274 
f 5336//9273 5338//9275 2814//9276 
f 5338//9275 2813//9275 2814//9276 
f 2812//9277 2813//9275 5340//9278 
f 2813//9275 5338//9275 5340//9278 
f 2811//9279 2812//9277 5390//9280 
f 2810//9281 2811//9279 5397//9282 
f 2807//9283 2810//9281 5396//9284 
f 2808//9285 2807//9283 5395//9286 
f 2809//9192 2808//9285 5392//9285 
f 5392//9285 5391//9192 2809//9192 
f 5395//9286 5392//9285 2808//9285 
f 5396//9284 5395//9286 2807//9283 
f 5397//9282 5396//9284 2810//9281 
f 5390//9280 5397//9282 2811//9279 
f 5340//9278 5390//9280 2812//9277 
f 2814//9276 2804//9273 5336//9273 
f 2799//9274 2798//9272 5334//9272 
f 5333//9271 5334//9272 2798//9272 
f 5335//9270 5333//9271 2800//9271 
f 5337//9268 5335//9270 2801//9270 
f 2803//9269 2797//9266 5339//9266 
f 5349//9265 2796//9267 2787//9264 
f 5343//9263 5345//9264 2787//9264 
f 5344//9262 5343//9263 2791//9263 
f 5346//9261 5344//9262 2790//9262 
f 5347//9260 5346//9261 2789//9261 
f 5348//9259 5347//9260 2788//9260 
f 5341//9258 5348//9259 2792//9259 
f 5342//9257 5341//9258 2793//9258 
f 2795//9256 2786//9252 5354//9252 
f 2781//9253 2780//9251 5352//9254 
f 5350//9250 5352//9254 2780//9251 
f 5351//9249 5350//9250 2785//9250 
f 5353//9247 5351//9249 2782//9249 
f 2784//9248 2779//9245 5355//9245 
f 5365//9244 2778//9246 2769//9242 
f 5360//9243 5361//9242 2769//9242 
f 5358//9241 5360//9243 2768//9240 
f 5359//9239 5358//9241 2772//9238 
f 5362//9237 5359//9239 2771//9236 
f 5363//9235 5362//9237 2770//9234 
f 5364//9233 5363//9235 2773//9232 
f 5357//9231 5364//9233 2774//9230 
f 5373//9229 5357//9231 2775//9228 
f 2777//9227 2767//9224 5369//9224 
f 2762//9225 2761//9223 5367//9223 
f 5366//9222 5367//9223 2761//9223 
f 5368//9221 5366//9222 2763//9222 
f 5370//9219 5368//9221 2764//9221 
f 2766//9220 2760//9217 5372//9217 
f 5382//9216 2759//9218 2750//9215 
f 5376//9214 5378//9215 2750//9215 
f 5377//9213 5376//9214 2754//9214 
f 5379//9212 5377//9213 2753//9213 
f 5380//9211 5379//9212 2752//9212 
f 5381//9210 5380//9211 2751//9211 
f 5374//9209 5381//9210 2755//9210 
f 5375//9208 5374//9209 2756//9209 
f 2758//9207 2749//9203 5387//9203 
f 2744//9204 2743//9202 5385//9205 
f 5383//9201 5385//9205 2743//9202 
f 5384//9200 5383//9201 2748//9201 
f 5386//9198 5384//9200 2745//9200 
f 2747//9199 2742//9196 5388//9196 
f 5398//9195 2741//9197 2806//9193 
f 5393//9194 5394//9193 2806//9193 
f 5391//9192 5393//9194 2805//9191 
